[ 2026-08-05 23:46:24,894] 2006 langsmith.evaluation._runner - ERROR - Error running target function: name 'RAGSearch' is not defined
Traceback (most recent call last):
  File "c:\Users\apaks\projects\YT-RAG\.venv\Lib\site-packages\langsmith\evaluation\_runner.py", line 1999, in _forward
    fn(*args, langsmith_extra=langsmith_extra)
    ~~^^^^^^^^^^^^^^^^^^^^^^^^^^^^^^^^^^^^^^^^
  File "c:\Users\apaks\projects\YT-RAG\.venv\Lib\site-packages\langsmith\run_helpers.py", line 777, in wrapper
    function_result = run_container["context"].run(
        func, *args, **kwargs
    )
  File "C:\Users\apaks\AppData\Local\Temp\ipykernel_11624\1623633248.py", line 2, in target
    return run_rag_pipeline(url = url, query=inputs['question'])
  File "c:\Users\apaks\projects\YT-RAG\.venv\Lib\site-packages\langsmith\run_helpers.py", line 777, in wrapper
    function_result = run_container["context"].run(
        func, *args, **kwargs
    )
  File "C:\Users\apaks\AppData\Local\Temp\ipykernel_11624\2201645439.py", line 6, in run_rag_pipeline
    rag = RAGSearch(url = url)
          ^^^^^^^^^
NameError: name 'RAGSearch' is not defined
[ 2026-08-05 23:46:24,997] 1735 langsmith.evaluation._runner - ERROR - Error running evaluator <DynamicRunEvaluator correctness> on run 019fd41b-44ec-7d53-8c67-a51b55fe716a: KeyError('answer')
Traceback (most recent call last):
  File "c:\Users\apaks\projects\YT-RAG\.venv\Lib\site-packages\langsmith\evaluation\_runner.py", line 1689, in _run_evaluators
    evaluator_response = evaluator.evaluate_run(  # type: ignore[call-arg]
        run=run,
        example=example,
        evaluator_run_id=evaluator_run_id,
    )
  File "c:\Users\apaks\projects\YT-RAG\.venv\Lib\site-packages\langsmith\evaluation\evaluator.py", line 370, in evaluate_run
    result = self.func(
        run,
        example,
        langsmith_extra={"run_id": evaluator_run_id, "metadata": metadata},
    )
  File "c:\Users\apaks\projects\YT-RAG\.venv\Lib\site-packages\langsmith\run_helpers.py", line 777, in wrapper
    function_result = run_container["context"].run(
        func, *args, **kwargs
    )
  File "c:\Users\apaks\projects\YT-RAG\.venv\Lib\site-packages\langsmith\evaluation\evaluator.py", line 791, in wrapper
    return func(*args, **kwargs)
  File "C:\Users\apaks\AppData\Local\Temp\ipykernel_11624\3911043984.py", line 12, in correctness
    STUDENT ANSWER: {outputs['answer']}
                     ~~~~~~~^^^^^^^^^^
KeyError: 'answer'
[ 2026-08-05 23:46:25,005] 1735 langsmith.evaluation._runner - ERROR - Error running evaluator <DynamicRunEvaluator groundedness> on run 019fd41b-44ec-7d53-8c67-a51b55fe716a: KeyError('relevant_chunks')
Traceback (most recent call last):
  File "c:\Users\apaks\projects\YT-RAG\.venv\Lib\site-packages\langsmith\evaluation\_runner.py", line 1689, in _run_evaluators
    evaluator_response = evaluator.evaluate_run(  # type: ignore[call-arg]
        run=run,
        example=example,
        evaluator_run_id=evaluator_run_id,
    )
  File "c:\Users\apaks\projects\YT-RAG\.venv\Lib\site-packages\langsmith\evaluation\evaluator.py", line 370, in evaluate_run
    result = self.func(
        run,
        example,
        langsmith_extra={"run_id": evaluator_run_id, "metadata": metadata},
    )
  File "c:\Users\apaks\projects\YT-RAG\.venv\Lib\site-packages\langsmith\run_helpers.py", line 777, in wrapper
    function_result = run_container["context"].run(
        func, *args, **kwargs
    )
  File "c:\Users\apaks\projects\YT-RAG\.venv\Lib\site-packages\langsmith\evaluation\evaluator.py", line 791, in wrapper
    return func(*args, **kwargs)
  File "C:\Users\apaks\AppData\Local\Temp\ipykernel_11624\1790596764.py", line 6, in groundedness
    retrived_text = "\n\n".join(outputs['relevant_chunks'])
                                ~~~~~~~^^^^^^^^^^^^^^^^^^^
KeyError: 'relevant_chunks'
[ 2026-08-05 23:46:25,012] 1735 langsmith.evaluation._runner - ERROR - Error running evaluator <DynamicRunEvaluator relevance> on run 019fd41b-44ec-7d53-8c67-a51b55fe716a: KeyError('answer')
Traceback (most recent call last):
  File "c:\Users\apaks\projects\YT-RAG\.venv\Lib\site-packages\langsmith\evaluation\_runner.py", line 1689, in _run_evaluators
    evaluator_response = evaluator.evaluate_run(  # type: ignore[call-arg]
        run=run,
        example=example,
        evaluator_run_id=evaluator_run_id,
    )
  File "c:\Users\apaks\projects\YT-RAG\.venv\Lib\site-packages\langsmith\evaluation\evaluator.py", line 370, in evaluate_run
    result = self.func(
        run,
        example,
        langsmith_extra={"run_id": evaluator_run_id, "metadata": metadata},
    )
  File "c:\Users\apaks\projects\YT-RAG\.venv\Lib\site-packages\langsmith\run_helpers.py", line 777, in wrapper
    function_result = run_container["context"].run(
        func, *args, **kwargs
    )
  File "c:\Users\apaks\projects\YT-RAG\.venv\Lib\site-packages\langsmith\evaluation\evaluator.py", line 791, in wrapper
    return func(*args, **kwargs)
  File "C:\Users\apaks\AppData\Local\Temp\ipykernel_11624\3932983222.py", line 9, in relevance
    STUDENT ANSWER: {outputs['answer']}
                     ~~~~~~~^^^^^^^^^^
KeyError: 'answer'
[ 2026-08-05 23:46:25,021] 1735 langsmith.evaluation._runner - ERROR - Error running evaluator <DynamicRunEvaluator retrieval_relevance> on run 019fd41b-44ec-7d53-8c67-a51b55fe716a: KeyError('relevant_chunks')
Traceback (most recent call last):
  File "c:\Users\apaks\projects\YT-RAG\.venv\Lib\site-packages\langsmith\evaluation\_runner.py", line 1689, in _run_evaluators
    evaluator_response = evaluator.evaluate_run(  # type: ignore[call-arg]
        run=run,
        example=example,
        evaluator_run_id=evaluator_run_id,
    )
  File "c:\Users\apaks\projects\YT-RAG\.venv\Lib\site-packages\langsmith\evaluation\evaluator.py", line 370, in evaluate_run
    result = self.func(
        run,
        example,
        langsmith_extra={"run_id": evaluator_run_id, "metadata": metadata},
    )
  File "c:\Users\apaks\projects\YT-RAG\.venv\Lib\site-packages\langsmith\run_helpers.py", line 777, in wrapper
    function_result = run_container["context"].run(
        func, *args, **kwargs
    )
  File "c:\Users\apaks\projects\YT-RAG\.venv\Lib\site-packages\langsmith\evaluation\evaluator.py", line 791, in wrapper
    return func(*args, **kwargs)
  File "C:\Users\apaks\AppData\Local\Temp\ipykernel_11624\2322913565.py", line 5, in retrieval_relevance
    retrived_text = "\n\n".join(outputs['relevant_chunks'])
                                ~~~~~~~^^^^^^^^^^^^^^^^^^^
KeyError: 'relevant_chunks'
[ 2026-08-05 23:46:25,032] 1735 langsmith.evaluation._runner - ERROR - Error running evaluator <DynamicRunEvaluator timestamp_error> on run 019fd41b-44ec-7d53-8c67-a51b55fe716a: TypeError("unsupported operand type(s) for -: 'RunTree' and 'Example'")
Traceback (most recent call last):
  File "c:\Users\apaks\projects\YT-RAG\.venv\Lib\site-packages\langsmith\evaluation\_runner.py", line 1689, in _run_evaluators
    evaluator_response = evaluator.evaluate_run(  # type: ignore[call-arg]
        run=run,
        example=example,
        evaluator_run_id=evaluator_run_id,
    )
  File "c:\Users\apaks\projects\YT-RAG\.venv\Lib\site-packages\langsmith\evaluation\evaluator.py", line 370, in evaluate_run
    result = self.func(
        run,
        example,
        langsmith_extra={"run_id": evaluator_run_id, "metadata": metadata},
    )
  File "c:\Users\apaks\projects\YT-RAG\.venv\Lib\site-packages\langsmith\run_helpers.py", line 777, in wrapper
    function_result = run_container["context"].run(
        func, *args, **kwargs
    )
  File "C:\Users\apaks\AppData\Local\Temp\ipykernel_11624\4279707790.py", line 2, in timestamp_error
    return abs(correct_ts - doc_ts)
               ~~~~~~~~~~~^~~~~~~~
TypeError: unsupported operand type(s) for -: 'RunTree' and 'Example'
[ 2026-08-05 23:46:25,047] 2006 langsmith.evaluation._runner - ERROR - Error running target function: name 'RAGSearch' is not defined
Traceback (most recent call last):
  File "c:\Users\apaks\projects\YT-RAG\.venv\Lib\site-packages\langsmith\evaluation\_runner.py", line 1999, in _forward
    fn(*args, langsmith_extra=langsmith_extra)
    ~~^^^^^^^^^^^^^^^^^^^^^^^^^^^^^^^^^^^^^^^^
  File "c:\Users\apaks\projects\YT-RAG\.venv\Lib\site-packages\langsmith\run_helpers.py", line 777, in wrapper
    function_result = run_container["context"].run(
        func, *args, **kwargs
    )
  File "C:\Users\apaks\AppData\Local\Temp\ipykernel_11624\1623633248.py", line 2, in target
    return run_rag_pipeline(url = url, query=inputs['question'])
  File "c:\Users\apaks\projects\YT-RAG\.venv\Lib\site-packages\langsmith\run_helpers.py", line 777, in wrapper
    function_result = run_container["context"].run(
        func, *args, **kwargs
    )
  File "C:\Users\apaks\AppData\Local\Temp\ipykernel_11624\2201645439.py", line 6, in run_rag_pipeline
    rag = RAGSearch(url = url)
          ^^^^^^^^^
NameError: name 'RAGSearch' is not defined
[ 2026-08-05 23:46:25,056] 1735 langsmith.evaluation._runner - ERROR - Error running evaluator <DynamicRunEvaluator correctness> on run 019fd41b-460f-7523-9fa3-0c7a0e2c5209: KeyError('answer')
Traceback (most recent call last):
  File "c:\Users\apaks\projects\YT-RAG\.venv\Lib\site-packages\langsmith\evaluation\_runner.py", line 1689, in _run_evaluators
    evaluator_response = evaluator.evaluate_run(  # type: ignore[call-arg]
        run=run,
        example=example,
        evaluator_run_id=evaluator_run_id,
    )
  File "c:\Users\apaks\projects\YT-RAG\.venv\Lib\site-packages\langsmith\evaluation\evaluator.py", line 370, in evaluate_run
    result = self.func(
        run,
        example,
        langsmith_extra={"run_id": evaluator_run_id, "metadata": metadata},
    )
  File "c:\Users\apaks\projects\YT-RAG\.venv\Lib\site-packages\langsmith\run_helpers.py", line 777, in wrapper
    function_result = run_container["context"].run(
        func, *args, **kwargs
    )
  File "c:\Users\apaks\projects\YT-RAG\.venv\Lib\site-packages\langsmith\evaluation\evaluator.py", line 791, in wrapper
    return func(*args, **kwargs)
  File "C:\Users\apaks\AppData\Local\Temp\ipykernel_11624\3911043984.py", line 12, in correctness
    STUDENT ANSWER: {outputs['answer']}
                     ~~~~~~~^^^^^^^^^^
KeyError: 'answer'
[ 2026-08-05 23:46:25,061] 1735 langsmith.evaluation._runner - ERROR - Error running evaluator <DynamicRunEvaluator groundedness> on run 019fd41b-460f-7523-9fa3-0c7a0e2c5209: KeyError('relevant_chunks')
Traceback (most recent call last):
  File "c:\Users\apaks\projects\YT-RAG\.venv\Lib\site-packages\langsmith\evaluation\_runner.py", line 1689, in _run_evaluators
    evaluator_response = evaluator.evaluate_run(  # type: ignore[call-arg]
        run=run,
        example=example,
        evaluator_run_id=evaluator_run_id,
    )
  File "c:\Users\apaks\projects\YT-RAG\.venv\Lib\site-packages\langsmith\evaluation\evaluator.py", line 370, in evaluate_run
    result = self.func(
        run,
        example,
        langsmith_extra={"run_id": evaluator_run_id, "metadata": metadata},
    )
  File "c:\Users\apaks\projects\YT-RAG\.venv\Lib\site-packages\langsmith\run_helpers.py", line 777, in wrapper
    function_result = run_container["context"].run(
        func, *args, **kwargs
    )
  File "c:\Users\apaks\projects\YT-RAG\.venv\Lib\site-packages\langsmith\evaluation\evaluator.py", line 791, in wrapper
    return func(*args, **kwargs)
  File "C:\Users\apaks\AppData\Local\Temp\ipykernel_11624\1790596764.py", line 6, in groundedness
    retrived_text = "\n\n".join(outputs['relevant_chunks'])
                                ~~~~~~~^^^^^^^^^^^^^^^^^^^
KeyError: 'relevant_chunks'
[ 2026-08-05 23:46:25,067] 1735 langsmith.evaluation._runner - ERROR - Error running evaluator <DynamicRunEvaluator relevance> on run 019fd41b-460f-7523-9fa3-0c7a0e2c5209: KeyError('answer')
Traceback (most recent call last):
  File "c:\Users\apaks\projects\YT-RAG\.venv\Lib\site-packages\langsmith\evaluation\_runner.py", line 1689, in _run_evaluators
    evaluator_response = evaluator.evaluate_run(  # type: ignore[call-arg]
        run=run,
        example=example,
        evaluator_run_id=evaluator_run_id,
    )
  File "c:\Users\apaks\projects\YT-RAG\.venv\Lib\site-packages\langsmith\evaluation\evaluator.py", line 370, in evaluate_run
    result = self.func(
        run,
        example,
        langsmith_extra={"run_id": evaluator_run_id, "metadata": metadata},
    )
  File "c:\Users\apaks\projects\YT-RAG\.venv\Lib\site-packages\langsmith\run_helpers.py", line 777, in wrapper
    function_result = run_container["context"].run(
        func, *args, **kwargs
    )
  File "c:\Users\apaks\projects\YT-RAG\.venv\Lib\site-packages\langsmith\evaluation\evaluator.py", line 791, in wrapper
    return func(*args, **kwargs)
  File "C:\Users\apaks\AppData\Local\Temp\ipykernel_11624\3932983222.py", line 9, in relevance
    STUDENT ANSWER: {outputs['answer']}
                     ~~~~~~~^^^^^^^^^^
KeyError: 'answer'
[ 2026-08-05 23:46:25,073] 1735 langsmith.evaluation._runner - ERROR - Error running evaluator <DynamicRunEvaluator retrieval_relevance> on run 019fd41b-460f-7523-9fa3-0c7a0e2c5209: KeyError('relevant_chunks')
Traceback (most recent call last):
  File "c:\Users\apaks\projects\YT-RAG\.venv\Lib\site-packages\langsmith\evaluation\_runner.py", line 1689, in _run_evaluators
    evaluator_response = evaluator.evaluate_run(  # type: ignore[call-arg]
        run=run,
        example=example,
        evaluator_run_id=evaluator_run_id,
    )
  File "c:\Users\apaks\projects\YT-RAG\.venv\Lib\site-packages\langsmith\evaluation\evaluator.py", line 370, in evaluate_run
    result = self.func(
        run,
        example,
        langsmith_extra={"run_id": evaluator_run_id, "metadata": metadata},
    )
  File "c:\Users\apaks\projects\YT-RAG\.venv\Lib\site-packages\langsmith\run_helpers.py", line 777, in wrapper
    function_result = run_container["context"].run(
        func, *args, **kwargs
    )
  File "c:\Users\apaks\projects\YT-RAG\.venv\Lib\site-packages\langsmith\evaluation\evaluator.py", line 791, in wrapper
    return func(*args, **kwargs)
  File "C:\Users\apaks\AppData\Local\Temp\ipykernel_11624\2322913565.py", line 5, in retrieval_relevance
    retrived_text = "\n\n".join(outputs['relevant_chunks'])
                                ~~~~~~~^^^^^^^^^^^^^^^^^^^
KeyError: 'relevant_chunks'
[ 2026-08-05 23:46:25,077] 1735 langsmith.evaluation._runner - ERROR - Error running evaluator <DynamicRunEvaluator timestamp_error> on run 019fd41b-460f-7523-9fa3-0c7a0e2c5209: TypeError("unsupported operand type(s) for -: 'RunTree' and 'Example'")
Traceback (most recent call last):
  File "c:\Users\apaks\projects\YT-RAG\.venv\Lib\site-packages\langsmith\evaluation\_runner.py", line 1689, in _run_evaluators
    evaluator_response = evaluator.evaluate_run(  # type: ignore[call-arg]
        run=run,
        example=example,
        evaluator_run_id=evaluator_run_id,
    )
  File "c:\Users\apaks\projects\YT-RAG\.venv\Lib\site-packages\langsmith\evaluation\evaluator.py", line 370, in evaluate_run
    result = self.func(
        run,
        example,
        langsmith_extra={"run_id": evaluator_run_id, "metadata": metadata},
    )
  File "c:\Users\apaks\projects\YT-RAG\.venv\Lib\site-packages\langsmith\run_helpers.py", line 777, in wrapper
    function_result = run_container["context"].run(
        func, *args, **kwargs
    )
  File "C:\Users\apaks\AppData\Local\Temp\ipykernel_11624\4279707790.py", line 2, in timestamp_error
    return abs(correct_ts - doc_ts)
               ~~~~~~~~~~~^~~~~~~~
TypeError: unsupported operand type(s) for -: 'RunTree' and 'Example'
[ 2026-08-05 23:46:25,090] 2006 langsmith.evaluation._runner - ERROR - Error running target function: name 'RAGSearch' is not defined
Traceback (most recent call last):
  File "c:\Users\apaks\projects\YT-RAG\.venv\Lib\site-packages\langsmith\evaluation\_runner.py", line 1999, in _forward
    fn(*args, langsmith_extra=langsmith_extra)
    ~~^^^^^^^^^^^^^^^^^^^^^^^^^^^^^^^^^^^^^^^^
  File "c:\Users\apaks\projects\YT-RAG\.venv\Lib\site-packages\langsmith\run_helpers.py", line 777, in wrapper
    function_result = run_container["context"].run(
        func, *args, **kwargs
    )
  File "C:\Users\apaks\AppData\Local\Temp\ipykernel_11624\1623633248.py", line 2, in target
    return run_rag_pipeline(url = url, query=inputs['question'])
  File "c:\Users\apaks\projects\YT-RAG\.venv\Lib\site-packages\langsmith\run_helpers.py", line 777, in wrapper
    function_result = run_container["context"].run(
        func, *args, **kwargs
    )
  File "C:\Users\apaks\AppData\Local\Temp\ipykernel_11624\2201645439.py", line 6, in run_rag_pipeline
    rag = RAGSearch(url = url)
          ^^^^^^^^^
NameError: name 'RAGSearch' is not defined
[ 2026-08-05 23:46:25,103] 1735 langsmith.evaluation._runner - ERROR - Error running evaluator <DynamicRunEvaluator correctness> on run 019fd41b-4637-76d2-af01-46e15cf9250d: KeyError('answer')
Traceback (most recent call last):
  File "c:\Users\apaks\projects\YT-RAG\.venv\Lib\site-packages\langsmith\evaluation\_runner.py", line 1689, in _run_evaluators
    evaluator_response = evaluator.evaluate_run(  # type: ignore[call-arg]
        run=run,
        example=example,
        evaluator_run_id=evaluator_run_id,
    )
  File "c:\Users\apaks\projects\YT-RAG\.venv\Lib\site-packages\langsmith\evaluation\evaluator.py", line 370, in evaluate_run
    result = self.func(
        run,
        example,
        langsmith_extra={"run_id": evaluator_run_id, "metadata": metadata},
    )
  File "c:\Users\apaks\projects\YT-RAG\.venv\Lib\site-packages\langsmith\run_helpers.py", line 777, in wrapper
    function_result = run_container["context"].run(
        func, *args, **kwargs
    )
  File "c:\Users\apaks\projects\YT-RAG\.venv\Lib\site-packages\langsmith\evaluation\evaluator.py", line 791, in wrapper
    return func(*args, **kwargs)
  File "C:\Users\apaks\AppData\Local\Temp\ipykernel_11624\3911043984.py", line 12, in correctness
    STUDENT ANSWER: {outputs['answer']}
                     ~~~~~~~^^^^^^^^^^
KeyError: 'answer'
[ 2026-08-05 23:46:25,108] 1735 langsmith.evaluation._runner - ERROR - Error running evaluator <DynamicRunEvaluator groundedness> on run 019fd41b-4637-76d2-af01-46e15cf9250d: KeyError('relevant_chunks')
Traceback (most recent call last):
  File "c:\Users\apaks\projects\YT-RAG\.venv\Lib\site-packages\langsmith\evaluation\_runner.py", line 1689, in _run_evaluators
    evaluator_response = evaluator.evaluate_run(  # type: ignore[call-arg]
        run=run,
        example=example,
        evaluator_run_id=evaluator_run_id,
    )
  File "c:\Users\apaks\projects\YT-RAG\.venv\Lib\site-packages\langsmith\evaluation\evaluator.py", line 370, in evaluate_run
    result = self.func(
        run,
        example,
        langsmith_extra={"run_id": evaluator_run_id, "metadata": metadata},
    )
  File "c:\Users\apaks\projects\YT-RAG\.venv\Lib\site-packages\langsmith\run_helpers.py", line 777, in wrapper
    function_result = run_container["context"].run(
        func, *args, **kwargs
    )
  File "c:\Users\apaks\projects\YT-RAG\.venv\Lib\site-packages\langsmith\evaluation\evaluator.py", line 791, in wrapper
    return func(*args, **kwargs)
  File "C:\Users\apaks\AppData\Local\Temp\ipykernel_11624\1790596764.py", line 6, in groundedness
    retrived_text = "\n\n".join(outputs['relevant_chunks'])
                                ~~~~~~~^^^^^^^^^^^^^^^^^^^
KeyError: 'relevant_chunks'
[ 2026-08-05 23:46:25,112] 1735 langsmith.evaluation._runner - ERROR - Error running evaluator <DynamicRunEvaluator relevance> on run 019fd41b-4637-76d2-af01-46e15cf9250d: KeyError('answer')
Traceback (most recent call last):
  File "c:\Users\apaks\projects\YT-RAG\.venv\Lib\site-packages\langsmith\evaluation\_runner.py", line 1689, in _run_evaluators
    evaluator_response = evaluator.evaluate_run(  # type: ignore[call-arg]
        run=run,
        example=example,
        evaluator_run_id=evaluator_run_id,
    )
  File "c:\Users\apaks\projects\YT-RAG\.venv\Lib\site-packages\langsmith\evaluation\evaluator.py", line 370, in evaluate_run
    result = self.func(
        run,
        example,
        langsmith_extra={"run_id": evaluator_run_id, "metadata": metadata},
    )
  File "c:\Users\apaks\projects\YT-RAG\.venv\Lib\site-packages\langsmith\run_helpers.py", line 777, in wrapper
    function_result = run_container["context"].run(
        func, *args, **kwargs
    )
  File "c:\Users\apaks\projects\YT-RAG\.venv\Lib\site-packages\langsmith\evaluation\evaluator.py", line 791, in wrapper
    return func(*args, **kwargs)
  File "C:\Users\apaks\AppData\Local\Temp\ipykernel_11624\3932983222.py", line 9, in relevance
    STUDENT ANSWER: {outputs['answer']}
                     ~~~~~~~^^^^^^^^^^
KeyError: 'answer'
[ 2026-08-05 23:46:25,118] 1735 langsmith.evaluation._runner - ERROR - Error running evaluator <DynamicRunEvaluator retrieval_relevance> on run 019fd41b-4637-76d2-af01-46e15cf9250d: KeyError('relevant_chunks')
Traceback (most recent call last):
  File "c:\Users\apaks\projects\YT-RAG\.venv\Lib\site-packages\langsmith\evaluation\_runner.py", line 1689, in _run_evaluators
    evaluator_response = evaluator.evaluate_run(  # type: ignore[call-arg]
        run=run,
        example=example,
        evaluator_run_id=evaluator_run_id,
    )
  File "c:\Users\apaks\projects\YT-RAG\.venv\Lib\site-packages\langsmith\evaluation\evaluator.py", line 370, in evaluate_run
    result = self.func(
        run,
        example,
        langsmith_extra={"run_id": evaluator_run_id, "metadata": metadata},
    )
  File "c:\Users\apaks\projects\YT-RAG\.venv\Lib\site-packages\langsmith\run_helpers.py", line 777, in wrapper
    function_result = run_container["context"].run(
        func, *args, **kwargs
    )
  File "c:\Users\apaks\projects\YT-RAG\.venv\Lib\site-packages\langsmith\evaluation\evaluator.py", line 791, in wrapper
    return func(*args, **kwargs)
  File "C:\Users\apaks\AppData\Local\Temp\ipykernel_11624\2322913565.py", line 5, in retrieval_relevance
    retrived_text = "\n\n".join(outputs['relevant_chunks'])
                                ~~~~~~~^^^^^^^^^^^^^^^^^^^
KeyError: 'relevant_chunks'
[ 2026-08-05 23:46:25,125] 1735 langsmith.evaluation._runner - ERROR - Error running evaluator <DynamicRunEvaluator timestamp_error> on run 019fd41b-4637-76d2-af01-46e15cf9250d: TypeError("unsupported operand type(s) for -: 'RunTree' and 'Example'")
Traceback (most recent call last):
  File "c:\Users\apaks\projects\YT-RAG\.venv\Lib\site-packages\langsmith\evaluation\_runner.py", line 1689, in _run_evaluators
    evaluator_response = evaluator.evaluate_run(  # type: ignore[call-arg]
        run=run,
        example=example,
        evaluator_run_id=evaluator_run_id,
    )
  File "c:\Users\apaks\projects\YT-RAG\.venv\Lib\site-packages\langsmith\evaluation\evaluator.py", line 370, in evaluate_run
    result = self.func(
        run,
        example,
        langsmith_extra={"run_id": evaluator_run_id, "metadata": metadata},
    )
  File "c:\Users\apaks\projects\YT-RAG\.venv\Lib\site-packages\langsmith\run_helpers.py", line 777, in wrapper
    function_result = run_container["context"].run(
        func, *args, **kwargs
    )
  File "C:\Users\apaks\AppData\Local\Temp\ipykernel_11624\4279707790.py", line 2, in timestamp_error
    return abs(correct_ts - doc_ts)
               ~~~~~~~~~~~^~~~~~~~
TypeError: unsupported operand type(s) for -: 'RunTree' and 'Example'
[ 2026-08-05 23:46:25,146] 2006 langsmith.evaluation._runner - ERROR - Error running target function: name 'RAGSearch' is not defined
Traceback (most recent call last):
  File "c:\Users\apaks\projects\YT-RAG\.venv\Lib\site-packages\langsmith\evaluation\_runner.py", line 1999, in _forward
    fn(*args, langsmith_extra=langsmith_extra)
    ~~^^^^^^^^^^^^^^^^^^^^^^^^^^^^^^^^^^^^^^^^
  File "c:\Users\apaks\projects\YT-RAG\.venv\Lib\site-packages\langsmith\run_helpers.py", line 777, in wrapper
    function_result = run_container["context"].run(
        func, *args, **kwargs
    )
  File "C:\Users\apaks\AppData\Local\Temp\ipykernel_11624\1623633248.py", line 2, in target
    return run_rag_pipeline(url = url, query=inputs['question'])
  File "c:\Users\apaks\projects\YT-RAG\.venv\Lib\site-packages\langsmith\run_helpers.py", line 777, in wrapper
    function_result = run_container["context"].run(
        func, *args, **kwargs
    )
  File "C:\Users\apaks\AppData\Local\Temp\ipykernel_11624\2201645439.py", line 6, in run_rag_pipeline
    rag = RAGSearch(url = url)
          ^^^^^^^^^
NameError: name 'RAGSearch' is not defined
[ 2026-08-05 23:46:25,156] 1735 langsmith.evaluation._runner - ERROR - Error running evaluator <DynamicRunEvaluator correctness> on run 019fd41b-4669-7d70-9126-4162805e646d: KeyError('answer')
Traceback (most recent call last):
  File "c:\Users\apaks\projects\YT-RAG\.venv\Lib\site-packages\langsmith\evaluation\_runner.py", line 1689, in _run_evaluators
    evaluator_response = evaluator.evaluate_run(  # type: ignore[call-arg]
        run=run,
        example=example,
        evaluator_run_id=evaluator_run_id,
    )
  File "c:\Users\apaks\projects\YT-RAG\.venv\Lib\site-packages\langsmith\evaluation\evaluator.py", line 370, in evaluate_run
    result = self.func(
        run,
        example,
        langsmith_extra={"run_id": evaluator_run_id, "metadata": metadata},
    )
  File "c:\Users\apaks\projects\YT-RAG\.venv\Lib\site-packages\langsmith\run_helpers.py", line 777, in wrapper
    function_result = run_container["context"].run(
        func, *args, **kwargs
    )
  File "c:\Users\apaks\projects\YT-RAG\.venv\Lib\site-packages\langsmith\evaluation\evaluator.py", line 791, in wrapper
    return func(*args, **kwargs)
  File "C:\Users\apaks\AppData\Local\Temp\ipykernel_11624\3911043984.py", line 12, in correctness
    STUDENT ANSWER: {outputs['answer']}
                     ~~~~~~~^^^^^^^^^^
KeyError: 'answer'
[ 2026-08-05 23:46:25,161] 1735 langsmith.evaluation._runner - ERROR - Error running evaluator <DynamicRunEvaluator groundedness> on run 019fd41b-4669-7d70-9126-4162805e646d: KeyError('relevant_chunks')
Traceback (most recent call last):
  File "c:\Users\apaks\projects\YT-RAG\.venv\Lib\site-packages\langsmith\evaluation\_runner.py", line 1689, in _run_evaluators
    evaluator_response = evaluator.evaluate_run(  # type: ignore[call-arg]
        run=run,
        example=example,
        evaluator_run_id=evaluator_run_id,
    )
  File "c:\Users\apaks\projects\YT-RAG\.venv\Lib\site-packages\langsmith\evaluation\evaluator.py", line 370, in evaluate_run
    result = self.func(
        run,
        example,
        langsmith_extra={"run_id": evaluator_run_id, "metadata": metadata},
    )
  File "c:\Users\apaks\projects\YT-RAG\.venv\Lib\site-packages\langsmith\run_helpers.py", line 777, in wrapper
    function_result = run_container["context"].run(
        func, *args, **kwargs
    )
  File "c:\Users\apaks\projects\YT-RAG\.venv\Lib\site-packages\langsmith\evaluation\evaluator.py", line 791, in wrapper
    return func(*args, **kwargs)
  File "C:\Users\apaks\AppData\Local\Temp\ipykernel_11624\1790596764.py", line 6, in groundedness
    retrived_text = "\n\n".join(outputs['relevant_chunks'])
                                ~~~~~~~^^^^^^^^^^^^^^^^^^^
KeyError: 'relevant_chunks'
[ 2026-08-05 23:46:25,165] 1735 langsmith.evaluation._runner - ERROR - Error running evaluator <DynamicRunEvaluator relevance> on run 019fd41b-4669-7d70-9126-4162805e646d: KeyError('answer')
Traceback (most recent call last):
  File "c:\Users\apaks\projects\YT-RAG\.venv\Lib\site-packages\langsmith\evaluation\_runner.py", line 1689, in _run_evaluators
    evaluator_response = evaluator.evaluate_run(  # type: ignore[call-arg]
        run=run,
        example=example,
        evaluator_run_id=evaluator_run_id,
    )
  File "c:\Users\apaks\projects\YT-RAG\.venv\Lib\site-packages\langsmith\evaluation\evaluator.py", line 370, in evaluate_run
    result = self.func(
        run,
        example,
        langsmith_extra={"run_id": evaluator_run_id, "metadata": metadata},
    )
  File "c:\Users\apaks\projects\YT-RAG\.venv\Lib\site-packages\langsmith\run_helpers.py", line 777, in wrapper
    function_result = run_container["context"].run(
        func, *args, **kwargs
    )
  File "c:\Users\apaks\projects\YT-RAG\.venv\Lib\site-packages\langsmith\evaluation\evaluator.py", line 791, in wrapper
    return func(*args, **kwargs)
  File "C:\Users\apaks\AppData\Local\Temp\ipykernel_11624\3932983222.py", line 9, in relevance
    STUDENT ANSWER: {outputs['answer']}
                     ~~~~~~~^^^^^^^^^^
KeyError: 'answer'
[ 2026-08-05 23:46:25,169] 1735 langsmith.evaluation._runner - ERROR - Error running evaluator <DynamicRunEvaluator retrieval_relevance> on run 019fd41b-4669-7d70-9126-4162805e646d: KeyError('relevant_chunks')
Traceback (most recent call last):
  File "c:\Users\apaks\projects\YT-RAG\.venv\Lib\site-packages\langsmith\evaluation\_runner.py", line 1689, in _run_evaluators
    evaluator_response = evaluator.evaluate_run(  # type: ignore[call-arg]
        run=run,
        example=example,
        evaluator_run_id=evaluator_run_id,
    )
  File "c:\Users\apaks\projects\YT-RAG\.venv\Lib\site-packages\langsmith\evaluation\evaluator.py", line 370, in evaluate_run
    result = self.func(
        run,
        example,
        langsmith_extra={"run_id": evaluator_run_id, "metadata": metadata},
    )
  File "c:\Users\apaks\projects\YT-RAG\.venv\Lib\site-packages\langsmith\run_helpers.py", line 777, in wrapper
    function_result = run_container["context"].run(
        func, *args, **kwargs
    )
  File "c:\Users\apaks\projects\YT-RAG\.venv\Lib\site-packages\langsmith\evaluation\evaluator.py", line 791, in wrapper
    return func(*args, **kwargs)
  File "C:\Users\apaks\AppData\Local\Temp\ipykernel_11624\2322913565.py", line 5, in retrieval_relevance
    retrived_text = "\n\n".join(outputs['relevant_chunks'])
                                ~~~~~~~^^^^^^^^^^^^^^^^^^^
KeyError: 'relevant_chunks'
[ 2026-08-05 23:46:25,175] 1735 langsmith.evaluation._runner - ERROR - Error running evaluator <DynamicRunEvaluator timestamp_error> on run 019fd41b-4669-7d70-9126-4162805e646d: TypeError("unsupported operand type(s) for -: 'RunTree' and 'Example'")
Traceback (most recent call last):
  File "c:\Users\apaks\projects\YT-RAG\.venv\Lib\site-packages\langsmith\evaluation\_runner.py", line 1689, in _run_evaluators
    evaluator_response = evaluator.evaluate_run(  # type: ignore[call-arg]
        run=run,
        example=example,
        evaluator_run_id=evaluator_run_id,
    )
  File "c:\Users\apaks\projects\YT-RAG\.venv\Lib\site-packages\langsmith\evaluation\evaluator.py", line 370, in evaluate_run
    result = self.func(
        run,
        example,
        langsmith_extra={"run_id": evaluator_run_id, "metadata": metadata},
    )
  File "c:\Users\apaks\projects\YT-RAG\.venv\Lib\site-packages\langsmith\run_helpers.py", line 777, in wrapper
    function_result = run_container["context"].run(
        func, *args, **kwargs
    )
  File "C:\Users\apaks\AppData\Local\Temp\ipykernel_11624\4279707790.py", line 2, in timestamp_error
    return abs(correct_ts - doc_ts)
               ~~~~~~~~~~~^~~~~~~~
TypeError: unsupported operand type(s) for -: 'RunTree' and 'Example'
[ 2026-08-05 23:46:25,188] 2006 langsmith.evaluation._runner - ERROR - Error running target function: name 'RAGSearch' is not defined
Traceback (most recent call last):
  File "c:\Users\apaks\projects\YT-RAG\.venv\Lib\site-packages\langsmith\evaluation\_runner.py", line 1999, in _forward
    fn(*args, langsmith_extra=langsmith_extra)
    ~~^^^^^^^^^^^^^^^^^^^^^^^^^^^^^^^^^^^^^^^^
  File "c:\Users\apaks\projects\YT-RAG\.venv\Lib\site-packages\langsmith\run_helpers.py", line 777, in wrapper
    function_result = run_container["context"].run(
        func, *args, **kwargs
    )
  File "C:\Users\apaks\AppData\Local\Temp\ipykernel_11624\1623633248.py", line 2, in target
    return run_rag_pipeline(url = url, query=inputs['question'])
  File "c:\Users\apaks\projects\YT-RAG\.venv\Lib\site-packages\langsmith\run_helpers.py", line 777, in wrapper
    function_result = run_container["context"].run(
        func, *args, **kwargs
    )
  File "C:\Users\apaks\AppData\Local\Temp\ipykernel_11624\2201645439.py", line 6, in run_rag_pipeline
    rag = RAGSearch(url = url)
          ^^^^^^^^^
NameError: name 'RAGSearch' is not defined
[ 2026-08-05 23:46:25,194] 1735 langsmith.evaluation._runner - ERROR - Error running evaluator <DynamicRunEvaluator correctness> on run 019fd41b-469a-75f1-843a-f856c7b4a54e: KeyError('answer')
Traceback (most recent call last):
  File "c:\Users\apaks\projects\YT-RAG\.venv\Lib\site-packages\langsmith\evaluation\_runner.py", line 1689, in _run_evaluators
    evaluator_response = evaluator.evaluate_run(  # type: ignore[call-arg]
        run=run,
        example=example,
        evaluator_run_id=evaluator_run_id,
    )
  File "c:\Users\apaks\projects\YT-RAG\.venv\Lib\site-packages\langsmith\evaluation\evaluator.py", line 370, in evaluate_run
    result = self.func(
        run,
        example,
        langsmith_extra={"run_id": evaluator_run_id, "metadata": metadata},
    )
  File "c:\Users\apaks\projects\YT-RAG\.venv\Lib\site-packages\langsmith\run_helpers.py", line 777, in wrapper
    function_result = run_container["context"].run(
        func, *args, **kwargs
    )
  File "c:\Users\apaks\projects\YT-RAG\.venv\Lib\site-packages\langsmith\evaluation\evaluator.py", line 791, in wrapper
    return func(*args, **kwargs)
  File "C:\Users\apaks\AppData\Local\Temp\ipykernel_11624\3911043984.py", line 12, in correctness
    STUDENT ANSWER: {outputs['answer']}
                     ~~~~~~~^^^^^^^^^^
KeyError: 'answer'
[ 2026-08-05 23:46:25,198] 1735 langsmith.evaluation._runner - ERROR - Error running evaluator <DynamicRunEvaluator groundedness> on run 019fd41b-469a-75f1-843a-f856c7b4a54e: KeyError('relevant_chunks')
Traceback (most recent call last):
  File "c:\Users\apaks\projects\YT-RAG\.venv\Lib\site-packages\langsmith\evaluation\_runner.py", line 1689, in _run_evaluators
    evaluator_response = evaluator.evaluate_run(  # type: ignore[call-arg]
        run=run,
        example=example,
        evaluator_run_id=evaluator_run_id,
    )
  File "c:\Users\apaks\projects\YT-RAG\.venv\Lib\site-packages\langsmith\evaluation\evaluator.py", line 370, in evaluate_run
    result = self.func(
        run,
        example,
        langsmith_extra={"run_id": evaluator_run_id, "metadata": metadata},
    )
  File "c:\Users\apaks\projects\YT-RAG\.venv\Lib\site-packages\langsmith\run_helpers.py", line 777, in wrapper
    function_result = run_container["context"].run(
        func, *args, **kwargs
    )
  File "c:\Users\apaks\projects\YT-RAG\.venv\Lib\site-packages\langsmith\evaluation\evaluator.py", line 791, in wrapper
    return func(*args, **kwargs)
  File "C:\Users\apaks\AppData\Local\Temp\ipykernel_11624\1790596764.py", line 6, in groundedness
    retrived_text = "\n\n".join(outputs['relevant_chunks'])
                                ~~~~~~~^^^^^^^^^^^^^^^^^^^
KeyError: 'relevant_chunks'
[ 2026-08-05 23:46:25,206] 1735 langsmith.evaluation._runner - ERROR - Error running evaluator <DynamicRunEvaluator relevance> on run 019fd41b-469a-75f1-843a-f856c7b4a54e: KeyError('answer')
Traceback (most recent call last):
  File "c:\Users\apaks\projects\YT-RAG\.venv\Lib\site-packages\langsmith\evaluation\_runner.py", line 1689, in _run_evaluators
    evaluator_response = evaluator.evaluate_run(  # type: ignore[call-arg]
        run=run,
        example=example,
        evaluator_run_id=evaluator_run_id,
    )
  File "c:\Users\apaks\projects\YT-RAG\.venv\Lib\site-packages\langsmith\evaluation\evaluator.py", line 370, in evaluate_run
    result = self.func(
        run,
        example,
        langsmith_extra={"run_id": evaluator_run_id, "metadata": metadata},
    )
  File "c:\Users\apaks\projects\YT-RAG\.venv\Lib\site-packages\langsmith\run_helpers.py", line 777, in wrapper
    function_result = run_container["context"].run(
        func, *args, **kwargs
    )
  File "c:\Users\apaks\projects\YT-RAG\.venv\Lib\site-packages\langsmith\evaluation\evaluator.py", line 791, in wrapper
    return func(*args, **kwargs)
  File "C:\Users\apaks\AppData\Local\Temp\ipykernel_11624\3932983222.py", line 9, in relevance
    STUDENT ANSWER: {outputs['answer']}
                     ~~~~~~~^^^^^^^^^^
KeyError: 'answer'
[ 2026-08-05 23:46:25,213] 1735 langsmith.evaluation._runner - ERROR - Error running evaluator <DynamicRunEvaluator retrieval_relevance> on run 019fd41b-469a-75f1-843a-f856c7b4a54e: KeyError('relevant_chunks')
Traceback (most recent call last):
  File "c:\Users\apaks\projects\YT-RAG\.venv\Lib\site-packages\langsmith\evaluation\_runner.py", line 1689, in _run_evaluators
    evaluator_response = evaluator.evaluate_run(  # type: ignore[call-arg]
        run=run,
        example=example,
        evaluator_run_id=evaluator_run_id,
    )
  File "c:\Users\apaks\projects\YT-RAG\.venv\Lib\site-packages\langsmith\evaluation\evaluator.py", line 370, in evaluate_run
    result = self.func(
        run,
        example,
        langsmith_extra={"run_id": evaluator_run_id, "metadata": metadata},
    )
  File "c:\Users\apaks\projects\YT-RAG\.venv\Lib\site-packages\langsmith\run_helpers.py", line 777, in wrapper
    function_result = run_container["context"].run(
        func, *args, **kwargs
    )
  File "c:\Users\apaks\projects\YT-RAG\.venv\Lib\site-packages\langsmith\evaluation\evaluator.py", line 791, in wrapper
    return func(*args, **kwargs)
  File "C:\Users\apaks\AppData\Local\Temp\ipykernel_11624\2322913565.py", line 5, in retrieval_relevance
    retrived_text = "\n\n".join(outputs['relevant_chunks'])
                                ~~~~~~~^^^^^^^^^^^^^^^^^^^
KeyError: 'relevant_chunks'
[ 2026-08-05 23:46:25,216] 1735 langsmith.evaluation._runner - ERROR - Error running evaluator <DynamicRunEvaluator timestamp_error> on run 019fd41b-469a-75f1-843a-f856c7b4a54e: TypeError("unsupported operand type(s) for -: 'RunTree' and 'Example'")
Traceback (most recent call last):
  File "c:\Users\apaks\projects\YT-RAG\.venv\Lib\site-packages\langsmith\evaluation\_runner.py", line 1689, in _run_evaluators
    evaluator_response = evaluator.evaluate_run(  # type: ignore[call-arg]
        run=run,
        example=example,
        evaluator_run_id=evaluator_run_id,
    )
  File "c:\Users\apaks\projects\YT-RAG\.venv\Lib\site-packages\langsmith\evaluation\evaluator.py", line 370, in evaluate_run
    result = self.func(
        run,
        example,
        langsmith_extra={"run_id": evaluator_run_id, "metadata": metadata},
    )
  File "c:\Users\apaks\projects\YT-RAG\.venv\Lib\site-packages\langsmith\run_helpers.py", line 777, in wrapper
    function_result = run_container["context"].run(
        func, *args, **kwargs
    )
  File "C:\Users\apaks\AppData\Local\Temp\ipykernel_11624\4279707790.py", line 2, in timestamp_error
    return abs(correct_ts - doc_ts)
               ~~~~~~~~~~~^~~~~~~~
TypeError: unsupported operand type(s) for -: 'RunTree' and 'Example'
[ 2026-08-05 23:46:25,229] 2006 langsmith.evaluation._runner - ERROR - Error running target function: name 'RAGSearch' is not defined
Traceback (most recent call last):
  File "c:\Users\apaks\projects\YT-RAG\.venv\Lib\site-packages\langsmith\evaluation\_runner.py", line 1999, in _forward
    fn(*args, langsmith_extra=langsmith_extra)
    ~~^^^^^^^^^^^^^^^^^^^^^^^^^^^^^^^^^^^^^^^^
  File "c:\Users\apaks\projects\YT-RAG\.venv\Lib\site-packages\langsmith\run_helpers.py", line 777, in wrapper
    function_result = run_container["context"].run(
        func, *args, **kwargs
    )
  File "C:\Users\apaks\AppData\Local\Temp\ipykernel_11624\1623633248.py", line 2, in target
    return run_rag_pipeline(url = url, query=inputs['question'])
  File "c:\Users\apaks\projects\YT-RAG\.venv\Lib\site-packages\langsmith\run_helpers.py", line 777, in wrapper
    function_result = run_container["context"].run(
        func, *args, **kwargs
    )
  File "C:\Users\apaks\AppData\Local\Temp\ipykernel_11624\2201645439.py", line 6, in run_rag_pipeline
    rag = RAGSearch(url = url)
          ^^^^^^^^^
NameError: name 'RAGSearch' is not defined
[ 2026-08-05 23:46:25,243] 1735 langsmith.evaluation._runner - ERROR - Error running evaluator <DynamicRunEvaluator correctness> on run 019fd41b-46c2-7b21-b277-9ceb9da5bfcd: KeyError('answer')
Traceback (most recent call last):
  File "c:\Users\apaks\projects\YT-RAG\.venv\Lib\site-packages\langsmith\evaluation\_runner.py", line 1689, in _run_evaluators
    evaluator_response = evaluator.evaluate_run(  # type: ignore[call-arg]
        run=run,
        example=example,
        evaluator_run_id=evaluator_run_id,
    )
  File "c:\Users\apaks\projects\YT-RAG\.venv\Lib\site-packages\langsmith\evaluation\evaluator.py", line 370, in evaluate_run
    result = self.func(
        run,
        example,
        langsmith_extra={"run_id": evaluator_run_id, "metadata": metadata},
    )
  File "c:\Users\apaks\projects\YT-RAG\.venv\Lib\site-packages\langsmith\run_helpers.py", line 777, in wrapper
    function_result = run_container["context"].run(
        func, *args, **kwargs
    )
  File "c:\Users\apaks\projects\YT-RAG\.venv\Lib\site-packages\langsmith\evaluation\evaluator.py", line 791, in wrapper
    return func(*args, **kwargs)
  File "C:\Users\apaks\AppData\Local\Temp\ipykernel_11624\3911043984.py", line 12, in correctness
    STUDENT ANSWER: {outputs['answer']}
                     ~~~~~~~^^^^^^^^^^
KeyError: 'answer'
[ 2026-08-05 23:46:25,250] 1735 langsmith.evaluation._runner - ERROR - Error running evaluator <DynamicRunEvaluator groundedness> on run 019fd41b-46c2-7b21-b277-9ceb9da5bfcd: KeyError('relevant_chunks')
Traceback (most recent call last):
  File "c:\Users\apaks\projects\YT-RAG\.venv\Lib\site-packages\langsmith\evaluation\_runner.py", line 1689, in _run_evaluators
    evaluator_response = evaluator.evaluate_run(  # type: ignore[call-arg]
        run=run,
        example=example,
        evaluator_run_id=evaluator_run_id,
    )
  File "c:\Users\apaks\projects\YT-RAG\.venv\Lib\site-packages\langsmith\evaluation\evaluator.py", line 370, in evaluate_run
    result = self.func(
        run,
        example,
        langsmith_extra={"run_id": evaluator_run_id, "metadata": metadata},
    )
  File "c:\Users\apaks\projects\YT-RAG\.venv\Lib\site-packages\langsmith\run_helpers.py", line 777, in wrapper
    function_result = run_container["context"].run(
        func, *args, **kwargs
    )
  File "c:\Users\apaks\projects\YT-RAG\.venv\Lib\site-packages\langsmith\evaluation\evaluator.py", line 791, in wrapper
    return func(*args, **kwargs)
  File "C:\Users\apaks\AppData\Local\Temp\ipykernel_11624\1790596764.py", line 6, in groundedness
    retrived_text = "\n\n".join(outputs['relevant_chunks'])
                                ~~~~~~~^^^^^^^^^^^^^^^^^^^
KeyError: 'relevant_chunks'
[ 2026-08-05 23:46:25,256] 1735 langsmith.evaluation._runner - ERROR - Error running evaluator <DynamicRunEvaluator relevance> on run 019fd41b-46c2-7b21-b277-9ceb9da5bfcd: KeyError('answer')
Traceback (most recent call last):
  File "c:\Users\apaks\projects\YT-RAG\.venv\Lib\site-packages\langsmith\evaluation\_runner.py", line 1689, in _run_evaluators
    evaluator_response = evaluator.evaluate_run(  # type: ignore[call-arg]
        run=run,
        example=example,
        evaluator_run_id=evaluator_run_id,
    )
  File "c:\Users\apaks\projects\YT-RAG\.venv\Lib\site-packages\langsmith\evaluation\evaluator.py", line 370, in evaluate_run
    result = self.func(
        run,
        example,
        langsmith_extra={"run_id": evaluator_run_id, "metadata": metadata},
    )
  File "c:\Users\apaks\projects\YT-RAG\.venv\Lib\site-packages\langsmith\run_helpers.py", line 777, in wrapper
    function_result = run_container["context"].run(
        func, *args, **kwargs
    )
  File "c:\Users\apaks\projects\YT-RAG\.venv\Lib\site-packages\langsmith\evaluation\evaluator.py", line 791, in wrapper
    return func(*args, **kwargs)
  File "C:\Users\apaks\AppData\Local\Temp\ipykernel_11624\3932983222.py", line 9, in relevance
    STUDENT ANSWER: {outputs['answer']}
                     ~~~~~~~^^^^^^^^^^
KeyError: 'answer'
[ 2026-08-05 23:46:25,262] 1735 langsmith.evaluation._runner - ERROR - Error running evaluator <DynamicRunEvaluator retrieval_relevance> on run 019fd41b-46c2-7b21-b277-9ceb9da5bfcd: KeyError('relevant_chunks')
Traceback (most recent call last):
  File "c:\Users\apaks\projects\YT-RAG\.venv\Lib\site-packages\langsmith\evaluation\_runner.py", line 1689, in _run_evaluators
    evaluator_response = evaluator.evaluate_run(  # type: ignore[call-arg]
        run=run,
        example=example,
        evaluator_run_id=evaluator_run_id,
    )
  File "c:\Users\apaks\projects\YT-RAG\.venv\Lib\site-packages\langsmith\evaluation\evaluator.py", line 370, in evaluate_run
    result = self.func(
        run,
        example,
        langsmith_extra={"run_id": evaluator_run_id, "metadata": metadata},
    )
  File "c:\Users\apaks\projects\YT-RAG\.venv\Lib\site-packages\langsmith\run_helpers.py", line 777, in wrapper
    function_result = run_container["context"].run(
        func, *args, **kwargs
    )
  File "c:\Users\apaks\projects\YT-RAG\.venv\Lib\site-packages\langsmith\evaluation\evaluator.py", line 791, in wrapper
    return func(*args, **kwargs)
  File "C:\Users\apaks\AppData\Local\Temp\ipykernel_11624\2322913565.py", line 5, in retrieval_relevance
    retrived_text = "\n\n".join(outputs['relevant_chunks'])
                                ~~~~~~~^^^^^^^^^^^^^^^^^^^
KeyError: 'relevant_chunks'
[ 2026-08-05 23:46:25,266] 1735 langsmith.evaluation._runner - ERROR - Error running evaluator <DynamicRunEvaluator timestamp_error> on run 019fd41b-46c2-7b21-b277-9ceb9da5bfcd: TypeError("unsupported operand type(s) for -: 'RunTree' and 'Example'")
Traceback (most recent call last):
  File "c:\Users\apaks\projects\YT-RAG\.venv\Lib\site-packages\langsmith\evaluation\_runner.py", line 1689, in _run_evaluators
    evaluator_response = evaluator.evaluate_run(  # type: ignore[call-arg]
        run=run,
        example=example,
        evaluator_run_id=evaluator_run_id,
    )
  File "c:\Users\apaks\projects\YT-RAG\.venv\Lib\site-packages\langsmith\evaluation\evaluator.py", line 370, in evaluate_run
    result = self.func(
        run,
        example,
        langsmith_extra={"run_id": evaluator_run_id, "metadata": metadata},
    )
  File "c:\Users\apaks\projects\YT-RAG\.venv\Lib\site-packages\langsmith\run_helpers.py", line 777, in wrapper
    function_result = run_container["context"].run(
        func, *args, **kwargs
    )
  File "C:\Users\apaks\AppData\Local\Temp\ipykernel_11624\4279707790.py", line 2, in timestamp_error
    return abs(correct_ts - doc_ts)
               ~~~~~~~~~~~^~~~~~~~
TypeError: unsupported operand type(s) for -: 'RunTree' and 'Example'
[ 2026-08-05 23:46:25,279] 2006 langsmith.evaluation._runner - ERROR - Error running target function: name 'RAGSearch' is not defined
Traceback (most recent call last):
  File "c:\Users\apaks\projects\YT-RAG\.venv\Lib\site-packages\langsmith\evaluation\_runner.py", line 1999, in _forward
    fn(*args, langsmith_extra=langsmith_extra)
    ~~^^^^^^^^^^^^^^^^^^^^^^^^^^^^^^^^^^^^^^^^
  File "c:\Users\apaks\projects\YT-RAG\.venv\Lib\site-packages\langsmith\run_helpers.py", line 777, in wrapper
    function_result = run_container["context"].run(
        func, *args, **kwargs
    )
  File "C:\Users\apaks\AppData\Local\Temp\ipykernel_11624\1623633248.py", line 2, in target
    return run_rag_pipeline(url = url, query=inputs['question'])
  File "c:\Users\apaks\projects\YT-RAG\.venv\Lib\site-packages\langsmith\run_helpers.py", line 777, in wrapper
    function_result = run_container["context"].run(
        func, *args, **kwargs
    )
  File "C:\Users\apaks\AppData\Local\Temp\ipykernel_11624\2201645439.py", line 6, in run_rag_pipeline
    rag = RAGSearch(url = url)
          ^^^^^^^^^
NameError: name 'RAGSearch' is not defined
[ 2026-08-05 23:46:25,285] 1735 langsmith.evaluation._runner - ERROR - Error running evaluator <DynamicRunEvaluator correctness> on run 019fd41b-46f4-7670-b77a-bf670dc8429c: KeyError('answer')
Traceback (most recent call last):
  File "c:\Users\apaks\projects\YT-RAG\.venv\Lib\site-packages\langsmith\evaluation\_runner.py", line 1689, in _run_evaluators
    evaluator_response = evaluator.evaluate_run(  # type: ignore[call-arg]
        run=run,
        example=example,
        evaluator_run_id=evaluator_run_id,
    )
  File "c:\Users\apaks\projects\YT-RAG\.venv\Lib\site-packages\langsmith\evaluation\evaluator.py", line 370, in evaluate_run
    result = self.func(
        run,
        example,
        langsmith_extra={"run_id": evaluator_run_id, "metadata": metadata},
    )
  File "c:\Users\apaks\projects\YT-RAG\.venv\Lib\site-packages\langsmith\run_helpers.py", line 777, in wrapper
    function_result = run_container["context"].run(
        func, *args, **kwargs
    )
  File "c:\Users\apaks\projects\YT-RAG\.venv\Lib\site-packages\langsmith\evaluation\evaluator.py", line 791, in wrapper
    return func(*args, **kwargs)
  File "C:\Users\apaks\AppData\Local\Temp\ipykernel_11624\3911043984.py", line 12, in correctness
    STUDENT ANSWER: {outputs['answer']}
                     ~~~~~~~^^^^^^^^^^
KeyError: 'answer'
[ 2026-08-05 23:46:25,291] 1735 langsmith.evaluation._runner - ERROR - Error running evaluator <DynamicRunEvaluator groundedness> on run 019fd41b-46f4-7670-b77a-bf670dc8429c: KeyError('relevant_chunks')
Traceback (most recent call last):
  File "c:\Users\apaks\projects\YT-RAG\.venv\Lib\site-packages\langsmith\evaluation\_runner.py", line 1689, in _run_evaluators
    evaluator_response = evaluator.evaluate_run(  # type: ignore[call-arg]
        run=run,
        example=example,
        evaluator_run_id=evaluator_run_id,
    )
  File "c:\Users\apaks\projects\YT-RAG\.venv\Lib\site-packages\langsmith\evaluation\evaluator.py", line 370, in evaluate_run
    result = self.func(
        run,
        example,
        langsmith_extra={"run_id": evaluator_run_id, "metadata": metadata},
    )
  File "c:\Users\apaks\projects\YT-RAG\.venv\Lib\site-packages\langsmith\run_helpers.py", line 777, in wrapper
    function_result = run_container["context"].run(
        func, *args, **kwargs
    )
  File "c:\Users\apaks\projects\YT-RAG\.venv\Lib\site-packages\langsmith\evaluation\evaluator.py", line 791, in wrapper
    return func(*args, **kwargs)
  File "C:\Users\apaks\AppData\Local\Temp\ipykernel_11624\1790596764.py", line 6, in groundedness
    retrived_text = "\n\n".join(outputs['relevant_chunks'])
                                ~~~~~~~^^^^^^^^^^^^^^^^^^^
KeyError: 'relevant_chunks'
[ 2026-08-05 23:46:25,295] 1735 langsmith.evaluation._runner - ERROR - Error running evaluator <DynamicRunEvaluator relevance> on run 019fd41b-46f4-7670-b77a-bf670dc8429c: KeyError('answer')
Traceback (most recent call last):
  File "c:\Users\apaks\projects\YT-RAG\.venv\Lib\site-packages\langsmith\evaluation\_runner.py", line 1689, in _run_evaluators
    evaluator_response = evaluator.evaluate_run(  # type: ignore[call-arg]
        run=run,
        example=example,
        evaluator_run_id=evaluator_run_id,
    )
  File "c:\Users\apaks\projects\YT-RAG\.venv\Lib\site-packages\langsmith\evaluation\evaluator.py", line 370, in evaluate_run
    result = self.func(
        run,
        example,
        langsmith_extra={"run_id": evaluator_run_id, "metadata": metadata},
    )
  File "c:\Users\apaks\projects\YT-RAG\.venv\Lib\site-packages\langsmith\run_helpers.py", line 777, in wrapper
    function_result = run_container["context"].run(
        func, *args, **kwargs
    )
  File "c:\Users\apaks\projects\YT-RAG\.venv\Lib\site-packages\langsmith\evaluation\evaluator.py", line 791, in wrapper
    return func(*args, **kwargs)
  File "C:\Users\apaks\AppData\Local\Temp\ipykernel_11624\3932983222.py", line 9, in relevance
    STUDENT ANSWER: {outputs['answer']}
                     ~~~~~~~^^^^^^^^^^
KeyError: 'answer'
[ 2026-08-05 23:46:25,299] 1735 langsmith.evaluation._runner - ERROR - Error running evaluator <DynamicRunEvaluator retrieval_relevance> on run 019fd41b-46f4-7670-b77a-bf670dc8429c: KeyError('relevant_chunks')
Traceback (most recent call last):
  File "c:\Users\apaks\projects\YT-RAG\.venv\Lib\site-packages\langsmith\evaluation\_runner.py", line 1689, in _run_evaluators
    evaluator_response = evaluator.evaluate_run(  # type: ignore[call-arg]
        run=run,
        example=example,
        evaluator_run_id=evaluator_run_id,
    )
  File "c:\Users\apaks\projects\YT-RAG\.venv\Lib\site-packages\langsmith\evaluation\evaluator.py", line 370, in evaluate_run
    result = self.func(
        run,
        example,
        langsmith_extra={"run_id": evaluator_run_id, "metadata": metadata},
    )
  File "c:\Users\apaks\projects\YT-RAG\.venv\Lib\site-packages\langsmith\run_helpers.py", line 777, in wrapper
    function_result = run_container["context"].run(
        func, *args, **kwargs
    )
  File "c:\Users\apaks\projects\YT-RAG\.venv\Lib\site-packages\langsmith\evaluation\evaluator.py", line 791, in wrapper
    return func(*args, **kwargs)
  File "C:\Users\apaks\AppData\Local\Temp\ipykernel_11624\2322913565.py", line 5, in retrieval_relevance
    retrived_text = "\n\n".join(outputs['relevant_chunks'])
                                ~~~~~~~^^^^^^^^^^^^^^^^^^^
KeyError: 'relevant_chunks'
[ 2026-08-05 23:46:25,303] 1735 langsmith.evaluation._runner - ERROR - Error running evaluator <DynamicRunEvaluator timestamp_error> on run 019fd41b-46f4-7670-b77a-bf670dc8429c: TypeError("unsupported operand type(s) for -: 'RunTree' and 'Example'")
Traceback (most recent call last):
  File "c:\Users\apaks\projects\YT-RAG\.venv\Lib\site-packages\langsmith\evaluation\_runner.py", line 1689, in _run_evaluators
    evaluator_response = evaluator.evaluate_run(  # type: ignore[call-arg]
        run=run,
        example=example,
        evaluator_run_id=evaluator_run_id,
    )
  File "c:\Users\apaks\projects\YT-RAG\.venv\Lib\site-packages\langsmith\evaluation\evaluator.py", line 370, in evaluate_run
    result = self.func(
        run,
        example,
        langsmith_extra={"run_id": evaluator_run_id, "metadata": metadata},
    )
  File "c:\Users\apaks\projects\YT-RAG\.venv\Lib\site-packages\langsmith\run_helpers.py", line 777, in wrapper
    function_result = run_container["context"].run(
        func, *args, **kwargs
    )
  File "C:\Users\apaks\AppData\Local\Temp\ipykernel_11624\4279707790.py", line 2, in timestamp_error
    return abs(correct_ts - doc_ts)
               ~~~~~~~~~~~^~~~~~~~
TypeError: unsupported operand type(s) for -: 'RunTree' and 'Example'
[ 2026-08-05 23:46:25,316] 2006 langsmith.evaluation._runner - ERROR - Error running target function: name 'RAGSearch' is not defined
Traceback (most recent call last):
  File "c:\Users\apaks\projects\YT-RAG\.venv\Lib\site-packages\langsmith\evaluation\_runner.py", line 1999, in _forward
    fn(*args, langsmith_extra=langsmith_extra)
    ~~^^^^^^^^^^^^^^^^^^^^^^^^^^^^^^^^^^^^^^^^
  File "c:\Users\apaks\projects\YT-RAG\.venv\Lib\site-packages\langsmith\run_helpers.py", line 777, in wrapper
    function_result = run_container["context"].run(
        func, *args, **kwargs
    )
  File "C:\Users\apaks\AppData\Local\Temp\ipykernel_11624\1623633248.py", line 2, in target
    return run_rag_pipeline(url = url, query=inputs['question'])
  File "c:\Users\apaks\projects\YT-RAG\.venv\Lib\site-packages\langsmith\run_helpers.py", line 777, in wrapper
    function_result = run_container["context"].run(
        func, *args, **kwargs
    )
  File "C:\Users\apaks\AppData\Local\Temp\ipykernel_11624\2201645439.py", line 6, in run_rag_pipeline
    rag = RAGSearch(url = url)
          ^^^^^^^^^
NameError: name 'RAGSearch' is not defined
[ 2026-08-05 23:46:25,324] 1735 langsmith.evaluation._runner - ERROR - Error running evaluator <DynamicRunEvaluator correctness> on run 019fd41b-471c-7b62-adab-dcde9b1f2add: KeyError('answer')
Traceback (most recent call last):
  File "c:\Users\apaks\projects\YT-RAG\.venv\Lib\site-packages\langsmith\evaluation\_runner.py", line 1689, in _run_evaluators
    evaluator_response = evaluator.evaluate_run(  # type: ignore[call-arg]
        run=run,
        example=example,
        evaluator_run_id=evaluator_run_id,
    )
  File "c:\Users\apaks\projects\YT-RAG\.venv\Lib\site-packages\langsmith\evaluation\evaluator.py", line 370, in evaluate_run
    result = self.func(
        run,
        example,
        langsmith_extra={"run_id": evaluator_run_id, "metadata": metadata},
    )
  File "c:\Users\apaks\projects\YT-RAG\.venv\Lib\site-packages\langsmith\run_helpers.py", line 777, in wrapper
    function_result = run_container["context"].run(
        func, *args, **kwargs
    )
  File "c:\Users\apaks\projects\YT-RAG\.venv\Lib\site-packages\langsmith\evaluation\evaluator.py", line 791, in wrapper
    return func(*args, **kwargs)
  File "C:\Users\apaks\AppData\Local\Temp\ipykernel_11624\3911043984.py", line 12, in correctness
    STUDENT ANSWER: {outputs['answer']}
                     ~~~~~~~^^^^^^^^^^
KeyError: 'answer'
[ 2026-08-05 23:46:25,328] 1735 langsmith.evaluation._runner - ERROR - Error running evaluator <DynamicRunEvaluator groundedness> on run 019fd41b-471c-7b62-adab-dcde9b1f2add: KeyError('relevant_chunks')
Traceback (most recent call last):
  File "c:\Users\apaks\projects\YT-RAG\.venv\Lib\site-packages\langsmith\evaluation\_runner.py", line 1689, in _run_evaluators
    evaluator_response = evaluator.evaluate_run(  # type: ignore[call-arg]
        run=run,
        example=example,
        evaluator_run_id=evaluator_run_id,
    )
  File "c:\Users\apaks\projects\YT-RAG\.venv\Lib\site-packages\langsmith\evaluation\evaluator.py", line 370, in evaluate_run
    result = self.func(
        run,
        example,
        langsmith_extra={"run_id": evaluator_run_id, "metadata": metadata},
    )
  File "c:\Users\apaks\projects\YT-RAG\.venv\Lib\site-packages\langsmith\run_helpers.py", line 777, in wrapper
    function_result = run_container["context"].run(
        func, *args, **kwargs
    )
  File "c:\Users\apaks\projects\YT-RAG\.venv\Lib\site-packages\langsmith\evaluation\evaluator.py", line 791, in wrapper
    return func(*args, **kwargs)
  File "C:\Users\apaks\AppData\Local\Temp\ipykernel_11624\1790596764.py", line 6, in groundedness
    retrived_text = "\n\n".join(outputs['relevant_chunks'])
                                ~~~~~~~^^^^^^^^^^^^^^^^^^^
KeyError: 'relevant_chunks'
[ 2026-08-05 23:46:25,331] 1735 langsmith.evaluation._runner - ERROR - Error running evaluator <DynamicRunEvaluator relevance> on run 019fd41b-471c-7b62-adab-dcde9b1f2add: KeyError('answer')
Traceback (most recent call last):
  File "c:\Users\apaks\projects\YT-RAG\.venv\Lib\site-packages\langsmith\evaluation\_runner.py", line 1689, in _run_evaluators
    evaluator_response = evaluator.evaluate_run(  # type: ignore[call-arg]
        run=run,
        example=example,
        evaluator_run_id=evaluator_run_id,
    )
  File "c:\Users\apaks\projects\YT-RAG\.venv\Lib\site-packages\langsmith\evaluation\evaluator.py", line 370, in evaluate_run
    result = self.func(
        run,
        example,
        langsmith_extra={"run_id": evaluator_run_id, "metadata": metadata},
    )
  File "c:\Users\apaks\projects\YT-RAG\.venv\Lib\site-packages\langsmith\run_helpers.py", line 777, in wrapper
    function_result = run_container["context"].run(
        func, *args, **kwargs
    )
  File "c:\Users\apaks\projects\YT-RAG\.venv\Lib\site-packages\langsmith\evaluation\evaluator.py", line 791, in wrapper
    return func(*args, **kwargs)
  File "C:\Users\apaks\AppData\Local\Temp\ipykernel_11624\3932983222.py", line 9, in relevance
    STUDENT ANSWER: {outputs['answer']}
                     ~~~~~~~^^^^^^^^^^
KeyError: 'answer'
[ 2026-08-05 23:46:25,336] 1735 langsmith.evaluation._runner - ERROR - Error running evaluator <DynamicRunEvaluator retrieval_relevance> on run 019fd41b-471c-7b62-adab-dcde9b1f2add: KeyError('relevant_chunks')
Traceback (most recent call last):
  File "c:\Users\apaks\projects\YT-RAG\.venv\Lib\site-packages\langsmith\evaluation\_runner.py", line 1689, in _run_evaluators
    evaluator_response = evaluator.evaluate_run(  # type: ignore[call-arg]
        run=run,
        example=example,
        evaluator_run_id=evaluator_run_id,
    )
  File "c:\Users\apaks\projects\YT-RAG\.venv\Lib\site-packages\langsmith\evaluation\evaluator.py", line 370, in evaluate_run
    result = self.func(
        run,
        example,
        langsmith_extra={"run_id": evaluator_run_id, "metadata": metadata},
    )
  File "c:\Users\apaks\projects\YT-RAG\.venv\Lib\site-packages\langsmith\run_helpers.py", line 777, in wrapper
    function_result = run_container["context"].run(
        func, *args, **kwargs
    )
  File "c:\Users\apaks\projects\YT-RAG\.venv\Lib\site-packages\langsmith\evaluation\evaluator.py", line 791, in wrapper
    return func(*args, **kwargs)
  File "C:\Users\apaks\AppData\Local\Temp\ipykernel_11624\2322913565.py", line 5, in retrieval_relevance
    retrived_text = "\n\n".join(outputs['relevant_chunks'])
                                ~~~~~~~^^^^^^^^^^^^^^^^^^^
KeyError: 'relevant_chunks'
[ 2026-08-05 23:46:25,346] 1735 langsmith.evaluation._runner - ERROR - Error running evaluator <DynamicRunEvaluator timestamp_error> on run 019fd41b-471c-7b62-adab-dcde9b1f2add: TypeError("unsupported operand type(s) for -: 'RunTree' and 'Example'")
Traceback (most recent call last):
  File "c:\Users\apaks\projects\YT-RAG\.venv\Lib\site-packages\langsmith\evaluation\_runner.py", line 1689, in _run_evaluators
    evaluator_response = evaluator.evaluate_run(  # type: ignore[call-arg]
        run=run,
        example=example,
        evaluator_run_id=evaluator_run_id,
    )
  File "c:\Users\apaks\projects\YT-RAG\.venv\Lib\site-packages\langsmith\evaluation\evaluator.py", line 370, in evaluate_run
    result = self.func(
        run,
        example,
        langsmith_extra={"run_id": evaluator_run_id, "metadata": metadata},
    )
  File "c:\Users\apaks\projects\YT-RAG\.venv\Lib\site-packages\langsmith\run_helpers.py", line 777, in wrapper
    function_result = run_container["context"].run(
        func, *args, **kwargs
    )
  File "C:\Users\apaks\AppData\Local\Temp\ipykernel_11624\4279707790.py", line 2, in timestamp_error
    return abs(correct_ts - doc_ts)
               ~~~~~~~~~~~^~~~~~~~
TypeError: unsupported operand type(s) for -: 'RunTree' and 'Example'
[ 2026-08-05 23:46:25,362] 2006 langsmith.evaluation._runner - ERROR - Error running target function: name 'RAGSearch' is not defined
Traceback (most recent call last):
  File "c:\Users\apaks\projects\YT-RAG\.venv\Lib\site-packages\langsmith\evaluation\_runner.py", line 1999, in _forward
    fn(*args, langsmith_extra=langsmith_extra)
    ~~^^^^^^^^^^^^^^^^^^^^^^^^^^^^^^^^^^^^^^^^
  File "c:\Users\apaks\projects\YT-RAG\.venv\Lib\site-packages\langsmith\run_helpers.py", line 777, in wrapper
    function_result = run_container["context"].run(
        func, *args, **kwargs
    )
  File "C:\Users\apaks\AppData\Local\Temp\ipykernel_11624\1623633248.py", line 2, in target
    return run_rag_pipeline(url = url, query=inputs['question'])
  File "c:\Users\apaks\projects\YT-RAG\.venv\Lib\site-packages\langsmith\run_helpers.py", line 777, in wrapper
    function_result = run_container["context"].run(
        func, *args, **kwargs
    )
  File "C:\Users\apaks\AppData\Local\Temp\ipykernel_11624\2201645439.py", line 6, in run_rag_pipeline
    rag = RAGSearch(url = url)
          ^^^^^^^^^
NameError: name 'RAGSearch' is not defined
[ 2026-08-05 23:46:25,369] 1735 langsmith.evaluation._runner - ERROR - Error running evaluator <DynamicRunEvaluator correctness> on run 019fd41b-4745-7041-9e3f-6272bcc29cef: KeyError('answer')
Traceback (most recent call last):
  File "c:\Users\apaks\projects\YT-RAG\.venv\Lib\site-packages\langsmith\evaluation\_runner.py", line 1689, in _run_evaluators
    evaluator_response = evaluator.evaluate_run(  # type: ignore[call-arg]
        run=run,
        example=example,
        evaluator_run_id=evaluator_run_id,
    )
  File "c:\Users\apaks\projects\YT-RAG\.venv\Lib\site-packages\langsmith\evaluation\evaluator.py", line 370, in evaluate_run
    result = self.func(
        run,
        example,
        langsmith_extra={"run_id": evaluator_run_id, "metadata": metadata},
    )
  File "c:\Users\apaks\projects\YT-RAG\.venv\Lib\site-packages\langsmith\run_helpers.py", line 777, in wrapper
    function_result = run_container["context"].run(
        func, *args, **kwargs
    )
  File "c:\Users\apaks\projects\YT-RAG\.venv\Lib\site-packages\langsmith\evaluation\evaluator.py", line 791, in wrapper
    return func(*args, **kwargs)
  File "C:\Users\apaks\AppData\Local\Temp\ipykernel_11624\3911043984.py", line 12, in correctness
    STUDENT ANSWER: {outputs['answer']}
                     ~~~~~~~^^^^^^^^^^
KeyError: 'answer'
[ 2026-08-05 23:46:25,376] 1735 langsmith.evaluation._runner - ERROR - Error running evaluator <DynamicRunEvaluator groundedness> on run 019fd41b-4745-7041-9e3f-6272bcc29cef: KeyError('relevant_chunks')
Traceback (most recent call last):
  File "c:\Users\apaks\projects\YT-RAG\.venv\Lib\site-packages\langsmith\evaluation\_runner.py", line 1689, in _run_evaluators
    evaluator_response = evaluator.evaluate_run(  # type: ignore[call-arg]
        run=run,
        example=example,
        evaluator_run_id=evaluator_run_id,
    )
  File "c:\Users\apaks\projects\YT-RAG\.venv\Lib\site-packages\langsmith\evaluation\evaluator.py", line 370, in evaluate_run
    result = self.func(
        run,
        example,
        langsmith_extra={"run_id": evaluator_run_id, "metadata": metadata},
    )
  File "c:\Users\apaks\projects\YT-RAG\.venv\Lib\site-packages\langsmith\run_helpers.py", line 777, in wrapper
    function_result = run_container["context"].run(
        func, *args, **kwargs
    )
  File "c:\Users\apaks\projects\YT-RAG\.venv\Lib\site-packages\langsmith\evaluation\evaluator.py", line 791, in wrapper
    return func(*args, **kwargs)
  File "C:\Users\apaks\AppData\Local\Temp\ipykernel_11624\1790596764.py", line 6, in groundedness
    retrived_text = "\n\n".join(outputs['relevant_chunks'])
                                ~~~~~~~^^^^^^^^^^^^^^^^^^^
KeyError: 'relevant_chunks'
[ 2026-08-05 23:46:25,380] 1735 langsmith.evaluation._runner - ERROR - Error running evaluator <DynamicRunEvaluator relevance> on run 019fd41b-4745-7041-9e3f-6272bcc29cef: KeyError('answer')
Traceback (most recent call last):
  File "c:\Users\apaks\projects\YT-RAG\.venv\Lib\site-packages\langsmith\evaluation\_runner.py", line 1689, in _run_evaluators
    evaluator_response = evaluator.evaluate_run(  # type: ignore[call-arg]
        run=run,
        example=example,
        evaluator_run_id=evaluator_run_id,
    )
  File "c:\Users\apaks\projects\YT-RAG\.venv\Lib\site-packages\langsmith\evaluation\evaluator.py", line 370, in evaluate_run
    result = self.func(
        run,
        example,
        langsmith_extra={"run_id": evaluator_run_id, "metadata": metadata},
    )
  File "c:\Users\apaks\projects\YT-RAG\.venv\Lib\site-packages\langsmith\run_helpers.py", line 777, in wrapper
    function_result = run_container["context"].run(
        func, *args, **kwargs
    )
  File "c:\Users\apaks\projects\YT-RAG\.venv\Lib\site-packages\langsmith\evaluation\evaluator.py", line 791, in wrapper
    return func(*args, **kwargs)
  File "C:\Users\apaks\AppData\Local\Temp\ipykernel_11624\3932983222.py", line 9, in relevance
    STUDENT ANSWER: {outputs['answer']}
                     ~~~~~~~^^^^^^^^^^
KeyError: 'answer'
[ 2026-08-05 23:46:25,384] 1735 langsmith.evaluation._runner - ERROR - Error running evaluator <DynamicRunEvaluator retrieval_relevance> on run 019fd41b-4745-7041-9e3f-6272bcc29cef: KeyError('relevant_chunks')
Traceback (most recent call last):
  File "c:\Users\apaks\projects\YT-RAG\.venv\Lib\site-packages\langsmith\evaluation\_runner.py", line 1689, in _run_evaluators
    evaluator_response = evaluator.evaluate_run(  # type: ignore[call-arg]
        run=run,
        example=example,
        evaluator_run_id=evaluator_run_id,
    )
  File "c:\Users\apaks\projects\YT-RAG\.venv\Lib\site-packages\langsmith\evaluation\evaluator.py", line 370, in evaluate_run
    result = self.func(
        run,
        example,
        langsmith_extra={"run_id": evaluator_run_id, "metadata": metadata},
    )
  File "c:\Users\apaks\projects\YT-RAG\.venv\Lib\site-packages\langsmith\run_helpers.py", line 777, in wrapper
    function_result = run_container["context"].run(
        func, *args, **kwargs
    )
  File "c:\Users\apaks\projects\YT-RAG\.venv\Lib\site-packages\langsmith\evaluation\evaluator.py", line 791, in wrapper
    return func(*args, **kwargs)
  File "C:\Users\apaks\AppData\Local\Temp\ipykernel_11624\2322913565.py", line 5, in retrieval_relevance
    retrived_text = "\n\n".join(outputs['relevant_chunks'])
                                ~~~~~~~^^^^^^^^^^^^^^^^^^^
KeyError: 'relevant_chunks'
[ 2026-08-05 23:46:25,390] 1735 langsmith.evaluation._runner - ERROR - Error running evaluator <DynamicRunEvaluator timestamp_error> on run 019fd41b-4745-7041-9e3f-6272bcc29cef: TypeError("unsupported operand type(s) for -: 'RunTree' and 'Example'")
Traceback (most recent call last):
  File "c:\Users\apaks\projects\YT-RAG\.venv\Lib\site-packages\langsmith\evaluation\_runner.py", line 1689, in _run_evaluators
    evaluator_response = evaluator.evaluate_run(  # type: ignore[call-arg]
        run=run,
        example=example,
        evaluator_run_id=evaluator_run_id,
    )
  File "c:\Users\apaks\projects\YT-RAG\.venv\Lib\site-packages\langsmith\evaluation\evaluator.py", line 370, in evaluate_run
    result = self.func(
        run,
        example,
        langsmith_extra={"run_id": evaluator_run_id, "metadata": metadata},
    )
  File "c:\Users\apaks\projects\YT-RAG\.venv\Lib\site-packages\langsmith\run_helpers.py", line 777, in wrapper
    function_result = run_container["context"].run(
        func, *args, **kwargs
    )
  File "C:\Users\apaks\AppData\Local\Temp\ipykernel_11624\4279707790.py", line 2, in timestamp_error
    return abs(correct_ts - doc_ts)
               ~~~~~~~~~~~^~~~~~~~
TypeError: unsupported operand type(s) for -: 'RunTree' and 'Example'
[ 2026-08-05 23:46:25,402] 2006 langsmith.evaluation._runner - ERROR - Error running target function: name 'RAGSearch' is not defined
Traceback (most recent call last):
  File "c:\Users\apaks\projects\YT-RAG\.venv\Lib\site-packages\langsmith\evaluation\_runner.py", line 1999, in _forward
    fn(*args, langsmith_extra=langsmith_extra)
    ~~^^^^^^^^^^^^^^^^^^^^^^^^^^^^^^^^^^^^^^^^
  File "c:\Users\apaks\projects\YT-RAG\.venv\Lib\site-packages\langsmith\run_helpers.py", line 777, in wrapper
    function_result = run_container["context"].run(
        func, *args, **kwargs
    )
  File "C:\Users\apaks\AppData\Local\Temp\ipykernel_11624\1623633248.py", line 2, in target
    return run_rag_pipeline(url = url, query=inputs['question'])
  File "c:\Users\apaks\projects\YT-RAG\.venv\Lib\site-packages\langsmith\run_helpers.py", line 777, in wrapper
    function_result = run_container["context"].run(
        func, *args, **kwargs
    )
  File "C:\Users\apaks\AppData\Local\Temp\ipykernel_11624\2201645439.py", line 6, in run_rag_pipeline
    rag = RAGSearch(url = url)
          ^^^^^^^^^
NameError: name 'RAGSearch' is not defined
[ 2026-08-05 23:46:25,412] 1735 langsmith.evaluation._runner - ERROR - Error running evaluator <DynamicRunEvaluator correctness> on run 019fd41b-4771-7ce2-96d8-9ddf4bcabfed: KeyError('answer')
Traceback (most recent call last):
  File "c:\Users\apaks\projects\YT-RAG\.venv\Lib\site-packages\langsmith\evaluation\_runner.py", line 1689, in _run_evaluators
    evaluator_response = evaluator.evaluate_run(  # type: ignore[call-arg]
        run=run,
        example=example,
        evaluator_run_id=evaluator_run_id,
    )
  File "c:\Users\apaks\projects\YT-RAG\.venv\Lib\site-packages\langsmith\evaluation\evaluator.py", line 370, in evaluate_run
    result = self.func(
        run,
        example,
        langsmith_extra={"run_id": evaluator_run_id, "metadata": metadata},
    )
  File "c:\Users\apaks\projects\YT-RAG\.venv\Lib\site-packages\langsmith\run_helpers.py", line 777, in wrapper
    function_result = run_container["context"].run(
        func, *args, **kwargs
    )
  File "c:\Users\apaks\projects\YT-RAG\.venv\Lib\site-packages\langsmith\evaluation\evaluator.py", line 791, in wrapper
    return func(*args, **kwargs)
  File "C:\Users\apaks\AppData\Local\Temp\ipykernel_11624\3911043984.py", line 12, in correctness
    STUDENT ANSWER: {outputs['answer']}
                     ~~~~~~~^^^^^^^^^^
KeyError: 'answer'
[ 2026-08-05 23:46:25,417] 1735 langsmith.evaluation._runner - ERROR - Error running evaluator <DynamicRunEvaluator groundedness> on run 019fd41b-4771-7ce2-96d8-9ddf4bcabfed: KeyError('relevant_chunks')
Traceback (most recent call last):
  File "c:\Users\apaks\projects\YT-RAG\.venv\Lib\site-packages\langsmith\evaluation\_runner.py", line 1689, in _run_evaluators
    evaluator_response = evaluator.evaluate_run(  # type: ignore[call-arg]
        run=run,
        example=example,
        evaluator_run_id=evaluator_run_id,
    )
  File "c:\Users\apaks\projects\YT-RAG\.venv\Lib\site-packages\langsmith\evaluation\evaluator.py", line 370, in evaluate_run
    result = self.func(
        run,
        example,
        langsmith_extra={"run_id": evaluator_run_id, "metadata": metadata},
    )
  File "c:\Users\apaks\projects\YT-RAG\.venv\Lib\site-packages\langsmith\run_helpers.py", line 777, in wrapper
    function_result = run_container["context"].run(
        func, *args, **kwargs
    )
  File "c:\Users\apaks\projects\YT-RAG\.venv\Lib\site-packages\langsmith\evaluation\evaluator.py", line 791, in wrapper
    return func(*args, **kwargs)
  File "C:\Users\apaks\AppData\Local\Temp\ipykernel_11624\1790596764.py", line 6, in groundedness
    retrived_text = "\n\n".join(outputs['relevant_chunks'])
                                ~~~~~~~^^^^^^^^^^^^^^^^^^^
KeyError: 'relevant_chunks'
[ 2026-08-05 23:46:25,423] 1735 langsmith.evaluation._runner - ERROR - Error running evaluator <DynamicRunEvaluator relevance> on run 019fd41b-4771-7ce2-96d8-9ddf4bcabfed: KeyError('answer')
Traceback (most recent call last):
  File "c:\Users\apaks\projects\YT-RAG\.venv\Lib\site-packages\langsmith\evaluation\_runner.py", line 1689, in _run_evaluators
    evaluator_response = evaluator.evaluate_run(  # type: ignore[call-arg]
        run=run,
        example=example,
        evaluator_run_id=evaluator_run_id,
    )
  File "c:\Users\apaks\projects\YT-RAG\.venv\Lib\site-packages\langsmith\evaluation\evaluator.py", line 370, in evaluate_run
    result = self.func(
        run,
        example,
        langsmith_extra={"run_id": evaluator_run_id, "metadata": metadata},
    )
  File "c:\Users\apaks\projects\YT-RAG\.venv\Lib\site-packages\langsmith\run_helpers.py", line 777, in wrapper
    function_result = run_container["context"].run(
        func, *args, **kwargs
    )
  File "c:\Users\apaks\projects\YT-RAG\.venv\Lib\site-packages\langsmith\evaluation\evaluator.py", line 791, in wrapper
    return func(*args, **kwargs)
  File "C:\Users\apaks\AppData\Local\Temp\ipykernel_11624\3932983222.py", line 9, in relevance
    STUDENT ANSWER: {outputs['answer']}
                     ~~~~~~~^^^^^^^^^^
KeyError: 'answer'
[ 2026-08-05 23:46:25,428] 1735 langsmith.evaluation._runner - ERROR - Error running evaluator <DynamicRunEvaluator retrieval_relevance> on run 019fd41b-4771-7ce2-96d8-9ddf4bcabfed: KeyError('relevant_chunks')
Traceback (most recent call last):
  File "c:\Users\apaks\projects\YT-RAG\.venv\Lib\site-packages\langsmith\evaluation\_runner.py", line 1689, in _run_evaluators
    evaluator_response = evaluator.evaluate_run(  # type: ignore[call-arg]
        run=run,
        example=example,
        evaluator_run_id=evaluator_run_id,
    )
  File "c:\Users\apaks\projects\YT-RAG\.venv\Lib\site-packages\langsmith\evaluation\evaluator.py", line 370, in evaluate_run
    result = self.func(
        run,
        example,
        langsmith_extra={"run_id": evaluator_run_id, "metadata": metadata},
    )
  File "c:\Users\apaks\projects\YT-RAG\.venv\Lib\site-packages\langsmith\run_helpers.py", line 777, in wrapper
    function_result = run_container["context"].run(
        func, *args, **kwargs
    )
  File "c:\Users\apaks\projects\YT-RAG\.venv\Lib\site-packages\langsmith\evaluation\evaluator.py", line 791, in wrapper
    return func(*args, **kwargs)
  File "C:\Users\apaks\AppData\Local\Temp\ipykernel_11624\2322913565.py", line 5, in retrieval_relevance
    retrived_text = "\n\n".join(outputs['relevant_chunks'])
                                ~~~~~~~^^^^^^^^^^^^^^^^^^^
KeyError: 'relevant_chunks'
[ 2026-08-05 23:46:25,432] 1735 langsmith.evaluation._runner - ERROR - Error running evaluator <DynamicRunEvaluator timestamp_error> on run 019fd41b-4771-7ce2-96d8-9ddf4bcabfed: TypeError("unsupported operand type(s) for -: 'RunTree' and 'Example'")
Traceback (most recent call last):
  File "c:\Users\apaks\projects\YT-RAG\.venv\Lib\site-packages\langsmith\evaluation\_runner.py", line 1689, in _run_evaluators
    evaluator_response = evaluator.evaluate_run(  # type: ignore[call-arg]
        run=run,
        example=example,
        evaluator_run_id=evaluator_run_id,
    )
  File "c:\Users\apaks\projects\YT-RAG\.venv\Lib\site-packages\langsmith\evaluation\evaluator.py", line 370, in evaluate_run
    result = self.func(
        run,
        example,
        langsmith_extra={"run_id": evaluator_run_id, "metadata": metadata},
    )
  File "c:\Users\apaks\projects\YT-RAG\.venv\Lib\site-packages\langsmith\run_helpers.py", line 777, in wrapper
    function_result = run_container["context"].run(
        func, *args, **kwargs
    )
  File "C:\Users\apaks\AppData\Local\Temp\ipykernel_11624\4279707790.py", line 2, in timestamp_error
    return abs(correct_ts - doc_ts)
               ~~~~~~~~~~~^~~~~~~~
TypeError: unsupported operand type(s) for -: 'RunTree' and 'Example'
[ 2026-08-05 23:46:25,447] 2006 langsmith.evaluation._runner - ERROR - Error running target function: name 'RAGSearch' is not defined
Traceback (most recent call last):
  File "c:\Users\apaks\projects\YT-RAG\.venv\Lib\site-packages\langsmith\evaluation\_runner.py", line 1999, in _forward
    fn(*args, langsmith_extra=langsmith_extra)
    ~~^^^^^^^^^^^^^^^^^^^^^^^^^^^^^^^^^^^^^^^^
  File "c:\Users\apaks\projects\YT-RAG\.venv\Lib\site-packages\langsmith\run_helpers.py", line 777, in wrapper
    function_result = run_container["context"].run(
        func, *args, **kwargs
    )
  File "C:\Users\apaks\AppData\Local\Temp\ipykernel_11624\1623633248.py", line 2, in target
    return run_rag_pipeline(url = url, query=inputs['question'])
  File "c:\Users\apaks\projects\YT-RAG\.venv\Lib\site-packages\langsmith\run_helpers.py", line 777, in wrapper
    function_result = run_container["context"].run(
        func, *args, **kwargs
    )
  File "C:\Users\apaks\AppData\Local\Temp\ipykernel_11624\2201645439.py", line 6, in run_rag_pipeline
    rag = RAGSearch(url = url)
          ^^^^^^^^^
NameError: name 'RAGSearch' is not defined
[ 2026-08-05 23:46:25,459] 1735 langsmith.evaluation._runner - ERROR - Error running evaluator <DynamicRunEvaluator correctness> on run 019fd41b-479b-7731-87a8-4a95d3c9320c: KeyError('answer')
Traceback (most recent call last):
  File "c:\Users\apaks\projects\YT-RAG\.venv\Lib\site-packages\langsmith\evaluation\_runner.py", line 1689, in _run_evaluators
    evaluator_response = evaluator.evaluate_run(  # type: ignore[call-arg]
        run=run,
        example=example,
        evaluator_run_id=evaluator_run_id,
    )
  File "c:\Users\apaks\projects\YT-RAG\.venv\Lib\site-packages\langsmith\evaluation\evaluator.py", line 370, in evaluate_run
    result = self.func(
        run,
        example,
        langsmith_extra={"run_id": evaluator_run_id, "metadata": metadata},
    )
  File "c:\Users\apaks\projects\YT-RAG\.venv\Lib\site-packages\langsmith\run_helpers.py", line 777, in wrapper
    function_result = run_container["context"].run(
        func, *args, **kwargs
    )
  File "c:\Users\apaks\projects\YT-RAG\.venv\Lib\site-packages\langsmith\evaluation\evaluator.py", line 791, in wrapper
    return func(*args, **kwargs)
  File "C:\Users\apaks\AppData\Local\Temp\ipykernel_11624\3911043984.py", line 12, in correctness
    STUDENT ANSWER: {outputs['answer']}
                     ~~~~~~~^^^^^^^^^^
KeyError: 'answer'
[ 2026-08-05 23:46:25,464] 1735 langsmith.evaluation._runner - ERROR - Error running evaluator <DynamicRunEvaluator groundedness> on run 019fd41b-479b-7731-87a8-4a95d3c9320c: KeyError('relevant_chunks')
Traceback (most recent call last):
  File "c:\Users\apaks\projects\YT-RAG\.venv\Lib\site-packages\langsmith\evaluation\_runner.py", line 1689, in _run_evaluators
    evaluator_response = evaluator.evaluate_run(  # type: ignore[call-arg]
        run=run,
        example=example,
        evaluator_run_id=evaluator_run_id,
    )
  File "c:\Users\apaks\projects\YT-RAG\.venv\Lib\site-packages\langsmith\evaluation\evaluator.py", line 370, in evaluate_run
    result = self.func(
        run,
        example,
        langsmith_extra={"run_id": evaluator_run_id, "metadata": metadata},
    )
  File "c:\Users\apaks\projects\YT-RAG\.venv\Lib\site-packages\langsmith\run_helpers.py", line 777, in wrapper
    function_result = run_container["context"].run(
        func, *args, **kwargs
    )
  File "c:\Users\apaks\projects\YT-RAG\.venv\Lib\site-packages\langsmith\evaluation\evaluator.py", line 791, in wrapper
    return func(*args, **kwargs)
  File "C:\Users\apaks\AppData\Local\Temp\ipykernel_11624\1790596764.py", line 6, in groundedness
    retrived_text = "\n\n".join(outputs['relevant_chunks'])
                                ~~~~~~~^^^^^^^^^^^^^^^^^^^
KeyError: 'relevant_chunks'
[ 2026-08-05 23:46:25,490] 1735 langsmith.evaluation._runner - ERROR - Error running evaluator <DynamicRunEvaluator relevance> on run 019fd41b-479b-7731-87a8-4a95d3c9320c: KeyError('answer')
Traceback (most recent call last):
  File "c:\Users\apaks\projects\YT-RAG\.venv\Lib\site-packages\langsmith\evaluation\_runner.py", line 1689, in _run_evaluators
    evaluator_response = evaluator.evaluate_run(  # type: ignore[call-arg]
        run=run,
        example=example,
        evaluator_run_id=evaluator_run_id,
    )
  File "c:\Users\apaks\projects\YT-RAG\.venv\Lib\site-packages\langsmith\evaluation\evaluator.py", line 370, in evaluate_run
    result = self.func(
        run,
        example,
        langsmith_extra={"run_id": evaluator_run_id, "metadata": metadata},
    )
  File "c:\Users\apaks\projects\YT-RAG\.venv\Lib\site-packages\langsmith\run_helpers.py", line 777, in wrapper
    function_result = run_container["context"].run(
        func, *args, **kwargs
    )
  File "c:\Users\apaks\projects\YT-RAG\.venv\Lib\site-packages\langsmith\evaluation\evaluator.py", line 791, in wrapper
    return func(*args, **kwargs)
  File "C:\Users\apaks\AppData\Local\Temp\ipykernel_11624\3932983222.py", line 9, in relevance
    STUDENT ANSWER: {outputs['answer']}
                     ~~~~~~~^^^^^^^^^^
KeyError: 'answer'
[ 2026-08-05 23:46:25,496] 1735 langsmith.evaluation._runner - ERROR - Error running evaluator <DynamicRunEvaluator retrieval_relevance> on run 019fd41b-479b-7731-87a8-4a95d3c9320c: KeyError('relevant_chunks')
Traceback (most recent call last):
  File "c:\Users\apaks\projects\YT-RAG\.venv\Lib\site-packages\langsmith\evaluation\_runner.py", line 1689, in _run_evaluators
    evaluator_response = evaluator.evaluate_run(  # type: ignore[call-arg]
        run=run,
        example=example,
        evaluator_run_id=evaluator_run_id,
    )
  File "c:\Users\apaks\projects\YT-RAG\.venv\Lib\site-packages\langsmith\evaluation\evaluator.py", line 370, in evaluate_run
    result = self.func(
        run,
        example,
        langsmith_extra={"run_id": evaluator_run_id, "metadata": metadata},
    )
  File "c:\Users\apaks\projects\YT-RAG\.venv\Lib\site-packages\langsmith\run_helpers.py", line 777, in wrapper
    function_result = run_container["context"].run(
        func, *args, **kwargs
    )
  File "c:\Users\apaks\projects\YT-RAG\.venv\Lib\site-packages\langsmith\evaluation\evaluator.py", line 791, in wrapper
    return func(*args, **kwargs)
  File "C:\Users\apaks\AppData\Local\Temp\ipykernel_11624\2322913565.py", line 5, in retrieval_relevance
    retrived_text = "\n\n".join(outputs['relevant_chunks'])
                                ~~~~~~~^^^^^^^^^^^^^^^^^^^
KeyError: 'relevant_chunks'
[ 2026-08-05 23:46:25,499] 1735 langsmith.evaluation._runner - ERROR - Error running evaluator <DynamicRunEvaluator timestamp_error> on run 019fd41b-479b-7731-87a8-4a95d3c9320c: TypeError("unsupported operand type(s) for -: 'RunTree' and 'Example'")
Traceback (most recent call last):
  File "c:\Users\apaks\projects\YT-RAG\.venv\Lib\site-packages\langsmith\evaluation\_runner.py", line 1689, in _run_evaluators
    evaluator_response = evaluator.evaluate_run(  # type: ignore[call-arg]
        run=run,
        example=example,
        evaluator_run_id=evaluator_run_id,
    )
  File "c:\Users\apaks\projects\YT-RAG\.venv\Lib\site-packages\langsmith\evaluation\evaluator.py", line 370, in evaluate_run
    result = self.func(
        run,
        example,
        langsmith_extra={"run_id": evaluator_run_id, "metadata": metadata},
    )
  File "c:\Users\apaks\projects\YT-RAG\.venv\Lib\site-packages\langsmith\run_helpers.py", line 777, in wrapper
    function_result = run_container["context"].run(
        func, *args, **kwargs
    )
  File "C:\Users\apaks\AppData\Local\Temp\ipykernel_11624\4279707790.py", line 2, in timestamp_error
    return abs(correct_ts - doc_ts)
               ~~~~~~~~~~~^~~~~~~~
TypeError: unsupported operand type(s) for -: 'RunTree' and 'Example'
[ 2026-08-05 23:46:25,514] 2006 langsmith.evaluation._runner - ERROR - Error running target function: name 'RAGSearch' is not defined
Traceback (most recent call last):
  File "c:\Users\apaks\projects\YT-RAG\.venv\Lib\site-packages\langsmith\evaluation\_runner.py", line 1999, in _forward
    fn(*args, langsmith_extra=langsmith_extra)
    ~~^^^^^^^^^^^^^^^^^^^^^^^^^^^^^^^^^^^^^^^^
  File "c:\Users\apaks\projects\YT-RAG\.venv\Lib\site-packages\langsmith\run_helpers.py", line 777, in wrapper
    function_result = run_container["context"].run(
        func, *args, **kwargs
    )
  File "C:\Users\apaks\AppData\Local\Temp\ipykernel_11624\1623633248.py", line 2, in target
    return run_rag_pipeline(url = url, query=inputs['question'])
  File "c:\Users\apaks\projects\YT-RAG\.venv\Lib\site-packages\langsmith\run_helpers.py", line 777, in wrapper
    function_result = run_container["context"].run(
        func, *args, **kwargs
    )
  File "C:\Users\apaks\AppData\Local\Temp\ipykernel_11624\2201645439.py", line 6, in run_rag_pipeline
    rag = RAGSearch(url = url)
          ^^^^^^^^^
NameError: name 'RAGSearch' is not defined
[ 2026-08-05 23:46:25,519] 1735 langsmith.evaluation._runner - ERROR - Error running evaluator <DynamicRunEvaluator correctness> on run 019fd41b-47dd-7613-9d87-3b24b4fd4a9d: KeyError('answer')
Traceback (most recent call last):
  File "c:\Users\apaks\projects\YT-RAG\.venv\Lib\site-packages\langsmith\evaluation\_runner.py", line 1689, in _run_evaluators
    evaluator_response = evaluator.evaluate_run(  # type: ignore[call-arg]
        run=run,
        example=example,
        evaluator_run_id=evaluator_run_id,
    )
  File "c:\Users\apaks\projects\YT-RAG\.venv\Lib\site-packages\langsmith\evaluation\evaluator.py", line 370, in evaluate_run
    result = self.func(
        run,
        example,
        langsmith_extra={"run_id": evaluator_run_id, "metadata": metadata},
    )
  File "c:\Users\apaks\projects\YT-RAG\.venv\Lib\site-packages\langsmith\run_helpers.py", line 777, in wrapper
    function_result = run_container["context"].run(
        func, *args, **kwargs
    )
  File "c:\Users\apaks\projects\YT-RAG\.venv\Lib\site-packages\langsmith\evaluation\evaluator.py", line 791, in wrapper
    return func(*args, **kwargs)
  File "C:\Users\apaks\AppData\Local\Temp\ipykernel_11624\3911043984.py", line 12, in correctness
    STUDENT ANSWER: {outputs['answer']}
                     ~~~~~~~^^^^^^^^^^
KeyError: 'answer'
[ 2026-08-05 23:46:25,526] 1735 langsmith.evaluation._runner - ERROR - Error running evaluator <DynamicRunEvaluator groundedness> on run 019fd41b-47dd-7613-9d87-3b24b4fd4a9d: KeyError('relevant_chunks')
Traceback (most recent call last):
  File "c:\Users\apaks\projects\YT-RAG\.venv\Lib\site-packages\langsmith\evaluation\_runner.py", line 1689, in _run_evaluators
    evaluator_response = evaluator.evaluate_run(  # type: ignore[call-arg]
        run=run,
        example=example,
        evaluator_run_id=evaluator_run_id,
    )
  File "c:\Users\apaks\projects\YT-RAG\.venv\Lib\site-packages\langsmith\evaluation\evaluator.py", line 370, in evaluate_run
    result = self.func(
        run,
        example,
        langsmith_extra={"run_id": evaluator_run_id, "metadata": metadata},
    )
  File "c:\Users\apaks\projects\YT-RAG\.venv\Lib\site-packages\langsmith\run_helpers.py", line 777, in wrapper
    function_result = run_container["context"].run(
        func, *args, **kwargs
    )
  File "c:\Users\apaks\projects\YT-RAG\.venv\Lib\site-packages\langsmith\evaluation\evaluator.py", line 791, in wrapper
    return func(*args, **kwargs)
  File "C:\Users\apaks\AppData\Local\Temp\ipykernel_11624\1790596764.py", line 6, in groundedness
    retrived_text = "\n\n".join(outputs['relevant_chunks'])
                                ~~~~~~~^^^^^^^^^^^^^^^^^^^
KeyError: 'relevant_chunks'
[ 2026-08-05 23:46:25,530] 1735 langsmith.evaluation._runner - ERROR - Error running evaluator <DynamicRunEvaluator relevance> on run 019fd41b-47dd-7613-9d87-3b24b4fd4a9d: KeyError('answer')
Traceback (most recent call last):
  File "c:\Users\apaks\projects\YT-RAG\.venv\Lib\site-packages\langsmith\evaluation\_runner.py", line 1689, in _run_evaluators
    evaluator_response = evaluator.evaluate_run(  # type: ignore[call-arg]
        run=run,
        example=example,
        evaluator_run_id=evaluator_run_id,
    )
  File "c:\Users\apaks\projects\YT-RAG\.venv\Lib\site-packages\langsmith\evaluation\evaluator.py", line 370, in evaluate_run
    result = self.func(
        run,
        example,
        langsmith_extra={"run_id": evaluator_run_id, "metadata": metadata},
    )
  File "c:\Users\apaks\projects\YT-RAG\.venv\Lib\site-packages\langsmith\run_helpers.py", line 777, in wrapper
    function_result = run_container["context"].run(
        func, *args, **kwargs
    )
  File "c:\Users\apaks\projects\YT-RAG\.venv\Lib\site-packages\langsmith\evaluation\evaluator.py", line 791, in wrapper
    return func(*args, **kwargs)
  File "C:\Users\apaks\AppData\Local\Temp\ipykernel_11624\3932983222.py", line 9, in relevance
    STUDENT ANSWER: {outputs['answer']}
                     ~~~~~~~^^^^^^^^^^
KeyError: 'answer'
[ 2026-08-05 23:46:25,534] 1735 langsmith.evaluation._runner - ERROR - Error running evaluator <DynamicRunEvaluator retrieval_relevance> on run 019fd41b-47dd-7613-9d87-3b24b4fd4a9d: KeyError('relevant_chunks')
Traceback (most recent call last):
  File "c:\Users\apaks\projects\YT-RAG\.venv\Lib\site-packages\langsmith\evaluation\_runner.py", line 1689, in _run_evaluators
    evaluator_response = evaluator.evaluate_run(  # type: ignore[call-arg]
        run=run,
        example=example,
        evaluator_run_id=evaluator_run_id,
    )
  File "c:\Users\apaks\projects\YT-RAG\.venv\Lib\site-packages\langsmith\evaluation\evaluator.py", line 370, in evaluate_run
    result = self.func(
        run,
        example,
        langsmith_extra={"run_id": evaluator_run_id, "metadata": metadata},
    )
  File "c:\Users\apaks\projects\YT-RAG\.venv\Lib\site-packages\langsmith\run_helpers.py", line 777, in wrapper
    function_result = run_container["context"].run(
        func, *args, **kwargs
    )
  File "c:\Users\apaks\projects\YT-RAG\.venv\Lib\site-packages\langsmith\evaluation\evaluator.py", line 791, in wrapper
    return func(*args, **kwargs)
  File "C:\Users\apaks\AppData\Local\Temp\ipykernel_11624\2322913565.py", line 5, in retrieval_relevance
    retrived_text = "\n\n".join(outputs['relevant_chunks'])
                                ~~~~~~~^^^^^^^^^^^^^^^^^^^
KeyError: 'relevant_chunks'
[ 2026-08-05 23:46:25,542] 1735 langsmith.evaluation._runner - ERROR - Error running evaluator <DynamicRunEvaluator timestamp_error> on run 019fd41b-47dd-7613-9d87-3b24b4fd4a9d: TypeError("unsupported operand type(s) for -: 'RunTree' and 'Example'")
Traceback (most recent call last):
  File "c:\Users\apaks\projects\YT-RAG\.venv\Lib\site-packages\langsmith\evaluation\_runner.py", line 1689, in _run_evaluators
    evaluator_response = evaluator.evaluate_run(  # type: ignore[call-arg]
        run=run,
        example=example,
        evaluator_run_id=evaluator_run_id,
    )
  File "c:\Users\apaks\projects\YT-RAG\.venv\Lib\site-packages\langsmith\evaluation\evaluator.py", line 370, in evaluate_run
    result = self.func(
        run,
        example,
        langsmith_extra={"run_id": evaluator_run_id, "metadata": metadata},
    )
  File "c:\Users\apaks\projects\YT-RAG\.venv\Lib\site-packages\langsmith\run_helpers.py", line 777, in wrapper
    function_result = run_container["context"].run(
        func, *args, **kwargs
    )
  File "C:\Users\apaks\AppData\Local\Temp\ipykernel_11624\4279707790.py", line 2, in timestamp_error
    return abs(correct_ts - doc_ts)
               ~~~~~~~~~~~^~~~~~~~
TypeError: unsupported operand type(s) for -: 'RunTree' and 'Example'
[ 2026-08-05 23:46:25,558] 2006 langsmith.evaluation._runner - ERROR - Error running target function: name 'RAGSearch' is not defined
Traceback (most recent call last):
  File "c:\Users\apaks\projects\YT-RAG\.venv\Lib\site-packages\langsmith\evaluation\_runner.py", line 1999, in _forward
    fn(*args, langsmith_extra=langsmith_extra)
    ~~^^^^^^^^^^^^^^^^^^^^^^^^^^^^^^^^^^^^^^^^
  File "c:\Users\apaks\projects\YT-RAG\.venv\Lib\site-packages\langsmith\run_helpers.py", line 777, in wrapper
    function_result = run_container["context"].run(
        func, *args, **kwargs
    )
  File "C:\Users\apaks\AppData\Local\Temp\ipykernel_11624\1623633248.py", line 2, in target
    return run_rag_pipeline(url = url, query=inputs['question'])
  File "c:\Users\apaks\projects\YT-RAG\.venv\Lib\site-packages\langsmith\run_helpers.py", line 777, in wrapper
    function_result = run_container["context"].run(
        func, *args, **kwargs
    )
  File "C:\Users\apaks\AppData\Local\Temp\ipykernel_11624\2201645439.py", line 6, in run_rag_pipeline
    rag = RAGSearch(url = url)
          ^^^^^^^^^
NameError: name 'RAGSearch' is not defined
[ 2026-08-05 23:46:25,564] 1735 langsmith.evaluation._runner - ERROR - Error running evaluator <DynamicRunEvaluator correctness> on run 019fd41b-4808-7eb3-a3ef-e1a9b5824279: KeyError('answer')
Traceback (most recent call last):
  File "c:\Users\apaks\projects\YT-RAG\.venv\Lib\site-packages\langsmith\evaluation\_runner.py", line 1689, in _run_evaluators
    evaluator_response = evaluator.evaluate_run(  # type: ignore[call-arg]
        run=run,
        example=example,
        evaluator_run_id=evaluator_run_id,
    )
  File "c:\Users\apaks\projects\YT-RAG\.venv\Lib\site-packages\langsmith\evaluation\evaluator.py", line 370, in evaluate_run
    result = self.func(
        run,
        example,
        langsmith_extra={"run_id": evaluator_run_id, "metadata": metadata},
    )
  File "c:\Users\apaks\projects\YT-RAG\.venv\Lib\site-packages\langsmith\run_helpers.py", line 777, in wrapper
    function_result = run_container["context"].run(
        func, *args, **kwargs
    )
  File "c:\Users\apaks\projects\YT-RAG\.venv\Lib\site-packages\langsmith\evaluation\evaluator.py", line 791, in wrapper
    return func(*args, **kwargs)
  File "C:\Users\apaks\AppData\Local\Temp\ipykernel_11624\3911043984.py", line 12, in correctness
    STUDENT ANSWER: {outputs['answer']}
                     ~~~~~~~^^^^^^^^^^
KeyError: 'answer'
[ 2026-08-05 23:46:25,570] 1735 langsmith.evaluation._runner - ERROR - Error running evaluator <DynamicRunEvaluator groundedness> on run 019fd41b-4808-7eb3-a3ef-e1a9b5824279: KeyError('relevant_chunks')
Traceback (most recent call last):
  File "c:\Users\apaks\projects\YT-RAG\.venv\Lib\site-packages\langsmith\evaluation\_runner.py", line 1689, in _run_evaluators
    evaluator_response = evaluator.evaluate_run(  # type: ignore[call-arg]
        run=run,
        example=example,
        evaluator_run_id=evaluator_run_id,
    )
  File "c:\Users\apaks\projects\YT-RAG\.venv\Lib\site-packages\langsmith\evaluation\evaluator.py", line 370, in evaluate_run
    result = self.func(
        run,
        example,
        langsmith_extra={"run_id": evaluator_run_id, "metadata": metadata},
    )
  File "c:\Users\apaks\projects\YT-RAG\.venv\Lib\site-packages\langsmith\run_helpers.py", line 777, in wrapper
    function_result = run_container["context"].run(
        func, *args, **kwargs
    )
  File "c:\Users\apaks\projects\YT-RAG\.venv\Lib\site-packages\langsmith\evaluation\evaluator.py", line 791, in wrapper
    return func(*args, **kwargs)
  File "C:\Users\apaks\AppData\Local\Temp\ipykernel_11624\1790596764.py", line 6, in groundedness
    retrived_text = "\n\n".join(outputs['relevant_chunks'])
                                ~~~~~~~^^^^^^^^^^^^^^^^^^^
KeyError: 'relevant_chunks'
[ 2026-08-05 23:46:25,578] 1735 langsmith.evaluation._runner - ERROR - Error running evaluator <DynamicRunEvaluator relevance> on run 019fd41b-4808-7eb3-a3ef-e1a9b5824279: KeyError('answer')
Traceback (most recent call last):
  File "c:\Users\apaks\projects\YT-RAG\.venv\Lib\site-packages\langsmith\evaluation\_runner.py", line 1689, in _run_evaluators
    evaluator_response = evaluator.evaluate_run(  # type: ignore[call-arg]
        run=run,
        example=example,
        evaluator_run_id=evaluator_run_id,
    )
  File "c:\Users\apaks\projects\YT-RAG\.venv\Lib\site-packages\langsmith\evaluation\evaluator.py", line 370, in evaluate_run
    result = self.func(
        run,
        example,
        langsmith_extra={"run_id": evaluator_run_id, "metadata": metadata},
    )
  File "c:\Users\apaks\projects\YT-RAG\.venv\Lib\site-packages\langsmith\run_helpers.py", line 777, in wrapper
    function_result = run_container["context"].run(
        func, *args, **kwargs
    )
  File "c:\Users\apaks\projects\YT-RAG\.venv\Lib\site-packages\langsmith\evaluation\evaluator.py", line 791, in wrapper
    return func(*args, **kwargs)
  File "C:\Users\apaks\AppData\Local\Temp\ipykernel_11624\3932983222.py", line 9, in relevance
    STUDENT ANSWER: {outputs['answer']}
                     ~~~~~~~^^^^^^^^^^
KeyError: 'answer'
[ 2026-08-05 23:46:25,583] 1735 langsmith.evaluation._runner - ERROR - Error running evaluator <DynamicRunEvaluator retrieval_relevance> on run 019fd41b-4808-7eb3-a3ef-e1a9b5824279: KeyError('relevant_chunks')
Traceback (most recent call last):
  File "c:\Users\apaks\projects\YT-RAG\.venv\Lib\site-packages\langsmith\evaluation\_runner.py", line 1689, in _run_evaluators
    evaluator_response = evaluator.evaluate_run(  # type: ignore[call-arg]
        run=run,
        example=example,
        evaluator_run_id=evaluator_run_id,
    )
  File "c:\Users\apaks\projects\YT-RAG\.venv\Lib\site-packages\langsmith\evaluation\evaluator.py", line 370, in evaluate_run
    result = self.func(
        run,
        example,
        langsmith_extra={"run_id": evaluator_run_id, "metadata": metadata},
    )
  File "c:\Users\apaks\projects\YT-RAG\.venv\Lib\site-packages\langsmith\run_helpers.py", line 777, in wrapper
    function_result = run_container["context"].run(
        func, *args, **kwargs
    )
  File "c:\Users\apaks\projects\YT-RAG\.venv\Lib\site-packages\langsmith\evaluation\evaluator.py", line 791, in wrapper
    return func(*args, **kwargs)
  File "C:\Users\apaks\AppData\Local\Temp\ipykernel_11624\2322913565.py", line 5, in retrieval_relevance
    retrived_text = "\n\n".join(outputs['relevant_chunks'])
                                ~~~~~~~^^^^^^^^^^^^^^^^^^^
KeyError: 'relevant_chunks'
[ 2026-08-05 23:46:25,591] 1735 langsmith.evaluation._runner - ERROR - Error running evaluator <DynamicRunEvaluator timestamp_error> on run 019fd41b-4808-7eb3-a3ef-e1a9b5824279: TypeError("unsupported operand type(s) for -: 'RunTree' and 'Example'")
Traceback (most recent call last):
  File "c:\Users\apaks\projects\YT-RAG\.venv\Lib\site-packages\langsmith\evaluation\_runner.py", line 1689, in _run_evaluators
    evaluator_response = evaluator.evaluate_run(  # type: ignore[call-arg]
        run=run,
        example=example,
        evaluator_run_id=evaluator_run_id,
    )
  File "c:\Users\apaks\projects\YT-RAG\.venv\Lib\site-packages\langsmith\evaluation\evaluator.py", line 370, in evaluate_run
    result = self.func(
        run,
        example,
        langsmith_extra={"run_id": evaluator_run_id, "metadata": metadata},
    )
  File "c:\Users\apaks\projects\YT-RAG\.venv\Lib\site-packages\langsmith\run_helpers.py", line 777, in wrapper
    function_result = run_container["context"].run(
        func, *args, **kwargs
    )
  File "C:\Users\apaks\AppData\Local\Temp\ipykernel_11624\4279707790.py", line 2, in timestamp_error
    return abs(correct_ts - doc_ts)
               ~~~~~~~~~~~^~~~~~~~
TypeError: unsupported operand type(s) for -: 'RunTree' and 'Example'
[ 2026-08-05 23:46:25,610] 2006 langsmith.evaluation._runner - ERROR - Error running target function: name 'RAGSearch' is not defined
Traceback (most recent call last):
  File "c:\Users\apaks\projects\YT-RAG\.venv\Lib\site-packages\langsmith\evaluation\_runner.py", line 1999, in _forward
    fn(*args, langsmith_extra=langsmith_extra)
    ~~^^^^^^^^^^^^^^^^^^^^^^^^^^^^^^^^^^^^^^^^
  File "c:\Users\apaks\projects\YT-RAG\.venv\Lib\site-packages\langsmith\run_helpers.py", line 777, in wrapper
    function_result = run_container["context"].run(
        func, *args, **kwargs
    )
  File "C:\Users\apaks\AppData\Local\Temp\ipykernel_11624\1623633248.py", line 2, in target
    return run_rag_pipeline(url = url, query=inputs['question'])
  File "c:\Users\apaks\projects\YT-RAG\.venv\Lib\site-packages\langsmith\run_helpers.py", line 777, in wrapper
    function_result = run_container["context"].run(
        func, *args, **kwargs
    )
  File "C:\Users\apaks\AppData\Local\Temp\ipykernel_11624\2201645439.py", line 6, in run_rag_pipeline
    rag = RAGSearch(url = url)
          ^^^^^^^^^
NameError: name 'RAGSearch' is not defined
[ 2026-08-05 23:46:25,629] 1735 langsmith.evaluation._runner - ERROR - Error running evaluator <DynamicRunEvaluator correctness> on run 019fd41b-483a-77d2-8546-820a46ab7339: KeyError('answer')
Traceback (most recent call last):
  File "c:\Users\apaks\projects\YT-RAG\.venv\Lib\site-packages\langsmith\evaluation\_runner.py", line 1689, in _run_evaluators
    evaluator_response = evaluator.evaluate_run(  # type: ignore[call-arg]
        run=run,
        example=example,
        evaluator_run_id=evaluator_run_id,
    )
  File "c:\Users\apaks\projects\YT-RAG\.venv\Lib\site-packages\langsmith\evaluation\evaluator.py", line 370, in evaluate_run
    result = self.func(
        run,
        example,
        langsmith_extra={"run_id": evaluator_run_id, "metadata": metadata},
    )
  File "c:\Users\apaks\projects\YT-RAG\.venv\Lib\site-packages\langsmith\run_helpers.py", line 777, in wrapper
    function_result = run_container["context"].run(
        func, *args, **kwargs
    )
  File "c:\Users\apaks\projects\YT-RAG\.venv\Lib\site-packages\langsmith\evaluation\evaluator.py", line 791, in wrapper
    return func(*args, **kwargs)
  File "C:\Users\apaks\AppData\Local\Temp\ipykernel_11624\3911043984.py", line 12, in correctness
    STUDENT ANSWER: {outputs['answer']}
                     ~~~~~~~^^^^^^^^^^
KeyError: 'answer'
[ 2026-08-05 23:46:25,633] 1735 langsmith.evaluation._runner - ERROR - Error running evaluator <DynamicRunEvaluator groundedness> on run 019fd41b-483a-77d2-8546-820a46ab7339: KeyError('relevant_chunks')
Traceback (most recent call last):
  File "c:\Users\apaks\projects\YT-RAG\.venv\Lib\site-packages\langsmith\evaluation\_runner.py", line 1689, in _run_evaluators
    evaluator_response = evaluator.evaluate_run(  # type: ignore[call-arg]
        run=run,
        example=example,
        evaluator_run_id=evaluator_run_id,
    )
  File "c:\Users\apaks\projects\YT-RAG\.venv\Lib\site-packages\langsmith\evaluation\evaluator.py", line 370, in evaluate_run
    result = self.func(
        run,
        example,
        langsmith_extra={"run_id": evaluator_run_id, "metadata": metadata},
    )
  File "c:\Users\apaks\projects\YT-RAG\.venv\Lib\site-packages\langsmith\run_helpers.py", line 777, in wrapper
    function_result = run_container["context"].run(
        func, *args, **kwargs
    )
  File "c:\Users\apaks\projects\YT-RAG\.venv\Lib\site-packages\langsmith\evaluation\evaluator.py", line 791, in wrapper
    return func(*args, **kwargs)
  File "C:\Users\apaks\AppData\Local\Temp\ipykernel_11624\1790596764.py", line 6, in groundedness
    retrived_text = "\n\n".join(outputs['relevant_chunks'])
                                ~~~~~~~^^^^^^^^^^^^^^^^^^^
KeyError: 'relevant_chunks'
[ 2026-08-05 23:46:25,639] 1735 langsmith.evaluation._runner - ERROR - Error running evaluator <DynamicRunEvaluator relevance> on run 019fd41b-483a-77d2-8546-820a46ab7339: KeyError('answer')
Traceback (most recent call last):
  File "c:\Users\apaks\projects\YT-RAG\.venv\Lib\site-packages\langsmith\evaluation\_runner.py", line 1689, in _run_evaluators
    evaluator_response = evaluator.evaluate_run(  # type: ignore[call-arg]
        run=run,
        example=example,
        evaluator_run_id=evaluator_run_id,
    )
  File "c:\Users\apaks\projects\YT-RAG\.venv\Lib\site-packages\langsmith\evaluation\evaluator.py", line 370, in evaluate_run
    result = self.func(
        run,
        example,
        langsmith_extra={"run_id": evaluator_run_id, "metadata": metadata},
    )
  File "c:\Users\apaks\projects\YT-RAG\.venv\Lib\site-packages\langsmith\run_helpers.py", line 777, in wrapper
    function_result = run_container["context"].run(
        func, *args, **kwargs
    )
  File "c:\Users\apaks\projects\YT-RAG\.venv\Lib\site-packages\langsmith\evaluation\evaluator.py", line 791, in wrapper
    return func(*args, **kwargs)
  File "C:\Users\apaks\AppData\Local\Temp\ipykernel_11624\3932983222.py", line 9, in relevance
    STUDENT ANSWER: {outputs['answer']}
                     ~~~~~~~^^^^^^^^^^
KeyError: 'answer'
[ 2026-08-05 23:46:25,644] 1735 langsmith.evaluation._runner - ERROR - Error running evaluator <DynamicRunEvaluator retrieval_relevance> on run 019fd41b-483a-77d2-8546-820a46ab7339: KeyError('relevant_chunks')
Traceback (most recent call last):
  File "c:\Users\apaks\projects\YT-RAG\.venv\Lib\site-packages\langsmith\evaluation\_runner.py", line 1689, in _run_evaluators
    evaluator_response = evaluator.evaluate_run(  # type: ignore[call-arg]
        run=run,
        example=example,
        evaluator_run_id=evaluator_run_id,
    )
  File "c:\Users\apaks\projects\YT-RAG\.venv\Lib\site-packages\langsmith\evaluation\evaluator.py", line 370, in evaluate_run
    result = self.func(
        run,
        example,
        langsmith_extra={"run_id": evaluator_run_id, "metadata": metadata},
    )
  File "c:\Users\apaks\projects\YT-RAG\.venv\Lib\site-packages\langsmith\run_helpers.py", line 777, in wrapper
    function_result = run_container["context"].run(
        func, *args, **kwargs
    )
  File "c:\Users\apaks\projects\YT-RAG\.venv\Lib\site-packages\langsmith\evaluation\evaluator.py", line 791, in wrapper
    return func(*args, **kwargs)
  File "C:\Users\apaks\AppData\Local\Temp\ipykernel_11624\2322913565.py", line 5, in retrieval_relevance
    retrived_text = "\n\n".join(outputs['relevant_chunks'])
                                ~~~~~~~^^^^^^^^^^^^^^^^^^^
KeyError: 'relevant_chunks'
[ 2026-08-05 23:46:25,649] 1735 langsmith.evaluation._runner - ERROR - Error running evaluator <DynamicRunEvaluator timestamp_error> on run 019fd41b-483a-77d2-8546-820a46ab7339: TypeError("unsupported operand type(s) for -: 'RunTree' and 'Example'")
Traceback (most recent call last):
  File "c:\Users\apaks\projects\YT-RAG\.venv\Lib\site-packages\langsmith\evaluation\_runner.py", line 1689, in _run_evaluators
    evaluator_response = evaluator.evaluate_run(  # type: ignore[call-arg]
        run=run,
        example=example,
        evaluator_run_id=evaluator_run_id,
    )
  File "c:\Users\apaks\projects\YT-RAG\.venv\Lib\site-packages\langsmith\evaluation\evaluator.py", line 370, in evaluate_run
    result = self.func(
        run,
        example,
        langsmith_extra={"run_id": evaluator_run_id, "metadata": metadata},
    )
  File "c:\Users\apaks\projects\YT-RAG\.venv\Lib\site-packages\langsmith\run_helpers.py", line 777, in wrapper
    function_result = run_container["context"].run(
        func, *args, **kwargs
    )
  File "C:\Users\apaks\AppData\Local\Temp\ipykernel_11624\4279707790.py", line 2, in timestamp_error
    return abs(correct_ts - doc_ts)
               ~~~~~~~~~~~^~~~~~~~
TypeError: unsupported operand type(s) for -: 'RunTree' and 'Example'
[ 2026-08-05 23:46:25,662] 2006 langsmith.evaluation._runner - ERROR - Error running target function: name 'RAGSearch' is not defined
Traceback (most recent call last):
  File "c:\Users\apaks\projects\YT-RAG\.venv\Lib\site-packages\langsmith\evaluation\_runner.py", line 1999, in _forward
    fn(*args, langsmith_extra=langsmith_extra)
    ~~^^^^^^^^^^^^^^^^^^^^^^^^^^^^^^^^^^^^^^^^
  File "c:\Users\apaks\projects\YT-RAG\.venv\Lib\site-packages\langsmith\run_helpers.py", line 777, in wrapper
    function_result = run_container["context"].run(
        func, *args, **kwargs
    )
  File "C:\Users\apaks\AppData\Local\Temp\ipykernel_11624\1623633248.py", line 2, in target
    return run_rag_pipeline(url = url, query=inputs['question'])
  File "c:\Users\apaks\projects\YT-RAG\.venv\Lib\site-packages\langsmith\run_helpers.py", line 777, in wrapper
    function_result = run_container["context"].run(
        func, *args, **kwargs
    )
  File "C:\Users\apaks\AppData\Local\Temp\ipykernel_11624\2201645439.py", line 6, in run_rag_pipeline
    rag = RAGSearch(url = url)
          ^^^^^^^^^
NameError: name 'RAGSearch' is not defined
[ 2026-08-05 23:46:25,675] 1735 langsmith.evaluation._runner - ERROR - Error running evaluator <DynamicRunEvaluator correctness> on run 019fd41b-4873-7393-b878-424e64862915: KeyError('answer')
Traceback (most recent call last):
  File "c:\Users\apaks\projects\YT-RAG\.venv\Lib\site-packages\langsmith\evaluation\_runner.py", line 1689, in _run_evaluators
    evaluator_response = evaluator.evaluate_run(  # type: ignore[call-arg]
        run=run,
        example=example,
        evaluator_run_id=evaluator_run_id,
    )
  File "c:\Users\apaks\projects\YT-RAG\.venv\Lib\site-packages\langsmith\evaluation\evaluator.py", line 370, in evaluate_run
    result = self.func(
        run,
        example,
        langsmith_extra={"run_id": evaluator_run_id, "metadata": metadata},
    )
  File "c:\Users\apaks\projects\YT-RAG\.venv\Lib\site-packages\langsmith\run_helpers.py", line 777, in wrapper
    function_result = run_container["context"].run(
        func, *args, **kwargs
    )
  File "c:\Users\apaks\projects\YT-RAG\.venv\Lib\site-packages\langsmith\evaluation\evaluator.py", line 791, in wrapper
    return func(*args, **kwargs)
  File "C:\Users\apaks\AppData\Local\Temp\ipykernel_11624\3911043984.py", line 12, in correctness
    STUDENT ANSWER: {outputs['answer']}
                     ~~~~~~~^^^^^^^^^^
KeyError: 'answer'
[ 2026-08-05 23:46:25,678] 1735 langsmith.evaluation._runner - ERROR - Error running evaluator <DynamicRunEvaluator groundedness> on run 019fd41b-4873-7393-b878-424e64862915: KeyError('relevant_chunks')
Traceback (most recent call last):
  File "c:\Users\apaks\projects\YT-RAG\.venv\Lib\site-packages\langsmith\evaluation\_runner.py", line 1689, in _run_evaluators
    evaluator_response = evaluator.evaluate_run(  # type: ignore[call-arg]
        run=run,
        example=example,
        evaluator_run_id=evaluator_run_id,
    )
  File "c:\Users\apaks\projects\YT-RAG\.venv\Lib\site-packages\langsmith\evaluation\evaluator.py", line 370, in evaluate_run
    result = self.func(
        run,
        example,
        langsmith_extra={"run_id": evaluator_run_id, "metadata": metadata},
    )
  File "c:\Users\apaks\projects\YT-RAG\.venv\Lib\site-packages\langsmith\run_helpers.py", line 777, in wrapper
    function_result = run_container["context"].run(
        func, *args, **kwargs
    )
  File "c:\Users\apaks\projects\YT-RAG\.venv\Lib\site-packages\langsmith\evaluation\evaluator.py", line 791, in wrapper
    return func(*args, **kwargs)
  File "C:\Users\apaks\AppData\Local\Temp\ipykernel_11624\1790596764.py", line 6, in groundedness
    retrived_text = "\n\n".join(outputs['relevant_chunks'])
                                ~~~~~~~^^^^^^^^^^^^^^^^^^^
KeyError: 'relevant_chunks'
[ 2026-08-05 23:46:25,682] 1735 langsmith.evaluation._runner - ERROR - Error running evaluator <DynamicRunEvaluator relevance> on run 019fd41b-4873-7393-b878-424e64862915: KeyError('answer')
Traceback (most recent call last):
  File "c:\Users\apaks\projects\YT-RAG\.venv\Lib\site-packages\langsmith\evaluation\_runner.py", line 1689, in _run_evaluators
    evaluator_response = evaluator.evaluate_run(  # type: ignore[call-arg]
        run=run,
        example=example,
        evaluator_run_id=evaluator_run_id,
    )
  File "c:\Users\apaks\projects\YT-RAG\.venv\Lib\site-packages\langsmith\evaluation\evaluator.py", line 370, in evaluate_run
    result = self.func(
        run,
        example,
        langsmith_extra={"run_id": evaluator_run_id, "metadata": metadata},
    )
  File "c:\Users\apaks\projects\YT-RAG\.venv\Lib\site-packages\langsmith\run_helpers.py", line 777, in wrapper
    function_result = run_container["context"].run(
        func, *args, **kwargs
    )
  File "c:\Users\apaks\projects\YT-RAG\.venv\Lib\site-packages\langsmith\evaluation\evaluator.py", line 791, in wrapper
    return func(*args, **kwargs)
  File "C:\Users\apaks\AppData\Local\Temp\ipykernel_11624\3932983222.py", line 9, in relevance
    STUDENT ANSWER: {outputs['answer']}
                     ~~~~~~~^^^^^^^^^^
KeyError: 'answer'
[ 2026-08-05 23:46:25,685] 1735 langsmith.evaluation._runner - ERROR - Error running evaluator <DynamicRunEvaluator retrieval_relevance> on run 019fd41b-4873-7393-b878-424e64862915: KeyError('relevant_chunks')
Traceback (most recent call last):
  File "c:\Users\apaks\projects\YT-RAG\.venv\Lib\site-packages\langsmith\evaluation\_runner.py", line 1689, in _run_evaluators
    evaluator_response = evaluator.evaluate_run(  # type: ignore[call-arg]
        run=run,
        example=example,
        evaluator_run_id=evaluator_run_id,
    )
  File "c:\Users\apaks\projects\YT-RAG\.venv\Lib\site-packages\langsmith\evaluation\evaluator.py", line 370, in evaluate_run
    result = self.func(
        run,
        example,
        langsmith_extra={"run_id": evaluator_run_id, "metadata": metadata},
    )
  File "c:\Users\apaks\projects\YT-RAG\.venv\Lib\site-packages\langsmith\run_helpers.py", line 777, in wrapper
    function_result = run_container["context"].run(
        func, *args, **kwargs
    )
  File "c:\Users\apaks\projects\YT-RAG\.venv\Lib\site-packages\langsmith\evaluation\evaluator.py", line 791, in wrapper
    return func(*args, **kwargs)
  File "C:\Users\apaks\AppData\Local\Temp\ipykernel_11624\2322913565.py", line 5, in retrieval_relevance
    retrived_text = "\n\n".join(outputs['relevant_chunks'])
                                ~~~~~~~^^^^^^^^^^^^^^^^^^^
KeyError: 'relevant_chunks'
[ 2026-08-05 23:46:25,690] 1735 langsmith.evaluation._runner - ERROR - Error running evaluator <DynamicRunEvaluator timestamp_error> on run 019fd41b-4873-7393-b878-424e64862915: TypeError("unsupported operand type(s) for -: 'RunTree' and 'Example'")
Traceback (most recent call last):
  File "c:\Users\apaks\projects\YT-RAG\.venv\Lib\site-packages\langsmith\evaluation\_runner.py", line 1689, in _run_evaluators
    evaluator_response = evaluator.evaluate_run(  # type: ignore[call-arg]
        run=run,
        example=example,
        evaluator_run_id=evaluator_run_id,
    )
  File "c:\Users\apaks\projects\YT-RAG\.venv\Lib\site-packages\langsmith\evaluation\evaluator.py", line 370, in evaluate_run
    result = self.func(
        run,
        example,
        langsmith_extra={"run_id": evaluator_run_id, "metadata": metadata},
    )
  File "c:\Users\apaks\projects\YT-RAG\.venv\Lib\site-packages\langsmith\run_helpers.py", line 777, in wrapper
    function_result = run_container["context"].run(
        func, *args, **kwargs
    )
  File "C:\Users\apaks\AppData\Local\Temp\ipykernel_11624\4279707790.py", line 2, in timestamp_error
    return abs(correct_ts - doc_ts)
               ~~~~~~~~~~~^~~~~~~~
TypeError: unsupported operand type(s) for -: 'RunTree' and 'Example'
[ 2026-08-05 23:46:25,717] 2006 langsmith.evaluation._runner - ERROR - Error running target function: name 'RAGSearch' is not defined
Traceback (most recent call last):
  File "c:\Users\apaks\projects\YT-RAG\.venv\Lib\site-packages\langsmith\evaluation\_runner.py", line 1999, in _forward
    fn(*args, langsmith_extra=langsmith_extra)
    ~~^^^^^^^^^^^^^^^^^^^^^^^^^^^^^^^^^^^^^^^^
  File "c:\Users\apaks\projects\YT-RAG\.venv\Lib\site-packages\langsmith\run_helpers.py", line 777, in wrapper
    function_result = run_container["context"].run(
        func, *args, **kwargs
    )
  File "C:\Users\apaks\AppData\Local\Temp\ipykernel_11624\1623633248.py", line 2, in target
    return run_rag_pipeline(url = url, query=inputs['question'])
  File "c:\Users\apaks\projects\YT-RAG\.venv\Lib\site-packages\langsmith\run_helpers.py", line 777, in wrapper
    function_result = run_container["context"].run(
        func, *args, **kwargs
    )
  File "C:\Users\apaks\AppData\Local\Temp\ipykernel_11624\2201645439.py", line 6, in run_rag_pipeline
    rag = RAGSearch(url = url)
          ^^^^^^^^^
NameError: name 'RAGSearch' is not defined
[ 2026-08-05 23:46:25,725] 1735 langsmith.evaluation._runner - ERROR - Error running evaluator <DynamicRunEvaluator correctness> on run 019fd41b-489d-70b1-b10a-1d2f7799deb3: KeyError('answer')
Traceback (most recent call last):
  File "c:\Users\apaks\projects\YT-RAG\.venv\Lib\site-packages\langsmith\evaluation\_runner.py", line 1689, in _run_evaluators
    evaluator_response = evaluator.evaluate_run(  # type: ignore[call-arg]
        run=run,
        example=example,
        evaluator_run_id=evaluator_run_id,
    )
  File "c:\Users\apaks\projects\YT-RAG\.venv\Lib\site-packages\langsmith\evaluation\evaluator.py", line 370, in evaluate_run
    result = self.func(
        run,
        example,
        langsmith_extra={"run_id": evaluator_run_id, "metadata": metadata},
    )
  File "c:\Users\apaks\projects\YT-RAG\.venv\Lib\site-packages\langsmith\run_helpers.py", line 777, in wrapper
    function_result = run_container["context"].run(
        func, *args, **kwargs
    )
  File "c:\Users\apaks\projects\YT-RAG\.venv\Lib\site-packages\langsmith\evaluation\evaluator.py", line 791, in wrapper
    return func(*args, **kwargs)
  File "C:\Users\apaks\AppData\Local\Temp\ipykernel_11624\3911043984.py", line 12, in correctness
    STUDENT ANSWER: {outputs['answer']}
                     ~~~~~~~^^^^^^^^^^
KeyError: 'answer'
[ 2026-08-05 23:46:25,728] 1735 langsmith.evaluation._runner - ERROR - Error running evaluator <DynamicRunEvaluator groundedness> on run 019fd41b-489d-70b1-b10a-1d2f7799deb3: KeyError('relevant_chunks')
Traceback (most recent call last):
  File "c:\Users\apaks\projects\YT-RAG\.venv\Lib\site-packages\langsmith\evaluation\_runner.py", line 1689, in _run_evaluators
    evaluator_response = evaluator.evaluate_run(  # type: ignore[call-arg]
        run=run,
        example=example,
        evaluator_run_id=evaluator_run_id,
    )
  File "c:\Users\apaks\projects\YT-RAG\.venv\Lib\site-packages\langsmith\evaluation\evaluator.py", line 370, in evaluate_run
    result = self.func(
        run,
        example,
        langsmith_extra={"run_id": evaluator_run_id, "metadata": metadata},
    )
  File "c:\Users\apaks\projects\YT-RAG\.venv\Lib\site-packages\langsmith\run_helpers.py", line 777, in wrapper
    function_result = run_container["context"].run(
        func, *args, **kwargs
    )
  File "c:\Users\apaks\projects\YT-RAG\.venv\Lib\site-packages\langsmith\evaluation\evaluator.py", line 791, in wrapper
    return func(*args, **kwargs)
  File "C:\Users\apaks\AppData\Local\Temp\ipykernel_11624\1790596764.py", line 6, in groundedness
    retrived_text = "\n\n".join(outputs['relevant_chunks'])
                                ~~~~~~~^^^^^^^^^^^^^^^^^^^
KeyError: 'relevant_chunks'
[ 2026-08-05 23:46:25,731] 1735 langsmith.evaluation._runner - ERROR - Error running evaluator <DynamicRunEvaluator relevance> on run 019fd41b-489d-70b1-b10a-1d2f7799deb3: KeyError('answer')
Traceback (most recent call last):
  File "c:\Users\apaks\projects\YT-RAG\.venv\Lib\site-packages\langsmith\evaluation\_runner.py", line 1689, in _run_evaluators
    evaluator_response = evaluator.evaluate_run(  # type: ignore[call-arg]
        run=run,
        example=example,
        evaluator_run_id=evaluator_run_id,
    )
  File "c:\Users\apaks\projects\YT-RAG\.venv\Lib\site-packages\langsmith\evaluation\evaluator.py", line 370, in evaluate_run
    result = self.func(
        run,
        example,
        langsmith_extra={"run_id": evaluator_run_id, "metadata": metadata},
    )
  File "c:\Users\apaks\projects\YT-RAG\.venv\Lib\site-packages\langsmith\run_helpers.py", line 777, in wrapper
    function_result = run_container["context"].run(
        func, *args, **kwargs
    )
  File "c:\Users\apaks\projects\YT-RAG\.venv\Lib\site-packages\langsmith\evaluation\evaluator.py", line 791, in wrapper
    return func(*args, **kwargs)
  File "C:\Users\apaks\AppData\Local\Temp\ipykernel_11624\3932983222.py", line 9, in relevance
    STUDENT ANSWER: {outputs['answer']}
                     ~~~~~~~^^^^^^^^^^
KeyError: 'answer'
[ 2026-08-05 23:46:25,734] 1735 langsmith.evaluation._runner - ERROR - Error running evaluator <DynamicRunEvaluator retrieval_relevance> on run 019fd41b-489d-70b1-b10a-1d2f7799deb3: KeyError('relevant_chunks')
Traceback (most recent call last):
  File "c:\Users\apaks\projects\YT-RAG\.venv\Lib\site-packages\langsmith\evaluation\_runner.py", line 1689, in _run_evaluators
    evaluator_response = evaluator.evaluate_run(  # type: ignore[call-arg]
        run=run,
        example=example,
        evaluator_run_id=evaluator_run_id,
    )
  File "c:\Users\apaks\projects\YT-RAG\.venv\Lib\site-packages\langsmith\evaluation\evaluator.py", line 370, in evaluate_run
    result = self.func(
        run,
        example,
        langsmith_extra={"run_id": evaluator_run_id, "metadata": metadata},
    )
  File "c:\Users\apaks\projects\YT-RAG\.venv\Lib\site-packages\langsmith\run_helpers.py", line 777, in wrapper
    function_result = run_container["context"].run(
        func, *args, **kwargs
    )
  File "c:\Users\apaks\projects\YT-RAG\.venv\Lib\site-packages\langsmith\evaluation\evaluator.py", line 791, in wrapper
    return func(*args, **kwargs)
  File "C:\Users\apaks\AppData\Local\Temp\ipykernel_11624\2322913565.py", line 5, in retrieval_relevance
    retrived_text = "\n\n".join(outputs['relevant_chunks'])
                                ~~~~~~~^^^^^^^^^^^^^^^^^^^
KeyError: 'relevant_chunks'
[ 2026-08-05 23:46:25,743] 1735 langsmith.evaluation._runner - ERROR - Error running evaluator <DynamicRunEvaluator timestamp_error> on run 019fd41b-489d-70b1-b10a-1d2f7799deb3: TypeError("unsupported operand type(s) for -: 'RunTree' and 'Example'")
Traceback (most recent call last):
  File "c:\Users\apaks\projects\YT-RAG\.venv\Lib\site-packages\langsmith\evaluation\_runner.py", line 1689, in _run_evaluators
    evaluator_response = evaluator.evaluate_run(  # type: ignore[call-arg]
        run=run,
        example=example,
        evaluator_run_id=evaluator_run_id,
    )
  File "c:\Users\apaks\projects\YT-RAG\.venv\Lib\site-packages\langsmith\evaluation\evaluator.py", line 370, in evaluate_run
    result = self.func(
        run,
        example,
        langsmith_extra={"run_id": evaluator_run_id, "metadata": metadata},
    )
  File "c:\Users\apaks\projects\YT-RAG\.venv\Lib\site-packages\langsmith\run_helpers.py", line 777, in wrapper
    function_result = run_container["context"].run(
        func, *args, **kwargs
    )
  File "C:\Users\apaks\AppData\Local\Temp\ipykernel_11624\4279707790.py", line 2, in timestamp_error
    return abs(correct_ts - doc_ts)
               ~~~~~~~~~~~^~~~~~~~
TypeError: unsupported operand type(s) for -: 'RunTree' and 'Example'
[ 2026-08-05 23:46:25,757] 2006 langsmith.evaluation._runner - ERROR - Error running target function: name 'RAGSearch' is not defined
Traceback (most recent call last):
  File "c:\Users\apaks\projects\YT-RAG\.venv\Lib\site-packages\langsmith\evaluation\_runner.py", line 1999, in _forward
    fn(*args, langsmith_extra=langsmith_extra)
    ~~^^^^^^^^^^^^^^^^^^^^^^^^^^^^^^^^^^^^^^^^
  File "c:\Users\apaks\projects\YT-RAG\.venv\Lib\site-packages\langsmith\run_helpers.py", line 777, in wrapper
    function_result = run_container["context"].run(
        func, *args, **kwargs
    )
  File "C:\Users\apaks\AppData\Local\Temp\ipykernel_11624\1623633248.py", line 2, in target
    return run_rag_pipeline(url = url, query=inputs['question'])
  File "c:\Users\apaks\projects\YT-RAG\.venv\Lib\site-packages\langsmith\run_helpers.py", line 777, in wrapper
    function_result = run_container["context"].run(
        func, *args, **kwargs
    )
  File "C:\Users\apaks\AppData\Local\Temp\ipykernel_11624\2201645439.py", line 6, in run_rag_pipeline
    rag = RAGSearch(url = url)
          ^^^^^^^^^
NameError: name 'RAGSearch' is not defined
[ 2026-08-05 23:46:25,767] 1735 langsmith.evaluation._runner - ERROR - Error running evaluator <DynamicRunEvaluator correctness> on run 019fd41b-48d3-7fe2-8c44-4e679edd5610: KeyError('answer')
Traceback (most recent call last):
  File "c:\Users\apaks\projects\YT-RAG\.venv\Lib\site-packages\langsmith\evaluation\_runner.py", line 1689, in _run_evaluators
    evaluator_response = evaluator.evaluate_run(  # type: ignore[call-arg]
        run=run,
        example=example,
        evaluator_run_id=evaluator_run_id,
    )
  File "c:\Users\apaks\projects\YT-RAG\.venv\Lib\site-packages\langsmith\evaluation\evaluator.py", line 370, in evaluate_run
    result = self.func(
        run,
        example,
        langsmith_extra={"run_id": evaluator_run_id, "metadata": metadata},
    )
  File "c:\Users\apaks\projects\YT-RAG\.venv\Lib\site-packages\langsmith\run_helpers.py", line 777, in wrapper
    function_result = run_container["context"].run(
        func, *args, **kwargs
    )
  File "c:\Users\apaks\projects\YT-RAG\.venv\Lib\site-packages\langsmith\evaluation\evaluator.py", line 791, in wrapper
    return func(*args, **kwargs)
  File "C:\Users\apaks\AppData\Local\Temp\ipykernel_11624\3911043984.py", line 12, in correctness
    STUDENT ANSWER: {outputs['answer']}
                     ~~~~~~~^^^^^^^^^^
KeyError: 'answer'
[ 2026-08-05 23:46:25,775] 1735 langsmith.evaluation._runner - ERROR - Error running evaluator <DynamicRunEvaluator groundedness> on run 019fd41b-48d3-7fe2-8c44-4e679edd5610: KeyError('relevant_chunks')
Traceback (most recent call last):
  File "c:\Users\apaks\projects\YT-RAG\.venv\Lib\site-packages\langsmith\evaluation\_runner.py", line 1689, in _run_evaluators
    evaluator_response = evaluator.evaluate_run(  # type: ignore[call-arg]
        run=run,
        example=example,
        evaluator_run_id=evaluator_run_id,
    )
  File "c:\Users\apaks\projects\YT-RAG\.venv\Lib\site-packages\langsmith\evaluation\evaluator.py", line 370, in evaluate_run
    result = self.func(
        run,
        example,
        langsmith_extra={"run_id": evaluator_run_id, "metadata": metadata},
    )
  File "c:\Users\apaks\projects\YT-RAG\.venv\Lib\site-packages\langsmith\run_helpers.py", line 777, in wrapper
    function_result = run_container["context"].run(
        func, *args, **kwargs
    )
  File "c:\Users\apaks\projects\YT-RAG\.venv\Lib\site-packages\langsmith\evaluation\evaluator.py", line 791, in wrapper
    return func(*args, **kwargs)
  File "C:\Users\apaks\AppData\Local\Temp\ipykernel_11624\1790596764.py", line 6, in groundedness
    retrived_text = "\n\n".join(outputs['relevant_chunks'])
                                ~~~~~~~^^^^^^^^^^^^^^^^^^^
KeyError: 'relevant_chunks'
[ 2026-08-05 23:46:25,779] 1735 langsmith.evaluation._runner - ERROR - Error running evaluator <DynamicRunEvaluator relevance> on run 019fd41b-48d3-7fe2-8c44-4e679edd5610: KeyError('answer')
Traceback (most recent call last):
  File "c:\Users\apaks\projects\YT-RAG\.venv\Lib\site-packages\langsmith\evaluation\_runner.py", line 1689, in _run_evaluators
    evaluator_response = evaluator.evaluate_run(  # type: ignore[call-arg]
        run=run,
        example=example,
        evaluator_run_id=evaluator_run_id,
    )
  File "c:\Users\apaks\projects\YT-RAG\.venv\Lib\site-packages\langsmith\evaluation\evaluator.py", line 370, in evaluate_run
    result = self.func(
        run,
        example,
        langsmith_extra={"run_id": evaluator_run_id, "metadata": metadata},
    )
  File "c:\Users\apaks\projects\YT-RAG\.venv\Lib\site-packages\langsmith\run_helpers.py", line 777, in wrapper
    function_result = run_container["context"].run(
        func, *args, **kwargs
    )
  File "c:\Users\apaks\projects\YT-RAG\.venv\Lib\site-packages\langsmith\evaluation\evaluator.py", line 791, in wrapper
    return func(*args, **kwargs)
  File "C:\Users\apaks\AppData\Local\Temp\ipykernel_11624\3932983222.py", line 9, in relevance
    STUDENT ANSWER: {outputs['answer']}
                     ~~~~~~~^^^^^^^^^^
KeyError: 'answer'
[ 2026-08-05 23:46:25,789] 1735 langsmith.evaluation._runner - ERROR - Error running evaluator <DynamicRunEvaluator retrieval_relevance> on run 019fd41b-48d3-7fe2-8c44-4e679edd5610: KeyError('relevant_chunks')
Traceback (most recent call last):
  File "c:\Users\apaks\projects\YT-RAG\.venv\Lib\site-packages\langsmith\evaluation\_runner.py", line 1689, in _run_evaluators
    evaluator_response = evaluator.evaluate_run(  # type: ignore[call-arg]
        run=run,
        example=example,
        evaluator_run_id=evaluator_run_id,
    )
  File "c:\Users\apaks\projects\YT-RAG\.venv\Lib\site-packages\langsmith\evaluation\evaluator.py", line 370, in evaluate_run
    result = self.func(
        run,
        example,
        langsmith_extra={"run_id": evaluator_run_id, "metadata": metadata},
    )
  File "c:\Users\apaks\projects\YT-RAG\.venv\Lib\site-packages\langsmith\run_helpers.py", line 777, in wrapper
    function_result = run_container["context"].run(
        func, *args, **kwargs
    )
  File "c:\Users\apaks\projects\YT-RAG\.venv\Lib\site-packages\langsmith\evaluation\evaluator.py", line 791, in wrapper
    return func(*args, **kwargs)
  File "C:\Users\apaks\AppData\Local\Temp\ipykernel_11624\2322913565.py", line 5, in retrieval_relevance
    retrived_text = "\n\n".join(outputs['relevant_chunks'])
                                ~~~~~~~^^^^^^^^^^^^^^^^^^^
KeyError: 'relevant_chunks'
[ 2026-08-05 23:46:25,794] 1735 langsmith.evaluation._runner - ERROR - Error running evaluator <DynamicRunEvaluator timestamp_error> on run 019fd41b-48d3-7fe2-8c44-4e679edd5610: TypeError("unsupported operand type(s) for -: 'RunTree' and 'Example'")
Traceback (most recent call last):
  File "c:\Users\apaks\projects\YT-RAG\.venv\Lib\site-packages\langsmith\evaluation\_runner.py", line 1689, in _run_evaluators
    evaluator_response = evaluator.evaluate_run(  # type: ignore[call-arg]
        run=run,
        example=example,
        evaluator_run_id=evaluator_run_id,
    )
  File "c:\Users\apaks\projects\YT-RAG\.venv\Lib\site-packages\langsmith\evaluation\evaluator.py", line 370, in evaluate_run
    result = self.func(
        run,
        example,
        langsmith_extra={"run_id": evaluator_run_id, "metadata": metadata},
    )
  File "c:\Users\apaks\projects\YT-RAG\.venv\Lib\site-packages\langsmith\run_helpers.py", line 777, in wrapper
    function_result = run_container["context"].run(
        func, *args, **kwargs
    )
  File "C:\Users\apaks\AppData\Local\Temp\ipykernel_11624\4279707790.py", line 2, in timestamp_error
    return abs(correct_ts - doc_ts)
               ~~~~~~~~~~~^~~~~~~~
TypeError: unsupported operand type(s) for -: 'RunTree' and 'Example'
[ 2026-08-05 23:46:25,810] 2006 langsmith.evaluation._runner - ERROR - Error running target function: name 'RAGSearch' is not defined
Traceback (most recent call last):
  File "c:\Users\apaks\projects\YT-RAG\.venv\Lib\site-packages\langsmith\evaluation\_runner.py", line 1999, in _forward
    fn(*args, langsmith_extra=langsmith_extra)
    ~~^^^^^^^^^^^^^^^^^^^^^^^^^^^^^^^^^^^^^^^^
  File "c:\Users\apaks\projects\YT-RAG\.venv\Lib\site-packages\langsmith\run_helpers.py", line 777, in wrapper
    function_result = run_container["context"].run(
        func, *args, **kwargs
    )
  File "C:\Users\apaks\AppData\Local\Temp\ipykernel_11624\1623633248.py", line 2, in target
    return run_rag_pipeline(url = url, query=inputs['question'])
  File "c:\Users\apaks\projects\YT-RAG\.venv\Lib\site-packages\langsmith\run_helpers.py", line 777, in wrapper
    function_result = run_container["context"].run(
        func, *args, **kwargs
    )
  File "C:\Users\apaks\AppData\Local\Temp\ipykernel_11624\2201645439.py", line 6, in run_rag_pipeline
    rag = RAGSearch(url = url)
          ^^^^^^^^^
NameError: name 'RAGSearch' is not defined
[ 2026-08-05 23:46:25,815] 1735 langsmith.evaluation._runner - ERROR - Error running evaluator <DynamicRunEvaluator correctness> on run 019fd41b-4905-73a1-9b46-b17636cc534b: KeyError('answer')
Traceback (most recent call last):
  File "c:\Users\apaks\projects\YT-RAG\.venv\Lib\site-packages\langsmith\evaluation\_runner.py", line 1689, in _run_evaluators
    evaluator_response = evaluator.evaluate_run(  # type: ignore[call-arg]
        run=run,
        example=example,
        evaluator_run_id=evaluator_run_id,
    )
  File "c:\Users\apaks\projects\YT-RAG\.venv\Lib\site-packages\langsmith\evaluation\evaluator.py", line 370, in evaluate_run
    result = self.func(
        run,
        example,
        langsmith_extra={"run_id": evaluator_run_id, "metadata": metadata},
    )
  File "c:\Users\apaks\projects\YT-RAG\.venv\Lib\site-packages\langsmith\run_helpers.py", line 777, in wrapper
    function_result = run_container["context"].run(
        func, *args, **kwargs
    )
  File "c:\Users\apaks\projects\YT-RAG\.venv\Lib\site-packages\langsmith\evaluation\evaluator.py", line 791, in wrapper
    return func(*args, **kwargs)
  File "C:\Users\apaks\AppData\Local\Temp\ipykernel_11624\3911043984.py", line 12, in correctness
    STUDENT ANSWER: {outputs['answer']}
                     ~~~~~~~^^^^^^^^^^
KeyError: 'answer'
[ 2026-08-05 23:46:25,818] 1735 langsmith.evaluation._runner - ERROR - Error running evaluator <DynamicRunEvaluator groundedness> on run 019fd41b-4905-73a1-9b46-b17636cc534b: KeyError('relevant_chunks')
Traceback (most recent call last):
  File "c:\Users\apaks\projects\YT-RAG\.venv\Lib\site-packages\langsmith\evaluation\_runner.py", line 1689, in _run_evaluators
    evaluator_response = evaluator.evaluate_run(  # type: ignore[call-arg]
        run=run,
        example=example,
        evaluator_run_id=evaluator_run_id,
    )
  File "c:\Users\apaks\projects\YT-RAG\.venv\Lib\site-packages\langsmith\evaluation\evaluator.py", line 370, in evaluate_run
    result = self.func(
        run,
        example,
        langsmith_extra={"run_id": evaluator_run_id, "metadata": metadata},
    )
  File "c:\Users\apaks\projects\YT-RAG\.venv\Lib\site-packages\langsmith\run_helpers.py", line 777, in wrapper
    function_result = run_container["context"].run(
        func, *args, **kwargs
    )
  File "c:\Users\apaks\projects\YT-RAG\.venv\Lib\site-packages\langsmith\evaluation\evaluator.py", line 791, in wrapper
    return func(*args, **kwargs)
  File "C:\Users\apaks\AppData\Local\Temp\ipykernel_11624\1790596764.py", line 6, in groundedness
    retrived_text = "\n\n".join(outputs['relevant_chunks'])
                                ~~~~~~~^^^^^^^^^^^^^^^^^^^
KeyError: 'relevant_chunks'
[ 2026-08-05 23:46:25,824] 1735 langsmith.evaluation._runner - ERROR - Error running evaluator <DynamicRunEvaluator relevance> on run 019fd41b-4905-73a1-9b46-b17636cc534b: KeyError('answer')
Traceback (most recent call last):
  File "c:\Users\apaks\projects\YT-RAG\.venv\Lib\site-packages\langsmith\evaluation\_runner.py", line 1689, in _run_evaluators
    evaluator_response = evaluator.evaluate_run(  # type: ignore[call-arg]
        run=run,
        example=example,
        evaluator_run_id=evaluator_run_id,
    )
  File "c:\Users\apaks\projects\YT-RAG\.venv\Lib\site-packages\langsmith\evaluation\evaluator.py", line 370, in evaluate_run
    result = self.func(
        run,
        example,
        langsmith_extra={"run_id": evaluator_run_id, "metadata": metadata},
    )
  File "c:\Users\apaks\projects\YT-RAG\.venv\Lib\site-packages\langsmith\run_helpers.py", line 777, in wrapper
    function_result = run_container["context"].run(
        func, *args, **kwargs
    )
  File "c:\Users\apaks\projects\YT-RAG\.venv\Lib\site-packages\langsmith\evaluation\evaluator.py", line 791, in wrapper
    return func(*args, **kwargs)
  File "C:\Users\apaks\AppData\Local\Temp\ipykernel_11624\3932983222.py", line 9, in relevance
    STUDENT ANSWER: {outputs['answer']}
                     ~~~~~~~^^^^^^^^^^
KeyError: 'answer'
[ 2026-08-05 23:46:25,828] 1735 langsmith.evaluation._runner - ERROR - Error running evaluator <DynamicRunEvaluator retrieval_relevance> on run 019fd41b-4905-73a1-9b46-b17636cc534b: KeyError('relevant_chunks')
Traceback (most recent call last):
  File "c:\Users\apaks\projects\YT-RAG\.venv\Lib\site-packages\langsmith\evaluation\_runner.py", line 1689, in _run_evaluators
    evaluator_response = evaluator.evaluate_run(  # type: ignore[call-arg]
        run=run,
        example=example,
        evaluator_run_id=evaluator_run_id,
    )
  File "c:\Users\apaks\projects\YT-RAG\.venv\Lib\site-packages\langsmith\evaluation\evaluator.py", line 370, in evaluate_run
    result = self.func(
        run,
        example,
        langsmith_extra={"run_id": evaluator_run_id, "metadata": metadata},
    )
  File "c:\Users\apaks\projects\YT-RAG\.venv\Lib\site-packages\langsmith\run_helpers.py", line 777, in wrapper
    function_result = run_container["context"].run(
        func, *args, **kwargs
    )
  File "c:\Users\apaks\projects\YT-RAG\.venv\Lib\site-packages\langsmith\evaluation\evaluator.py", line 791, in wrapper
    return func(*args, **kwargs)
  File "C:\Users\apaks\AppData\Local\Temp\ipykernel_11624\2322913565.py", line 5, in retrieval_relevance
    retrived_text = "\n\n".join(outputs['relevant_chunks'])
                                ~~~~~~~^^^^^^^^^^^^^^^^^^^
KeyError: 'relevant_chunks'
[ 2026-08-05 23:46:25,831] 1735 langsmith.evaluation._runner - ERROR - Error running evaluator <DynamicRunEvaluator timestamp_error> on run 019fd41b-4905-73a1-9b46-b17636cc534b: TypeError("unsupported operand type(s) for -: 'RunTree' and 'Example'")
Traceback (most recent call last):
  File "c:\Users\apaks\projects\YT-RAG\.venv\Lib\site-packages\langsmith\evaluation\_runner.py", line 1689, in _run_evaluators
    evaluator_response = evaluator.evaluate_run(  # type: ignore[call-arg]
        run=run,
        example=example,
        evaluator_run_id=evaluator_run_id,
    )
  File "c:\Users\apaks\projects\YT-RAG\.venv\Lib\site-packages\langsmith\evaluation\evaluator.py", line 370, in evaluate_run
    result = self.func(
        run,
        example,
        langsmith_extra={"run_id": evaluator_run_id, "metadata": metadata},
    )
  File "c:\Users\apaks\projects\YT-RAG\.venv\Lib\site-packages\langsmith\run_helpers.py", line 777, in wrapper
    function_result = run_container["context"].run(
        func, *args, **kwargs
    )
  File "C:\Users\apaks\AppData\Local\Temp\ipykernel_11624\4279707790.py", line 2, in timestamp_error
    return abs(correct_ts - doc_ts)
               ~~~~~~~~~~~^~~~~~~~
TypeError: unsupported operand type(s) for -: 'RunTree' and 'Example'
[ 2026-08-05 23:46:25,845] 2006 langsmith.evaluation._runner - ERROR - Error running target function: name 'RAGSearch' is not defined
Traceback (most recent call last):
  File "c:\Users\apaks\projects\YT-RAG\.venv\Lib\site-packages\langsmith\evaluation\_runner.py", line 1999, in _forward
    fn(*args, langsmith_extra=langsmith_extra)
    ~~^^^^^^^^^^^^^^^^^^^^^^^^^^^^^^^^^^^^^^^^
  File "c:\Users\apaks\projects\YT-RAG\.venv\Lib\site-packages\langsmith\run_helpers.py", line 777, in wrapper
    function_result = run_container["context"].run(
        func, *args, **kwargs
    )
  File "C:\Users\apaks\AppData\Local\Temp\ipykernel_11624\1623633248.py", line 2, in target
    return run_rag_pipeline(url = url, query=inputs['question'])
  File "c:\Users\apaks\projects\YT-RAG\.venv\Lib\site-packages\langsmith\run_helpers.py", line 777, in wrapper
    function_result = run_container["context"].run(
        func, *args, **kwargs
    )
  File "C:\Users\apaks\AppData\Local\Temp\ipykernel_11624\2201645439.py", line 6, in run_rag_pipeline
    rag = RAGSearch(url = url)
          ^^^^^^^^^
NameError: name 'RAGSearch' is not defined
[ 2026-08-05 23:46:25,852] 1735 langsmith.evaluation._runner - ERROR - Error running evaluator <DynamicRunEvaluator correctness> on run 019fd41b-4929-7e03-84bc-6a36314bedd0: KeyError('answer')
Traceback (most recent call last):
  File "c:\Users\apaks\projects\YT-RAG\.venv\Lib\site-packages\langsmith\evaluation\_runner.py", line 1689, in _run_evaluators
    evaluator_response = evaluator.evaluate_run(  # type: ignore[call-arg]
        run=run,
        example=example,
        evaluator_run_id=evaluator_run_id,
    )
  File "c:\Users\apaks\projects\YT-RAG\.venv\Lib\site-packages\langsmith\evaluation\evaluator.py", line 370, in evaluate_run
    result = self.func(
        run,
        example,
        langsmith_extra={"run_id": evaluator_run_id, "metadata": metadata},
    )
  File "c:\Users\apaks\projects\YT-RAG\.venv\Lib\site-packages\langsmith\run_helpers.py", line 777, in wrapper
    function_result = run_container["context"].run(
        func, *args, **kwargs
    )
  File "c:\Users\apaks\projects\YT-RAG\.venv\Lib\site-packages\langsmith\evaluation\evaluator.py", line 791, in wrapper
    return func(*args, **kwargs)
  File "C:\Users\apaks\AppData\Local\Temp\ipykernel_11624\3911043984.py", line 12, in correctness
    STUDENT ANSWER: {outputs['answer']}
                     ~~~~~~~^^^^^^^^^^
KeyError: 'answer'
[ 2026-08-05 23:46:25,858] 1735 langsmith.evaluation._runner - ERROR - Error running evaluator <DynamicRunEvaluator groundedness> on run 019fd41b-4929-7e03-84bc-6a36314bedd0: KeyError('relevant_chunks')
Traceback (most recent call last):
  File "c:\Users\apaks\projects\YT-RAG\.venv\Lib\site-packages\langsmith\evaluation\_runner.py", line 1689, in _run_evaluators
    evaluator_response = evaluator.evaluate_run(  # type: ignore[call-arg]
        run=run,
        example=example,
        evaluator_run_id=evaluator_run_id,
    )
  File "c:\Users\apaks\projects\YT-RAG\.venv\Lib\site-packages\langsmith\evaluation\evaluator.py", line 370, in evaluate_run
    result = self.func(
        run,
        example,
        langsmith_extra={"run_id": evaluator_run_id, "metadata": metadata},
    )
  File "c:\Users\apaks\projects\YT-RAG\.venv\Lib\site-packages\langsmith\run_helpers.py", line 777, in wrapper
    function_result = run_container["context"].run(
        func, *args, **kwargs
    )
  File "c:\Users\apaks\projects\YT-RAG\.venv\Lib\site-packages\langsmith\evaluation\evaluator.py", line 791, in wrapper
    return func(*args, **kwargs)
  File "C:\Users\apaks\AppData\Local\Temp\ipykernel_11624\1790596764.py", line 6, in groundedness
    retrived_text = "\n\n".join(outputs['relevant_chunks'])
                                ~~~~~~~^^^^^^^^^^^^^^^^^^^
KeyError: 'relevant_chunks'
[ 2026-08-05 23:46:25,861] 1735 langsmith.evaluation._runner - ERROR - Error running evaluator <DynamicRunEvaluator relevance> on run 019fd41b-4929-7e03-84bc-6a36314bedd0: KeyError('answer')
Traceback (most recent call last):
  File "c:\Users\apaks\projects\YT-RAG\.venv\Lib\site-packages\langsmith\evaluation\_runner.py", line 1689, in _run_evaluators
    evaluator_response = evaluator.evaluate_run(  # type: ignore[call-arg]
        run=run,
        example=example,
        evaluator_run_id=evaluator_run_id,
    )
  File "c:\Users\apaks\projects\YT-RAG\.venv\Lib\site-packages\langsmith\evaluation\evaluator.py", line 370, in evaluate_run
    result = self.func(
        run,
        example,
        langsmith_extra={"run_id": evaluator_run_id, "metadata": metadata},
    )
  File "c:\Users\apaks\projects\YT-RAG\.venv\Lib\site-packages\langsmith\run_helpers.py", line 777, in wrapper
    function_result = run_container["context"].run(
        func, *args, **kwargs
    )
  File "c:\Users\apaks\projects\YT-RAG\.venv\Lib\site-packages\langsmith\evaluation\evaluator.py", line 791, in wrapper
    return func(*args, **kwargs)
  File "C:\Users\apaks\AppData\Local\Temp\ipykernel_11624\3932983222.py", line 9, in relevance
    STUDENT ANSWER: {outputs['answer']}
                     ~~~~~~~^^^^^^^^^^
KeyError: 'answer'
[ 2026-08-05 23:46:25,864] 1735 langsmith.evaluation._runner - ERROR - Error running evaluator <DynamicRunEvaluator retrieval_relevance> on run 019fd41b-4929-7e03-84bc-6a36314bedd0: KeyError('relevant_chunks')
Traceback (most recent call last):
  File "c:\Users\apaks\projects\YT-RAG\.venv\Lib\site-packages\langsmith\evaluation\_runner.py", line 1689, in _run_evaluators
    evaluator_response = evaluator.evaluate_run(  # type: ignore[call-arg]
        run=run,
        example=example,
        evaluator_run_id=evaluator_run_id,
    )
  File "c:\Users\apaks\projects\YT-RAG\.venv\Lib\site-packages\langsmith\evaluation\evaluator.py", line 370, in evaluate_run
    result = self.func(
        run,
        example,
        langsmith_extra={"run_id": evaluator_run_id, "metadata": metadata},
    )
  File "c:\Users\apaks\projects\YT-RAG\.venv\Lib\site-packages\langsmith\run_helpers.py", line 777, in wrapper
    function_result = run_container["context"].run(
        func, *args, **kwargs
    )
  File "c:\Users\apaks\projects\YT-RAG\.venv\Lib\site-packages\langsmith\evaluation\evaluator.py", line 791, in wrapper
    return func(*args, **kwargs)
  File "C:\Users\apaks\AppData\Local\Temp\ipykernel_11624\2322913565.py", line 5, in retrieval_relevance
    retrived_text = "\n\n".join(outputs['relevant_chunks'])
                                ~~~~~~~^^^^^^^^^^^^^^^^^^^
KeyError: 'relevant_chunks'
[ 2026-08-05 23:46:25,867] 1735 langsmith.evaluation._runner - ERROR - Error running evaluator <DynamicRunEvaluator timestamp_error> on run 019fd41b-4929-7e03-84bc-6a36314bedd0: TypeError("unsupported operand type(s) for -: 'RunTree' and 'Example'")
Traceback (most recent call last):
  File "c:\Users\apaks\projects\YT-RAG\.venv\Lib\site-packages\langsmith\evaluation\_runner.py", line 1689, in _run_evaluators
    evaluator_response = evaluator.evaluate_run(  # type: ignore[call-arg]
        run=run,
        example=example,
        evaluator_run_id=evaluator_run_id,
    )
  File "c:\Users\apaks\projects\YT-RAG\.venv\Lib\site-packages\langsmith\evaluation\evaluator.py", line 370, in evaluate_run
    result = self.func(
        run,
        example,
        langsmith_extra={"run_id": evaluator_run_id, "metadata": metadata},
    )
  File "c:\Users\apaks\projects\YT-RAG\.venv\Lib\site-packages\langsmith\run_helpers.py", line 777, in wrapper
    function_result = run_container["context"].run(
        func, *args, **kwargs
    )
  File "C:\Users\apaks\AppData\Local\Temp\ipykernel_11624\4279707790.py", line 2, in timestamp_error
    return abs(correct_ts - doc_ts)
               ~~~~~~~~~~~^~~~~~~~
TypeError: unsupported operand type(s) for -: 'RunTree' and 'Example'
[ 2026-08-05 23:46:25,887] 2006 langsmith.evaluation._runner - ERROR - Error running target function: name 'RAGSearch' is not defined
Traceback (most recent call last):
  File "c:\Users\apaks\projects\YT-RAG\.venv\Lib\site-packages\langsmith\evaluation\_runner.py", line 1999, in _forward
    fn(*args, langsmith_extra=langsmith_extra)
    ~~^^^^^^^^^^^^^^^^^^^^^^^^^^^^^^^^^^^^^^^^
  File "c:\Users\apaks\projects\YT-RAG\.venv\Lib\site-packages\langsmith\run_helpers.py", line 777, in wrapper
    function_result = run_container["context"].run(
        func, *args, **kwargs
    )
  File "C:\Users\apaks\AppData\Local\Temp\ipykernel_11624\1623633248.py", line 2, in target
    return run_rag_pipeline(url = url, query=inputs['question'])
  File "c:\Users\apaks\projects\YT-RAG\.venv\Lib\site-packages\langsmith\run_helpers.py", line 777, in wrapper
    function_result = run_container["context"].run(
        func, *args, **kwargs
    )
  File "C:\Users\apaks\AppData\Local\Temp\ipykernel_11624\2201645439.py", line 6, in run_rag_pipeline
    rag = RAGSearch(url = url)
          ^^^^^^^^^
NameError: name 'RAGSearch' is not defined
[ 2026-08-05 23:46:25,896] 1735 langsmith.evaluation._runner - ERROR - Error running evaluator <DynamicRunEvaluator correctness> on run 019fd41b-494d-72b3-8ac7-9ce52e1c9b36: KeyError('answer')
Traceback (most recent call last):
  File "c:\Users\apaks\projects\YT-RAG\.venv\Lib\site-packages\langsmith\evaluation\_runner.py", line 1689, in _run_evaluators
    evaluator_response = evaluator.evaluate_run(  # type: ignore[call-arg]
        run=run,
        example=example,
        evaluator_run_id=evaluator_run_id,
    )
  File "c:\Users\apaks\projects\YT-RAG\.venv\Lib\site-packages\langsmith\evaluation\evaluator.py", line 370, in evaluate_run
    result = self.func(
        run,
        example,
        langsmith_extra={"run_id": evaluator_run_id, "metadata": metadata},
    )
  File "c:\Users\apaks\projects\YT-RAG\.venv\Lib\site-packages\langsmith\run_helpers.py", line 777, in wrapper
    function_result = run_container["context"].run(
        func, *args, **kwargs
    )
  File "c:\Users\apaks\projects\YT-RAG\.venv\Lib\site-packages\langsmith\evaluation\evaluator.py", line 791, in wrapper
    return func(*args, **kwargs)
  File "C:\Users\apaks\AppData\Local\Temp\ipykernel_11624\3911043984.py", line 12, in correctness
    STUDENT ANSWER: {outputs['answer']}
                     ~~~~~~~^^^^^^^^^^
KeyError: 'answer'
[ 2026-08-05 23:46:25,902] 1735 langsmith.evaluation._runner - ERROR - Error running evaluator <DynamicRunEvaluator groundedness> on run 019fd41b-494d-72b3-8ac7-9ce52e1c9b36: KeyError('relevant_chunks')
Traceback (most recent call last):
  File "c:\Users\apaks\projects\YT-RAG\.venv\Lib\site-packages\langsmith\evaluation\_runner.py", line 1689, in _run_evaluators
    evaluator_response = evaluator.evaluate_run(  # type: ignore[call-arg]
        run=run,
        example=example,
        evaluator_run_id=evaluator_run_id,
    )
  File "c:\Users\apaks\projects\YT-RAG\.venv\Lib\site-packages\langsmith\evaluation\evaluator.py", line 370, in evaluate_run
    result = self.func(
        run,
        example,
        langsmith_extra={"run_id": evaluator_run_id, "metadata": metadata},
    )
  File "c:\Users\apaks\projects\YT-RAG\.venv\Lib\site-packages\langsmith\run_helpers.py", line 777, in wrapper
    function_result = run_container["context"].run(
        func, *args, **kwargs
    )
  File "c:\Users\apaks\projects\YT-RAG\.venv\Lib\site-packages\langsmith\evaluation\evaluator.py", line 791, in wrapper
    return func(*args, **kwargs)
  File "C:\Users\apaks\AppData\Local\Temp\ipykernel_11624\1790596764.py", line 6, in groundedness
    retrived_text = "\n\n".join(outputs['relevant_chunks'])
                                ~~~~~~~^^^^^^^^^^^^^^^^^^^
KeyError: 'relevant_chunks'
[ 2026-08-05 23:46:25,909] 1735 langsmith.evaluation._runner - ERROR - Error running evaluator <DynamicRunEvaluator relevance> on run 019fd41b-494d-72b3-8ac7-9ce52e1c9b36: KeyError('answer')
Traceback (most recent call last):
  File "c:\Users\apaks\projects\YT-RAG\.venv\Lib\site-packages\langsmith\evaluation\_runner.py", line 1689, in _run_evaluators
    evaluator_response = evaluator.evaluate_run(  # type: ignore[call-arg]
        run=run,
        example=example,
        evaluator_run_id=evaluator_run_id,
    )
  File "c:\Users\apaks\projects\YT-RAG\.venv\Lib\site-packages\langsmith\evaluation\evaluator.py", line 370, in evaluate_run
    result = self.func(
        run,
        example,
        langsmith_extra={"run_id": evaluator_run_id, "metadata": metadata},
    )
  File "c:\Users\apaks\projects\YT-RAG\.venv\Lib\site-packages\langsmith\run_helpers.py", line 777, in wrapper
    function_result = run_container["context"].run(
        func, *args, **kwargs
    )
  File "c:\Users\apaks\projects\YT-RAG\.venv\Lib\site-packages\langsmith\evaluation\evaluator.py", line 791, in wrapper
    return func(*args, **kwargs)
  File "C:\Users\apaks\AppData\Local\Temp\ipykernel_11624\3932983222.py", line 9, in relevance
    STUDENT ANSWER: {outputs['answer']}
                     ~~~~~~~^^^^^^^^^^
KeyError: 'answer'
[ 2026-08-05 23:46:25,914] 1735 langsmith.evaluation._runner - ERROR - Error running evaluator <DynamicRunEvaluator retrieval_relevance> on run 019fd41b-494d-72b3-8ac7-9ce52e1c9b36: KeyError('relevant_chunks')
Traceback (most recent call last):
  File "c:\Users\apaks\projects\YT-RAG\.venv\Lib\site-packages\langsmith\evaluation\_runner.py", line 1689, in _run_evaluators
    evaluator_response = evaluator.evaluate_run(  # type: ignore[call-arg]
        run=run,
        example=example,
        evaluator_run_id=evaluator_run_id,
    )
  File "c:\Users\apaks\projects\YT-RAG\.venv\Lib\site-packages\langsmith\evaluation\evaluator.py", line 370, in evaluate_run
    result = self.func(
        run,
        example,
        langsmith_extra={"run_id": evaluator_run_id, "metadata": metadata},
    )
  File "c:\Users\apaks\projects\YT-RAG\.venv\Lib\site-packages\langsmith\run_helpers.py", line 777, in wrapper
    function_result = run_container["context"].run(
        func, *args, **kwargs
    )
  File "c:\Users\apaks\projects\YT-RAG\.venv\Lib\site-packages\langsmith\evaluation\evaluator.py", line 791, in wrapper
    return func(*args, **kwargs)
  File "C:\Users\apaks\AppData\Local\Temp\ipykernel_11624\2322913565.py", line 5, in retrieval_relevance
    retrived_text = "\n\n".join(outputs['relevant_chunks'])
                                ~~~~~~~^^^^^^^^^^^^^^^^^^^
KeyError: 'relevant_chunks'
[ 2026-08-05 23:46:25,919] 1735 langsmith.evaluation._runner - ERROR - Error running evaluator <DynamicRunEvaluator timestamp_error> on run 019fd41b-494d-72b3-8ac7-9ce52e1c9b36: TypeError("unsupported operand type(s) for -: 'RunTree' and 'Example'")
Traceback (most recent call last):
  File "c:\Users\apaks\projects\YT-RAG\.venv\Lib\site-packages\langsmith\evaluation\_runner.py", line 1689, in _run_evaluators
    evaluator_response = evaluator.evaluate_run(  # type: ignore[call-arg]
        run=run,
        example=example,
        evaluator_run_id=evaluator_run_id,
    )
  File "c:\Users\apaks\projects\YT-RAG\.venv\Lib\site-packages\langsmith\evaluation\evaluator.py", line 370, in evaluate_run
    result = self.func(
        run,
        example,
        langsmith_extra={"run_id": evaluator_run_id, "metadata": metadata},
    )
  File "c:\Users\apaks\projects\YT-RAG\.venv\Lib\site-packages\langsmith\run_helpers.py", line 777, in wrapper
    function_result = run_container["context"].run(
        func, *args, **kwargs
    )
  File "C:\Users\apaks\AppData\Local\Temp\ipykernel_11624\4279707790.py", line 2, in timestamp_error
    return abs(correct_ts - doc_ts)
               ~~~~~~~~~~~^~~~~~~~
TypeError: unsupported operand type(s) for -: 'RunTree' and 'Example'
[ 2026-08-05 23:48:46,507] 132 faiss.loader - INFO - Loading faiss with AVX2 support.
[ 2026-08-05 23:48:46,508] 137 faiss.loader - INFO - Could not load library with AVX2 support due to:
ModuleNotFoundError("No module named 'faiss.swigfaiss_avx2'")
[ 2026-08-05 23:48:46,508] 156 faiss.loader - INFO - Loading faiss.
[ 2026-08-05 23:48:56,385] 158 faiss.loader - INFO - Successfully loaded faiss.
[ 2026-08-05 23:49:12,708] 26 root - INFO - [INFO] Pickle file faiss_store\metadata.pkl loaded
[ 2026-08-05 23:49:12,711] 80 root - INFO - [INFO] Faiss index and Metadata loaded
[ 2026-08-05 23:49:12,713] 40 root - INFO - [INFO] Existing vetorstore loaded
[ 2026-08-05 23:49:12,716] 49 root - INFO - [INFO] OpenAI chat model initialised: gpt-4o-mini
[ 2026-08-05 23:49:12,716] 26 root - INFO - [INFO] Loading Embedding Model: text-embedding-3-large
[ 2026-08-05 23:49:17,536] 1025 httpx - INFO - HTTP Request: POST https://api.openai.com/v1/embeddings "HTTP/1.1 200 OK"
[ 2026-08-05 23:49:17,548] 64 root - INFO - [INFO] Query embedding generated for query: Why does LeCun argue that AGI will not be an 'event' but a gradual progress?. Query embedding dimension: (1, 3072)
[ 2026-08-05 23:49:17,551] 26 root - INFO - [INFO] Pickle file faiss_store\metadata.pkl loaded
[ 2026-08-05 23:49:17,551] 80 root - INFO - [INFO] Faiss index and Metadata loaded
[ 2026-08-05 23:49:17,556] 104 root - INFO - [INFO] Vectorestore search for nearest vectors completed for query embedding of dimension (1, 3072)
[ 2026-08-05 23:49:17,556] 84 root - INFO - [INFO] Query search completed. Relevant context extracted for query: Why does LeCun argue that AGI will not be an 'event' but a gradual progress?
[ 2026-08-05 23:49:17,563] 103 root - INFO - [INFO] Prompt with context and query loaded
[ 2026-08-05 23:49:20,231] 1025 httpx - INFO - HTTP Request: POST https://api.openai.com/v1/chat/completions "HTTP/1.1 200 OK"
[ 2026-08-05 23:49:20,321] 106 root - INFO - [INFO] Response generated by llm for the query: Why does LeCun ..
[ 2026-08-05 23:49:20,321] 115 root - INFO - [INFO] Fetching timestamps for the reveant chunks
[ 2026-08-05 23:49:20,321] 120 root - INFO - [INFO] Timestamps succesfully fetched
[ 2026-08-05 23:49:22,446] 1025 httpx - INFO - HTTP Request: POST https://api.openai.com/v1/chat/completions "HTTP/1.1 200 OK"
[ 2026-08-05 23:49:22,504] 1735 langsmith.evaluation._runner - ERROR - Error running evaluator <DynamicRunEvaluator correctness> on run 019fd41d-d452-7911-b0c4-12515e4baf90: ValueError('Expected an EvaluationResult object, or dict with a metric \'key\' and optional \'score\' or categorical \'value\'; got {\'explanation\': "The student answer accurately reflects the ground truth by stating that LeCun believes AGI will not be a single event but rather a gradual process. The student emphasizes the idea of continuous development and incremental advancements, which aligns well with the ground truth\'s mention of cumulative breakthroughs. Additionally, the student mentions the dissemination of breakthroughs within the industry, which adds relevant context and does not conflict with the ground truth. Overall, the student answer is well-articulated and closely matches the essence of the ground truth without introducing any inaccuracies or contradictions.", \'correct\': True, \'grade\': 10, \'key\': \'correctness\'}')
Traceback (most recent call last):
  File "c:\Users\apaks\projects\YT-RAG\.venv\Lib\site-packages\langsmith\evaluation\_runner.py", line 1689, in _run_evaluators
    evaluator_response = evaluator.evaluate_run(  # type: ignore[call-arg]
        run=run,
        example=example,
        evaluator_run_id=evaluator_run_id,
    )
  File "c:\Users\apaks\projects\YT-RAG\.venv\Lib\site-packages\langsmith\evaluation\evaluator.py", line 375, in evaluate_run
    return self._format_result(result, evaluator_run_id)
           ~~~~~~~~~~~~~~~~~~~^^^^^^^^^^^^^^^^^^^^^^^^^^
  File "c:\Users\apaks\projects\YT-RAG\.venv\Lib\site-packages\langsmith\evaluation\evaluator.py", line 322, in _format_result
    return self._coerce_evaluation_results(result, source_run_id)
           ~~~~~~~~~~~~~~~~~~~~~~~~~~~~~~~^^^^^^^^^^^^^^^^^^^^^^^
  File "c:\Users\apaks\projects\YT-RAG\.venv\Lib\site-packages\langsmith\evaluation\evaluator.py", line 306, in _coerce_evaluation_results
    return self._coerce_evaluation_result(
           ~~~~~~~~~~~~~~~~~~~~~~~~~~~~~~^
        cast(dict, results), source_run_id=source_run_id, allow_no_key=True
        ^^^^^^^^^^^^^^^^^^^^^^^^^^^^^^^^^^^^^^^^^^^^^^^^^^^^^^^^^^^^^^^^^^^
    )
    ^
  File "c:\Users\apaks\projects\YT-RAG\.venv\Lib\site-packages\langsmith\evaluation\evaluator.py", line 282, in _coerce_evaluation_result
    raise ValueError(
    ...<2 lines>...
    )
ValueError: Expected an EvaluationResult object, or dict with a metric 'key' and optional 'score' or categorical 'value'; got {'explanation': "The student answer accurately reflects the ground truth by stating that LeCun believes AGI will not be a single event but rather a gradual process. The student emphasizes the idea of continuous development and incremental advancements, which aligns well with the ground truth's mention of cumulative breakthroughs. Additionally, the student mentions the dissemination of breakthroughs within the industry, which adds relevant context and does not conflict with the ground truth. Overall, the student answer is well-articulated and closely matches the essence of the ground truth without introducing any inaccuracies or contradictions.", 'correct': True, 'grade': 10, 'key': 'correctness'}
[ 2026-08-05 23:49:25,080] 1025 httpx - INFO - HTTP Request: POST https://api.openai.com/v1/chat/completions "HTTP/1.1 200 OK"
[ 2026-08-05 23:49:25,100] 1735 langsmith.evaluation._runner - ERROR - Error running evaluator <DynamicRunEvaluator groundedness> on run 019fd41d-d452-7911-b0c4-12515e4baf90: ValueError('Expected an EvaluationResult object, or dict with a metric \'key\' and optional \'score\' or categorical \'value\'; got {\'grade\': 9, \'correct\': True, \'explanation\': "The student answer accurately reflects the key points made by Yann LeCun regarding the nature of AGI development. It correctly states that LeCun believes AGI will not be a singular event but rather a gradual process, which aligns with his assertion that there won\'t be a single breakthrough leading to AGI. The mention of continuous progress and incremental advancements is also supported by LeCun\'s discussion about the dissemination of breakthroughs within the industry. The answer does not introduce any unsupported claims or hallucinations, making it well-grounded in the provided facts.", \'key\': \'groundedness\'}')
Traceback (most recent call last):
  File "c:\Users\apaks\projects\YT-RAG\.venv\Lib\site-packages\langsmith\evaluation\_runner.py", line 1689, in _run_evaluators
    evaluator_response = evaluator.evaluate_run(  # type: ignore[call-arg]
        run=run,
        example=example,
        evaluator_run_id=evaluator_run_id,
    )
  File "c:\Users\apaks\projects\YT-RAG\.venv\Lib\site-packages\langsmith\evaluation\evaluator.py", line 375, in evaluate_run
    return self._format_result(result, evaluator_run_id)
           ~~~~~~~~~~~~~~~~~~~^^^^^^^^^^^^^^^^^^^^^^^^^^
  File "c:\Users\apaks\projects\YT-RAG\.venv\Lib\site-packages\langsmith\evaluation\evaluator.py", line 322, in _format_result
    return self._coerce_evaluation_results(result, source_run_id)
           ~~~~~~~~~~~~~~~~~~~~~~~~~~~~~~~^^^^^^^^^^^^^^^^^^^^^^^
  File "c:\Users\apaks\projects\YT-RAG\.venv\Lib\site-packages\langsmith\evaluation\evaluator.py", line 306, in _coerce_evaluation_results
    return self._coerce_evaluation_result(
           ~~~~~~~~~~~~~~~~~~~~~~~~~~~~~~^
        cast(dict, results), source_run_id=source_run_id, allow_no_key=True
        ^^^^^^^^^^^^^^^^^^^^^^^^^^^^^^^^^^^^^^^^^^^^^^^^^^^^^^^^^^^^^^^^^^^
    )
    ^
  File "c:\Users\apaks\projects\YT-RAG\.venv\Lib\site-packages\langsmith\evaluation\evaluator.py", line 282, in _coerce_evaluation_result
    raise ValueError(
    ...<2 lines>...
    )
ValueError: Expected an EvaluationResult object, or dict with a metric 'key' and optional 'score' or categorical 'value'; got {'grade': 9, 'correct': True, 'explanation': "The student answer accurately reflects the key points made by Yann LeCun regarding the nature of AGI development. It correctly states that LeCun believes AGI will not be a singular event but rather a gradual process, which aligns with his assertion that there won't be a single breakthrough leading to AGI. The mention of continuous progress and incremental advancements is also supported by LeCun's discussion about the dissemination of breakthroughs within the industry. The answer does not introduce any unsupported claims or hallucinations, making it well-grounded in the provided facts.", 'key': 'groundedness'}
[ 2026-08-05 23:49:27,516] 1025 httpx - INFO - HTTP Request: POST https://api.openai.com/v1/chat/completions "HTTP/1.1 200 OK"
[ 2026-08-05 23:49:27,556] 1735 langsmith.evaluation._runner - ERROR - Error running evaluator <DynamicRunEvaluator relevance> on run 019fd41d-d452-7911-b0c4-12515e4baf90: ValueError('Expected an EvaluationResult object, or dict with a metric \'key\' and optional \'score\' or categorical \'value\'; got {\'grade\': 9, \'correct\': True, \'explanation\': "The student answer directly addresses the question by explaining LeCun\'s perspective on AGI as a gradual process rather than a singular event. The answer clearly states that LeCun believes there won\'t be a single breakthrough but rather continuous incremental advancements. Additionally, the mention of how breakthroughs are disseminated within the industry supports the argument for gradual progress. The response is focused and concise, effectively summarizing LeCun\'s viewpoint without unnecessary digressions.", \'key\': \'relevance\'}')
Traceback (most recent call last):
  File "c:\Users\apaks\projects\YT-RAG\.venv\Lib\site-packages\langsmith\evaluation\_runner.py", line 1689, in _run_evaluators
    evaluator_response = evaluator.evaluate_run(  # type: ignore[call-arg]
        run=run,
        example=example,
        evaluator_run_id=evaluator_run_id,
    )
  File "c:\Users\apaks\projects\YT-RAG\.venv\Lib\site-packages\langsmith\evaluation\evaluator.py", line 375, in evaluate_run
    return self._format_result(result, evaluator_run_id)
           ~~~~~~~~~~~~~~~~~~~^^^^^^^^^^^^^^^^^^^^^^^^^^
  File "c:\Users\apaks\projects\YT-RAG\.venv\Lib\site-packages\langsmith\evaluation\evaluator.py", line 322, in _format_result
    return self._coerce_evaluation_results(result, source_run_id)
           ~~~~~~~~~~~~~~~~~~~~~~~~~~~~~~~^^^^^^^^^^^^^^^^^^^^^^^
  File "c:\Users\apaks\projects\YT-RAG\.venv\Lib\site-packages\langsmith\evaluation\evaluator.py", line 306, in _coerce_evaluation_results
    return self._coerce_evaluation_result(
           ~~~~~~~~~~~~~~~~~~~~~~~~~~~~~~^
        cast(dict, results), source_run_id=source_run_id, allow_no_key=True
        ^^^^^^^^^^^^^^^^^^^^^^^^^^^^^^^^^^^^^^^^^^^^^^^^^^^^^^^^^^^^^^^^^^^
    )
    ^
  File "c:\Users\apaks\projects\YT-RAG\.venv\Lib\site-packages\langsmith\evaluation\evaluator.py", line 282, in _coerce_evaluation_result
    raise ValueError(
    ...<2 lines>...
    )
ValueError: Expected an EvaluationResult object, or dict with a metric 'key' and optional 'score' or categorical 'value'; got {'grade': 9, 'correct': True, 'explanation': "The student answer directly addresses the question by explaining LeCun's perspective on AGI as a gradual process rather than a singular event. The answer clearly states that LeCun believes there won't be a single breakthrough but rather continuous incremental advancements. Additionally, the mention of how breakthroughs are disseminated within the industry supports the argument for gradual progress. The response is focused and concise, effectively summarizing LeCun's viewpoint without unnecessary digressions.", 'key': 'relevance'}
[ 2026-08-05 23:49:29,741] 1025 httpx - INFO - HTTP Request: POST https://api.openai.com/v1/chat/completions "HTTP/1.1 200 OK"
[ 2026-08-05 23:49:29,752] 1735 langsmith.evaluation._runner - ERROR - Error running evaluator <DynamicRunEvaluator retrieval_relevance> on run 019fd41d-d452-7911-b0c4-12515e4baf90: ValueError("Expected an EvaluationResult object, or dict with a metric 'key' and optional 'score' or categorical 'value'; got {'grade': 9, 'correct': True, 'explanation': 'The provided FACTS contain a detailed discussion by Yann LeCun about the nature of AGI (Artificial General Intelligence) and why he believes it will not be an event but rather a gradual process. He explicitly states that AGI will not be achieved through a single breakthrough or discovery, which aligns directly with the QUESTION. LeCun emphasizes that progress will be continuous and that advancements will come from industry rather than a singular moment of revelation. He mentions that the development of intelligent systems will involve many incremental improvements and that the idea of a sudden emergence of AGI is a misconception. This reasoning is clearly articulated in the FACTS, making them highly relevant to the QUESTION.', 'key': 'retrieval_relevance'}")
Traceback (most recent call last):
  File "c:\Users\apaks\projects\YT-RAG\.venv\Lib\site-packages\langsmith\evaluation\_runner.py", line 1689, in _run_evaluators
    evaluator_response = evaluator.evaluate_run(  # type: ignore[call-arg]
        run=run,
        example=example,
        evaluator_run_id=evaluator_run_id,
    )
  File "c:\Users\apaks\projects\YT-RAG\.venv\Lib\site-packages\langsmith\evaluation\evaluator.py", line 375, in evaluate_run
    return self._format_result(result, evaluator_run_id)
           ~~~~~~~~~~~~~~~~~~~^^^^^^^^^^^^^^^^^^^^^^^^^^
  File "c:\Users\apaks\projects\YT-RAG\.venv\Lib\site-packages\langsmith\evaluation\evaluator.py", line 322, in _format_result
    return self._coerce_evaluation_results(result, source_run_id)
           ~~~~~~~~~~~~~~~~~~~~~~~~~~~~~~~^^^^^^^^^^^^^^^^^^^^^^^
  File "c:\Users\apaks\projects\YT-RAG\.venv\Lib\site-packages\langsmith\evaluation\evaluator.py", line 306, in _coerce_evaluation_results
    return self._coerce_evaluation_result(
           ~~~~~~~~~~~~~~~~~~~~~~~~~~~~~~^
        cast(dict, results), source_run_id=source_run_id, allow_no_key=True
        ^^^^^^^^^^^^^^^^^^^^^^^^^^^^^^^^^^^^^^^^^^^^^^^^^^^^^^^^^^^^^^^^^^^
    )
    ^
  File "c:\Users\apaks\projects\YT-RAG\.venv\Lib\site-packages\langsmith\evaluation\evaluator.py", line 282, in _coerce_evaluation_result
    raise ValueError(
    ...<2 lines>...
    )
ValueError: Expected an EvaluationResult object, or dict with a metric 'key' and optional 'score' or categorical 'value'; got {'grade': 9, 'correct': True, 'explanation': 'The provided FACTS contain a detailed discussion by Yann LeCun about the nature of AGI (Artificial General Intelligence) and why he believes it will not be an event but rather a gradual process. He explicitly states that AGI will not be achieved through a single breakthrough or discovery, which aligns directly with the QUESTION. LeCun emphasizes that progress will be continuous and that advancements will come from industry rather than a singular moment of revelation. He mentions that the development of intelligent systems will involve many incremental improvements and that the idea of a sudden emergence of AGI is a misconception. This reasoning is clearly articulated in the FACTS, making them highly relevant to the QUESTION.', 'key': 'retrieval_relevance'}
[ 2026-08-05 23:49:29,758] 1735 langsmith.evaluation._runner - ERROR - Error running evaluator <DynamicRunEvaluator timestamp_error> on run 019fd41d-d452-7911-b0c4-12515e4baf90: TypeError("unsupported operand type(s) for -: 'RunTree' and 'Example'")
Traceback (most recent call last):
  File "c:\Users\apaks\projects\YT-RAG\.venv\Lib\site-packages\langsmith\evaluation\_runner.py", line 1689, in _run_evaluators
    evaluator_response = evaluator.evaluate_run(  # type: ignore[call-arg]
        run=run,
        example=example,
        evaluator_run_id=evaluator_run_id,
    )
  File "c:\Users\apaks\projects\YT-RAG\.venv\Lib\site-packages\langsmith\evaluation\evaluator.py", line 370, in evaluate_run
    result = self.func(
        run,
        example,
        langsmith_extra={"run_id": evaluator_run_id, "metadata": metadata},
    )
  File "c:\Users\apaks\projects\YT-RAG\.venv\Lib\site-packages\langsmith\run_helpers.py", line 777, in wrapper
    function_result = run_container["context"].run(
        func, *args, **kwargs
    )
  File "C:\Users\apaks\AppData\Local\Temp\ipykernel_11624\4279707790.py", line 2, in timestamp_error
    return abs(correct_ts - doc_ts)
               ~~~~~~~~~~~^~~~~~~~
TypeError: unsupported operand type(s) for -: 'RunTree' and 'Example'
[ 2026-08-05 23:49:29,786] 26 root - INFO - [INFO] Pickle file faiss_store\metadata.pkl loaded
[ 2026-08-05 23:49:29,786] 80 root - INFO - [INFO] Faiss index and Metadata loaded
[ 2026-08-05 23:49:29,786] 40 root - INFO - [INFO] Existing vetorstore loaded
[ 2026-08-05 23:49:29,789] 49 root - INFO - [INFO] OpenAI chat model initialised: gpt-4o-mini
[ 2026-08-05 23:49:29,789] 26 root - INFO - [INFO] Loading Embedding Model: text-embedding-3-large
[ 2026-08-05 23:49:32,218] 1025 httpx - INFO - HTTP Request: POST https://api.openai.com/v1/embeddings "HTTP/1.1 200 OK"
[ 2026-08-05 23:49:32,222] 64 root - INFO - [INFO] Query embedding generated for query: What is the future outlook for Llama development at Meta?. Query embedding dimension: (1, 3072)
[ 2026-08-05 23:49:32,226] 26 root - INFO - [INFO] Pickle file faiss_store\metadata.pkl loaded
[ 2026-08-05 23:49:32,226] 80 root - INFO - [INFO] Faiss index and Metadata loaded
[ 2026-08-05 23:49:32,227] 104 root - INFO - [INFO] Vectorestore search for nearest vectors completed for query embedding of dimension (1, 3072)
[ 2026-08-05 23:49:32,227] 84 root - INFO - [INFO] Query search completed. Relevant context extracted for query: What is the future outlook for Llama development at Meta?
[ 2026-08-05 23:49:32,228] 103 root - INFO - [INFO] Prompt with context and query loaded
[ 2026-08-05 23:49:34,355] 1025 httpx - INFO - HTTP Request: POST https://api.openai.com/v1/chat/completions "HTTP/1.1 200 OK"
[ 2026-08-05 23:49:34,406] 106 root - INFO - [INFO] Response generated by llm for the query: What is the fut..
[ 2026-08-05 23:49:34,407] 115 root - INFO - [INFO] Fetching timestamps for the reveant chunks
[ 2026-08-05 23:49:34,408] 120 root - INFO - [INFO] Timestamps succesfully fetched
[ 2026-08-05 23:49:36,987] 1025 httpx - INFO - HTTP Request: POST https://api.openai.com/v1/chat/completions "HTTP/1.1 200 OK"
[ 2026-08-05 23:49:36,999] 1735 langsmith.evaluation._runner - ERROR - Error running evaluator <DynamicRunEvaluator correctness> on run 019fd41e-17b6-7ef2-a113-656549fd827d: ValueError('Expected an EvaluationResult object, or dict with a metric \'key\' and optional \'score\' or categorical \'value\'; got {\'explanation\': "The student answer provides a comprehensive overview of the future outlook for LLaMA development at Meta, mentioning iterative improvements and better multimodal capabilities, which align with the ground truth. The reference to LLaMA 3 being bigger and better is consistent with the idea of iterative improvements. The mention of systems capable of planning and understanding the world directly relates to the ground truth\'s focus on integrating world models capable of planning. Additionally, the student discusses ongoing research and the importance of open-source platforms, which, while not explicitly mentioned in the ground truth, are relevant to the broader context of AI development. Overall, the student answer is mostly correct and aligns well with the ground truth, with no serious conflicts or inaccuracies. Therefore, I assign a score of 9 and mark the correctness as True.", \'correct\': True, \'grade\': 9, \'key\': \'correctness\'}')
Traceback (most recent call last):
  File "c:\Users\apaks\projects\YT-RAG\.venv\Lib\site-packages\langsmith\evaluation\_runner.py", line 1689, in _run_evaluators
    evaluator_response = evaluator.evaluate_run(  # type: ignore[call-arg]
        run=run,
        example=example,
        evaluator_run_id=evaluator_run_id,
    )
  File "c:\Users\apaks\projects\YT-RAG\.venv\Lib\site-packages\langsmith\evaluation\evaluator.py", line 375, in evaluate_run
    return self._format_result(result, evaluator_run_id)
           ~~~~~~~~~~~~~~~~~~~^^^^^^^^^^^^^^^^^^^^^^^^^^
  File "c:\Users\apaks\projects\YT-RAG\.venv\Lib\site-packages\langsmith\evaluation\evaluator.py", line 322, in _format_result
    return self._coerce_evaluation_results(result, source_run_id)
           ~~~~~~~~~~~~~~~~~~~~~~~~~~~~~~~^^^^^^^^^^^^^^^^^^^^^^^
  File "c:\Users\apaks\projects\YT-RAG\.venv\Lib\site-packages\langsmith\evaluation\evaluator.py", line 306, in _coerce_evaluation_results
    return self._coerce_evaluation_result(
           ~~~~~~~~~~~~~~~~~~~~~~~~~~~~~~^
        cast(dict, results), source_run_id=source_run_id, allow_no_key=True
        ^^^^^^^^^^^^^^^^^^^^^^^^^^^^^^^^^^^^^^^^^^^^^^^^^^^^^^^^^^^^^^^^^^^
    )
    ^
  File "c:\Users\apaks\projects\YT-RAG\.venv\Lib\site-packages\langsmith\evaluation\evaluator.py", line 282, in _coerce_evaluation_result
    raise ValueError(
    ...<2 lines>...
    )
ValueError: Expected an EvaluationResult object, or dict with a metric 'key' and optional 'score' or categorical 'value'; got {'explanation': "The student answer provides a comprehensive overview of the future outlook for LLaMA development at Meta, mentioning iterative improvements and better multimodal capabilities, which align with the ground truth. The reference to LLaMA 3 being bigger and better is consistent with the idea of iterative improvements. The mention of systems capable of planning and understanding the world directly relates to the ground truth's focus on integrating world models capable of planning. Additionally, the student discusses ongoing research and the importance of open-source platforms, which, while not explicitly mentioned in the ground truth, are relevant to the broader context of AI development. Overall, the student answer is mostly correct and aligns well with the ground truth, with no serious conflicts or inaccuracies. Therefore, I assign a score of 9 and mark the correctness as True.", 'correct': True, 'grade': 9, 'key': 'correctness'}
[ 2026-08-05 23:49:40,675] 1025 httpx - INFO - HTTP Request: POST https://api.openai.com/v1/chat/completions "HTTP/1.1 200 OK"
[ 2026-08-05 23:49:40,695] 1735 langsmith.evaluation._runner - ERROR - Error running evaluator <DynamicRunEvaluator groundedness> on run 019fd41e-17b6-7ef2-a113-656549fd827d: ValueError('Expected an EvaluationResult object, or dict with a metric \'key\' and optional \'score\' or categorical \'value\'; got {\'grade\': 9, \'correct\': True, \'explanation\': "The student answer is well-grounded in the provided facts. It accurately reflects the future outlook for LLaMA development at Meta, mentioning improvements in upcoming versions like LLaMA 3, which aligns with the FACTS stating that future versions will be \'bigger, better, multimodal.\' The excitement about advancements in machine learning and AI, particularly regarding systems capable of planning and understanding the world, is also supported by the FACTS, which discuss the potential for human-level intelligence. The reference to ongoing research and publications like the V-JEPA work is consistent with the FACTS, which mention the publication of research as a way to monitor progress. Lastly, the emphasis on the importance of open-source platforms for fostering diverse AI applications is directly supported by the FACTS, which highlight the necessity of open-source systems for creating a diverse AI ecosystem. Overall, the answer is clear, concise, and fully supported by the provided information, justifying a high score.", \'key\': \'groundedness\'}')
Traceback (most recent call last):
  File "c:\Users\apaks\projects\YT-RAG\.venv\Lib\site-packages\langsmith\evaluation\_runner.py", line 1689, in _run_evaluators
    evaluator_response = evaluator.evaluate_run(  # type: ignore[call-arg]
        run=run,
        example=example,
        evaluator_run_id=evaluator_run_id,
    )
  File "c:\Users\apaks\projects\YT-RAG\.venv\Lib\site-packages\langsmith\evaluation\evaluator.py", line 375, in evaluate_run
    return self._format_result(result, evaluator_run_id)
           ~~~~~~~~~~~~~~~~~~~^^^^^^^^^^^^^^^^^^^^^^^^^^
  File "c:\Users\apaks\projects\YT-RAG\.venv\Lib\site-packages\langsmith\evaluation\evaluator.py", line 322, in _format_result
    return self._coerce_evaluation_results(result, source_run_id)
           ~~~~~~~~~~~~~~~~~~~~~~~~~~~~~~~^^^^^^^^^^^^^^^^^^^^^^^
  File "c:\Users\apaks\projects\YT-RAG\.venv\Lib\site-packages\langsmith\evaluation\evaluator.py", line 306, in _coerce_evaluation_results
    return self._coerce_evaluation_result(
           ~~~~~~~~~~~~~~~~~~~~~~~~~~~~~~^
        cast(dict, results), source_run_id=source_run_id, allow_no_key=True
        ^^^^^^^^^^^^^^^^^^^^^^^^^^^^^^^^^^^^^^^^^^^^^^^^^^^^^^^^^^^^^^^^^^^
    )
    ^
  File "c:\Users\apaks\projects\YT-RAG\.venv\Lib\site-packages\langsmith\evaluation\evaluator.py", line 282, in _coerce_evaluation_result
    raise ValueError(
    ...<2 lines>...
    )
ValueError: Expected an EvaluationResult object, or dict with a metric 'key' and optional 'score' or categorical 'value'; got {'grade': 9, 'correct': True, 'explanation': "The student answer is well-grounded in the provided facts. It accurately reflects the future outlook for LLaMA development at Meta, mentioning improvements in upcoming versions like LLaMA 3, which aligns with the FACTS stating that future versions will be 'bigger, better, multimodal.' The excitement about advancements in machine learning and AI, particularly regarding systems capable of planning and understanding the world, is also supported by the FACTS, which discuss the potential for human-level intelligence. The reference to ongoing research and publications like the V-JEPA work is consistent with the FACTS, which mention the publication of research as a way to monitor progress. Lastly, the emphasis on the importance of open-source platforms for fostering diverse AI applications is directly supported by the FACTS, which highlight the necessity of open-source systems for creating a diverse AI ecosystem. Overall, the answer is clear, concise, and fully supported by the provided information, justifying a high score.", 'key': 'groundedness'}
[ 2026-08-05 23:49:44,489] 1025 httpx - INFO - HTTP Request: POST https://api.openai.com/v1/chat/completions "HTTP/1.1 200 OK"
[ 2026-08-05 23:49:44,531] 1735 langsmith.evaluation._runner - ERROR - Error running evaluator <DynamicRunEvaluator relevance> on run 019fd41e-17b6-7ef2-a113-656549fd827d: ValueError('Expected an EvaluationResult object, or dict with a metric \'key\' and optional \'score\' or categorical \'value\'; got {\'grade\': 9, \'correct\': True, \'explanation\': "The student answer directly addresses the question about the future outlook for LLaMA development at Meta by discussing specific improvements expected in upcoming versions, such as LLaMA 3. It mentions the anticipated advancements in machine learning and AI, which are relevant to the development of LLaMA. The reference to ongoing research and publications, like the V-JEPA work, adds depth to the answer, showing that the student is aware of current developments in the field. Additionally, the mention of the importance of open-source platforms ties back to the broader context of AI development, which is relevant to Meta\'s approach. Overall, the answer is clear, focused, and provides meaningful insights into the future of LLaMA development, justifying a high score.", \'key\': \'relevance\'}')
Traceback (most recent call last):
  File "c:\Users\apaks\projects\YT-RAG\.venv\Lib\site-packages\langsmith\evaluation\_runner.py", line 1689, in _run_evaluators
    evaluator_response = evaluator.evaluate_run(  # type: ignore[call-arg]
        run=run,
        example=example,
        evaluator_run_id=evaluator_run_id,
    )
  File "c:\Users\apaks\projects\YT-RAG\.venv\Lib\site-packages\langsmith\evaluation\evaluator.py", line 375, in evaluate_run
    return self._format_result(result, evaluator_run_id)
           ~~~~~~~~~~~~~~~~~~~^^^^^^^^^^^^^^^^^^^^^^^^^^
  File "c:\Users\apaks\projects\YT-RAG\.venv\Lib\site-packages\langsmith\evaluation\evaluator.py", line 322, in _format_result
    return self._coerce_evaluation_results(result, source_run_id)
           ~~~~~~~~~~~~~~~~~~~~~~~~~~~~~~~^^^^^^^^^^^^^^^^^^^^^^^
  File "c:\Users\apaks\projects\YT-RAG\.venv\Lib\site-packages\langsmith\evaluation\evaluator.py", line 306, in _coerce_evaluation_results
    return self._coerce_evaluation_result(
           ~~~~~~~~~~~~~~~~~~~~~~~~~~~~~~^
        cast(dict, results), source_run_id=source_run_id, allow_no_key=True
        ^^^^^^^^^^^^^^^^^^^^^^^^^^^^^^^^^^^^^^^^^^^^^^^^^^^^^^^^^^^^^^^^^^^
    )
    ^
  File "c:\Users\apaks\projects\YT-RAG\.venv\Lib\site-packages\langsmith\evaluation\evaluator.py", line 282, in _coerce_evaluation_result
    raise ValueError(
    ...<2 lines>...
    )
ValueError: Expected an EvaluationResult object, or dict with a metric 'key' and optional 'score' or categorical 'value'; got {'grade': 9, 'correct': True, 'explanation': "The student answer directly addresses the question about the future outlook for LLaMA development at Meta by discussing specific improvements expected in upcoming versions, such as LLaMA 3. It mentions the anticipated advancements in machine learning and AI, which are relevant to the development of LLaMA. The reference to ongoing research and publications, like the V-JEPA work, adds depth to the answer, showing that the student is aware of current developments in the field. Additionally, the mention of the importance of open-source platforms ties back to the broader context of AI development, which is relevant to Meta's approach. Overall, the answer is clear, focused, and provides meaningful insights into the future of LLaMA development, justifying a high score.", 'key': 'relevance'}
[ 2026-08-05 23:49:46,930] 1025 httpx - INFO - HTTP Request: POST https://api.openai.com/v1/chat/completions "HTTP/1.1 200 OK"
[ 2026-08-05 23:49:46,964] 1735 langsmith.evaluation._runner - ERROR - Error running evaluator <DynamicRunEvaluator retrieval_relevance> on run 019fd41e-17b6-7ef2-a113-656549fd827d: ValueError("Expected an EvaluationResult object, or dict with a metric 'key' and optional 'score' or categorical 'value'; got {'grade': 9, 'correct': True, 'explanation': 'The FACTS provided contain extensive information about the future of LLaMA development at Meta. The discussion mentions the upcoming LLaMA 3, improvements in future versions, and the potential for systems capable of planning and understanding the world. It also references ongoing research and collaborations that are directly related to the development of LLaMA. The mention of open-source platforms and their importance for the AI industry further supports the relevance to the future outlook of LLaMA development. Overall, the content is highly relevant and provides substantial insight into the future of LLaMA at Meta.', 'key': 'retrieval_relevance'}")
Traceback (most recent call last):
  File "c:\Users\apaks\projects\YT-RAG\.venv\Lib\site-packages\langsmith\evaluation\_runner.py", line 1689, in _run_evaluators
    evaluator_response = evaluator.evaluate_run(  # type: ignore[call-arg]
        run=run,
        example=example,
        evaluator_run_id=evaluator_run_id,
    )
  File "c:\Users\apaks\projects\YT-RAG\.venv\Lib\site-packages\langsmith\evaluation\evaluator.py", line 375, in evaluate_run
    return self._format_result(result, evaluator_run_id)
           ~~~~~~~~~~~~~~~~~~~^^^^^^^^^^^^^^^^^^^^^^^^^^
  File "c:\Users\apaks\projects\YT-RAG\.venv\Lib\site-packages\langsmith\evaluation\evaluator.py", line 322, in _format_result
    return self._coerce_evaluation_results(result, source_run_id)
           ~~~~~~~~~~~~~~~~~~~~~~~~~~~~~~~^^^^^^^^^^^^^^^^^^^^^^^
  File "c:\Users\apaks\projects\YT-RAG\.venv\Lib\site-packages\langsmith\evaluation\evaluator.py", line 306, in _coerce_evaluation_results
    return self._coerce_evaluation_result(
           ~~~~~~~~~~~~~~~~~~~~~~~~~~~~~~^
        cast(dict, results), source_run_id=source_run_id, allow_no_key=True
        ^^^^^^^^^^^^^^^^^^^^^^^^^^^^^^^^^^^^^^^^^^^^^^^^^^^^^^^^^^^^^^^^^^^
    )
    ^
  File "c:\Users\apaks\projects\YT-RAG\.venv\Lib\site-packages\langsmith\evaluation\evaluator.py", line 282, in _coerce_evaluation_result
    raise ValueError(
    ...<2 lines>...
    )
ValueError: Expected an EvaluationResult object, or dict with a metric 'key' and optional 'score' or categorical 'value'; got {'grade': 9, 'correct': True, 'explanation': 'The FACTS provided contain extensive information about the future of LLaMA development at Meta. The discussion mentions the upcoming LLaMA 3, improvements in future versions, and the potential for systems capable of planning and understanding the world. It also references ongoing research and collaborations that are directly related to the development of LLaMA. The mention of open-source platforms and their importance for the AI industry further supports the relevance to the future outlook of LLaMA development. Overall, the content is highly relevant and provides substantial insight into the future of LLaMA at Meta.', 'key': 'retrieval_relevance'}
[ 2026-08-05 23:49:46,995] 1735 langsmith.evaluation._runner - ERROR - Error running evaluator <DynamicRunEvaluator timestamp_error> on run 019fd41e-17b6-7ef2-a113-656549fd827d: TypeError("unsupported operand type(s) for -: 'RunTree' and 'Example'")
Traceback (most recent call last):
  File "c:\Users\apaks\projects\YT-RAG\.venv\Lib\site-packages\langsmith\evaluation\_runner.py", line 1689, in _run_evaluators
    evaluator_response = evaluator.evaluate_run(  # type: ignore[call-arg]
        run=run,
        example=example,
        evaluator_run_id=evaluator_run_id,
    )
  File "c:\Users\apaks\projects\YT-RAG\.venv\Lib\site-packages\langsmith\evaluation\evaluator.py", line 370, in evaluate_run
    result = self.func(
        run,
        example,
        langsmith_extra={"run_id": evaluator_run_id, "metadata": metadata},
    )
  File "c:\Users\apaks\projects\YT-RAG\.venv\Lib\site-packages\langsmith\run_helpers.py", line 777, in wrapper
    function_result = run_container["context"].run(
        func, *args, **kwargs
    )
  File "C:\Users\apaks\AppData\Local\Temp\ipykernel_11624\4279707790.py", line 2, in timestamp_error
    return abs(correct_ts - doc_ts)
               ~~~~~~~~~~~^~~~~~~~
TypeError: unsupported operand type(s) for -: 'RunTree' and 'Example'
[ 2026-08-05 23:49:47,019] 26 root - INFO - [INFO] Pickle file faiss_store\metadata.pkl loaded
[ 2026-08-05 23:49:47,019] 80 root - INFO - [INFO] Faiss index and Metadata loaded
[ 2026-08-05 23:49:47,019] 40 root - INFO - [INFO] Existing vetorstore loaded
[ 2026-08-05 23:49:47,024] 49 root - INFO - [INFO] OpenAI chat model initialised: gpt-4o-mini
[ 2026-08-05 23:49:47,024] 26 root - INFO - [INFO] Loading Embedding Model: text-embedding-3-large
[ 2026-08-05 23:49:49,690] 1025 httpx - INFO - HTTP Request: POST https://api.openai.com/v1/embeddings "HTTP/1.1 200 OK"
[ 2026-08-05 23:49:49,695] 64 root - INFO - [INFO] Query embedding generated for query: Why does LeCun compare the potential of AI to physical systems like rockets?. Query embedding dimension: (1, 3072)
[ 2026-08-05 23:49:49,697] 26 root - INFO - [INFO] Pickle file faiss_store\metadata.pkl loaded
[ 2026-08-05 23:49:49,697] 80 root - INFO - [INFO] Faiss index and Metadata loaded
[ 2026-08-05 23:49:49,698] 104 root - INFO - [INFO] Vectorestore search for nearest vectors completed for query embedding of dimension (1, 3072)
[ 2026-08-05 23:49:49,698] 84 root - INFO - [INFO] Query search completed. Relevant context extracted for query: Why does LeCun compare the potential of AI to physical systems like rockets?
[ 2026-08-05 23:49:49,699] 103 root - INFO - [INFO] Prompt with context and query loaded
[ 2026-08-05 23:49:50,642] 1025 httpx - INFO - HTTP Request: POST https://api.openai.com/v1/chat/completions "HTTP/1.1 200 OK"
[ 2026-08-05 23:49:50,650] 106 root - INFO - [INFO] Response generated by llm for the query: Why does LeCun ..
[ 2026-08-05 23:49:50,651] 115 root - INFO - [INFO] Fetching timestamps for the reveant chunks
[ 2026-08-05 23:49:50,651] 120 root - INFO - [INFO] Timestamps succesfully fetched
[ 2026-08-05 23:49:52,584] 1025 httpx - INFO - HTTP Request: POST https://api.openai.com/v1/chat/completions "HTTP/1.1 200 OK"
[ 2026-08-05 23:49:52,616] 1735 langsmith.evaluation._runner - ERROR - Error running evaluator <DynamicRunEvaluator correctness> on run 019fd41e-5b03-7e81-9aa4-316cefee940b: ValueError("Expected an EvaluationResult object, or dict with a metric 'key' and optional 'score' or categorical 'value'; got {'explanation': 'The student answer does not address the question at all. Instead of providing a relevant response about why LeCun compares AI to physical systems like rockets, the student states that there is not enough information to answer. This indicates a lack of understanding of the topic and does not engage with the ground truth answer, which discusses the necessity of deep real-world expertise in building physical systems and the limitations of LLMs. Therefore, the answer is entirely incorrect and unrelated to the question asked.', 'correct': False, 'grade': 1, 'key': 'correctness'}")
Traceback (most recent call last):
  File "c:\Users\apaks\projects\YT-RAG\.venv\Lib\site-packages\langsmith\evaluation\_runner.py", line 1689, in _run_evaluators
    evaluator_response = evaluator.evaluate_run(  # type: ignore[call-arg]
        run=run,
        example=example,
        evaluator_run_id=evaluator_run_id,
    )
  File "c:\Users\apaks\projects\YT-RAG\.venv\Lib\site-packages\langsmith\evaluation\evaluator.py", line 375, in evaluate_run
    return self._format_result(result, evaluator_run_id)
           ~~~~~~~~~~~~~~~~~~~^^^^^^^^^^^^^^^^^^^^^^^^^^
  File "c:\Users\apaks\projects\YT-RAG\.venv\Lib\site-packages\langsmith\evaluation\evaluator.py", line 322, in _format_result
    return self._coerce_evaluation_results(result, source_run_id)
           ~~~~~~~~~~~~~~~~~~~~~~~~~~~~~~~^^^^^^^^^^^^^^^^^^^^^^^
  File "c:\Users\apaks\projects\YT-RAG\.venv\Lib\site-packages\langsmith\evaluation\evaluator.py", line 306, in _coerce_evaluation_results
    return self._coerce_evaluation_result(
           ~~~~~~~~~~~~~~~~~~~~~~~~~~~~~~^
        cast(dict, results), source_run_id=source_run_id, allow_no_key=True
        ^^^^^^^^^^^^^^^^^^^^^^^^^^^^^^^^^^^^^^^^^^^^^^^^^^^^^^^^^^^^^^^^^^^
    )
    ^
  File "c:\Users\apaks\projects\YT-RAG\.venv\Lib\site-packages\langsmith\evaluation\evaluator.py", line 282, in _coerce_evaluation_result
    raise ValueError(
    ...<2 lines>...
    )
ValueError: Expected an EvaluationResult object, or dict with a metric 'key' and optional 'score' or categorical 'value'; got {'explanation': 'The student answer does not address the question at all. Instead of providing a relevant response about why LeCun compares AI to physical systems like rockets, the student states that there is not enough information to answer. This indicates a lack of understanding of the topic and does not engage with the ground truth answer, which discusses the necessity of deep real-world expertise in building physical systems and the limitations of LLMs. Therefore, the answer is entirely incorrect and unrelated to the question asked.', 'correct': False, 'grade': 1, 'key': 'correctness'}
[ 2026-08-05 23:49:55,253] 1025 httpx - INFO - HTTP Request: POST https://api.openai.com/v1/chat/completions "HTTP/1.1 200 OK"
[ 2026-08-05 23:49:55,293] 1735 langsmith.evaluation._runner - ERROR - Error running evaluator <DynamicRunEvaluator groundedness> on run 019fd41e-5b03-7e81-9aa4-316cefee940b: ValueError("Expected an EvaluationResult object, or dict with a metric 'key' and optional 'score' or categorical 'value'; got {'grade': 1, 'correct': False, 'explanation': 'The student answer states that the retrieved context does not contain enough information to answer the question. However, the context provided contains ample information regarding the development of AI, its implications, and discussions about safety and intelligence. The student fails to engage with the content and does not attempt to provide any analysis or insights based on the facts presented. This lack of effort to connect the answer to the facts results in a very poor score. The answer is entirely unsupported by the facts, leading to a grounded value of False.', 'key': 'groundedness'}")
Traceback (most recent call last):
  File "c:\Users\apaks\projects\YT-RAG\.venv\Lib\site-packages\langsmith\evaluation\_runner.py", line 1689, in _run_evaluators
    evaluator_response = evaluator.evaluate_run(  # type: ignore[call-arg]
        run=run,
        example=example,
        evaluator_run_id=evaluator_run_id,
    )
  File "c:\Users\apaks\projects\YT-RAG\.venv\Lib\site-packages\langsmith\evaluation\evaluator.py", line 375, in evaluate_run
    return self._format_result(result, evaluator_run_id)
           ~~~~~~~~~~~~~~~~~~~^^^^^^^^^^^^^^^^^^^^^^^^^^
  File "c:\Users\apaks\projects\YT-RAG\.venv\Lib\site-packages\langsmith\evaluation\evaluator.py", line 322, in _format_result
    return self._coerce_evaluation_results(result, source_run_id)
           ~~~~~~~~~~~~~~~~~~~~~~~~~~~~~~~^^^^^^^^^^^^^^^^^^^^^^^
  File "c:\Users\apaks\projects\YT-RAG\.venv\Lib\site-packages\langsmith\evaluation\evaluator.py", line 306, in _coerce_evaluation_results
    return self._coerce_evaluation_result(
           ~~~~~~~~~~~~~~~~~~~~~~~~~~~~~~^
        cast(dict, results), source_run_id=source_run_id, allow_no_key=True
        ^^^^^^^^^^^^^^^^^^^^^^^^^^^^^^^^^^^^^^^^^^^^^^^^^^^^^^^^^^^^^^^^^^^
    )
    ^
  File "c:\Users\apaks\projects\YT-RAG\.venv\Lib\site-packages\langsmith\evaluation\evaluator.py", line 282, in _coerce_evaluation_result
    raise ValueError(
    ...<2 lines>...
    )
ValueError: Expected an EvaluationResult object, or dict with a metric 'key' and optional 'score' or categorical 'value'; got {'grade': 1, 'correct': False, 'explanation': 'The student answer states that the retrieved context does not contain enough information to answer the question. However, the context provided contains ample information regarding the development of AI, its implications, and discussions about safety and intelligence. The student fails to engage with the content and does not attempt to provide any analysis or insights based on the facts presented. This lack of effort to connect the answer to the facts results in a very poor score. The answer is entirely unsupported by the facts, leading to a grounded value of False.', 'key': 'groundedness'}
[ 2026-08-05 23:49:56,862] 1025 httpx - INFO - HTTP Request: POST https://api.openai.com/v1/chat/completions "HTTP/1.1 200 OK"
[ 2026-08-05 23:49:56,889] 1735 langsmith.evaluation._runner - ERROR - Error running evaluator <DynamicRunEvaluator relevance> on run 019fd41e-5b03-7e81-9aa4-316cefee940b: ValueError("Expected an EvaluationResult object, or dict with a metric 'key' and optional 'score' or categorical 'value'; got {'grade': 1, 'correct': False, 'explanation': 'The student answer does not address the question at all. It states that there is not enough information to answer, which is irrelevant to the question about why LeCun makes a comparison between AI and physical systems like rockets. The answer does not provide any insight or attempt to engage with the topic, leading to a very low score.', 'key': 'relevance'}")
Traceback (most recent call last):
  File "c:\Users\apaks\projects\YT-RAG\.venv\Lib\site-packages\langsmith\evaluation\_runner.py", line 1689, in _run_evaluators
    evaluator_response = evaluator.evaluate_run(  # type: ignore[call-arg]
        run=run,
        example=example,
        evaluator_run_id=evaluator_run_id,
    )
  File "c:\Users\apaks\projects\YT-RAG\.venv\Lib\site-packages\langsmith\evaluation\evaluator.py", line 375, in evaluate_run
    return self._format_result(result, evaluator_run_id)
           ~~~~~~~~~~~~~~~~~~~^^^^^^^^^^^^^^^^^^^^^^^^^^
  File "c:\Users\apaks\projects\YT-RAG\.venv\Lib\site-packages\langsmith\evaluation\evaluator.py", line 322, in _format_result
    return self._coerce_evaluation_results(result, source_run_id)
           ~~~~~~~~~~~~~~~~~~~~~~~~~~~~~~~^^^^^^^^^^^^^^^^^^^^^^^
  File "c:\Users\apaks\projects\YT-RAG\.venv\Lib\site-packages\langsmith\evaluation\evaluator.py", line 306, in _coerce_evaluation_results
    return self._coerce_evaluation_result(
           ~~~~~~~~~~~~~~~~~~~~~~~~~~~~~~^
        cast(dict, results), source_run_id=source_run_id, allow_no_key=True
        ^^^^^^^^^^^^^^^^^^^^^^^^^^^^^^^^^^^^^^^^^^^^^^^^^^^^^^^^^^^^^^^^^^^
    )
    ^
  File "c:\Users\apaks\projects\YT-RAG\.venv\Lib\site-packages\langsmith\evaluation\evaluator.py", line 282, in _coerce_evaluation_result
    raise ValueError(
    ...<2 lines>...
    )
ValueError: Expected an EvaluationResult object, or dict with a metric 'key' and optional 'score' or categorical 'value'; got {'grade': 1, 'correct': False, 'explanation': 'The student answer does not address the question at all. It states that there is not enough information to answer, which is irrelevant to the question about why LeCun makes a comparison between AI and physical systems like rockets. The answer does not provide any insight or attempt to engage with the topic, leading to a very low score.', 'key': 'relevance'}
[ 2026-08-05 23:49:59,456] 1025 httpx - INFO - HTTP Request: POST https://api.openai.com/v1/chat/completions "HTTP/1.1 200 OK"
[ 2026-08-05 23:49:59,476] 1735 langsmith.evaluation._runner - ERROR - Error running evaluator <DynamicRunEvaluator retrieval_relevance> on run 019fd41e-5b03-7e81-9aa4-316cefee940b: ValueError('Expected an EvaluationResult object, or dict with a metric \'key\' and optional \'score\' or categorical \'value\'; got {\'grade\': 4, \'correct\': False, \'explanation\': "The provided FACTS discuss various aspects of AI, including its safety, potential misuse, and the limitations of current AI systems like large language models. However, there is no direct mention or comparison of AI to physical systems like rockets. The discussion touches on the iterative development of AI and its implications, but it does not specifically address why LeCun would compare AI to rockets or any physical systems. Therefore, while there are relevant themes about AI\'s development and safety, the lack of a direct connection to the question about rockets leads to a low relevance score.", \'key\': \'retrieval_relevance\'}')
Traceback (most recent call last):
  File "c:\Users\apaks\projects\YT-RAG\.venv\Lib\site-packages\langsmith\evaluation\_runner.py", line 1689, in _run_evaluators
    evaluator_response = evaluator.evaluate_run(  # type: ignore[call-arg]
        run=run,
        example=example,
        evaluator_run_id=evaluator_run_id,
    )
  File "c:\Users\apaks\projects\YT-RAG\.venv\Lib\site-packages\langsmith\evaluation\evaluator.py", line 375, in evaluate_run
    return self._format_result(result, evaluator_run_id)
           ~~~~~~~~~~~~~~~~~~~^^^^^^^^^^^^^^^^^^^^^^^^^^
  File "c:\Users\apaks\projects\YT-RAG\.venv\Lib\site-packages\langsmith\evaluation\evaluator.py", line 322, in _format_result
    return self._coerce_evaluation_results(result, source_run_id)
           ~~~~~~~~~~~~~~~~~~~~~~~~~~~~~~~^^^^^^^^^^^^^^^^^^^^^^^
  File "c:\Users\apaks\projects\YT-RAG\.venv\Lib\site-packages\langsmith\evaluation\evaluator.py", line 306, in _coerce_evaluation_results
    return self._coerce_evaluation_result(
           ~~~~~~~~~~~~~~~~~~~~~~~~~~~~~~^
        cast(dict, results), source_run_id=source_run_id, allow_no_key=True
        ^^^^^^^^^^^^^^^^^^^^^^^^^^^^^^^^^^^^^^^^^^^^^^^^^^^^^^^^^^^^^^^^^^^
    )
    ^
  File "c:\Users\apaks\projects\YT-RAG\.venv\Lib\site-packages\langsmith\evaluation\evaluator.py", line 282, in _coerce_evaluation_result
    raise ValueError(
    ...<2 lines>...
    )
ValueError: Expected an EvaluationResult object, or dict with a metric 'key' and optional 'score' or categorical 'value'; got {'grade': 4, 'correct': False, 'explanation': "The provided FACTS discuss various aspects of AI, including its safety, potential misuse, and the limitations of current AI systems like large language models. However, there is no direct mention or comparison of AI to physical systems like rockets. The discussion touches on the iterative development of AI and its implications, but it does not specifically address why LeCun would compare AI to rockets or any physical systems. Therefore, while there are relevant themes about AI's development and safety, the lack of a direct connection to the question about rockets leads to a low relevance score.", 'key': 'retrieval_relevance'}
[ 2026-08-05 23:49:59,485] 1735 langsmith.evaluation._runner - ERROR - Error running evaluator <DynamicRunEvaluator timestamp_error> on run 019fd41e-5b03-7e81-9aa4-316cefee940b: TypeError("unsupported operand type(s) for -: 'RunTree' and 'Example'")
Traceback (most recent call last):
  File "c:\Users\apaks\projects\YT-RAG\.venv\Lib\site-packages\langsmith\evaluation\_runner.py", line 1689, in _run_evaluators
    evaluator_response = evaluator.evaluate_run(  # type: ignore[call-arg]
        run=run,
        example=example,
        evaluator_run_id=evaluator_run_id,
    )
  File "c:\Users\apaks\projects\YT-RAG\.venv\Lib\site-packages\langsmith\evaluation\evaluator.py", line 370, in evaluate_run
    result = self.func(
        run,
        example,
        langsmith_extra={"run_id": evaluator_run_id, "metadata": metadata},
    )
  File "c:\Users\apaks\projects\YT-RAG\.venv\Lib\site-packages\langsmith\run_helpers.py", line 777, in wrapper
    function_result = run_container["context"].run(
        func, *args, **kwargs
    )
  File "C:\Users\apaks\AppData\Local\Temp\ipykernel_11624\4279707790.py", line 2, in timestamp_error
    return abs(correct_ts - doc_ts)
               ~~~~~~~~~~~^~~~~~~~
TypeError: unsupported operand type(s) for -: 'RunTree' and 'Example'
[ 2026-08-05 23:49:59,497] 26 root - INFO - [INFO] Pickle file faiss_store\metadata.pkl loaded
[ 2026-08-05 23:49:59,497] 80 root - INFO - [INFO] Faiss index and Metadata loaded
[ 2026-08-05 23:49:59,497] 40 root - INFO - [INFO] Existing vetorstore loaded
[ 2026-08-05 23:49:59,499] 49 root - INFO - [INFO] OpenAI chat model initialised: gpt-4o-mini
[ 2026-08-05 23:49:59,502] 26 root - INFO - [INFO] Loading Embedding Model: text-embedding-3-large
[ 2026-08-05 23:50:01,177] 1025 httpx - INFO - HTTP Request: POST https://api.openai.com/v1/embeddings "HTTP/1.1 200 OK"
[ 2026-08-05 23:50:01,182] 64 root - INFO - [INFO] Query embedding generated for query: What is the limitation of relying on language as a 'crutch' for vision systems?. Query embedding dimension: (1, 3072)
[ 2026-08-05 23:50:01,190] 26 root - INFO - [INFO] Pickle file faiss_store\metadata.pkl loaded
[ 2026-08-05 23:50:01,191] 80 root - INFO - [INFO] Faiss index and Metadata loaded
[ 2026-08-05 23:50:01,193] 104 root - INFO - [INFO] Vectorestore search for nearest vectors completed for query embedding of dimension (1, 3072)
[ 2026-08-05 23:50:01,194] 84 root - INFO - [INFO] Query search completed. Relevant context extracted for query: What is the limitation of relying on language as a 'crutch' for vision systems?
[ 2026-08-05 23:50:01,196] 103 root - INFO - [INFO] Prompt with context and query loaded
[ 2026-08-05 23:50:03,064] 1025 httpx - INFO - HTTP Request: POST https://api.openai.com/v1/chat/completions "HTTP/1.1 200 OK"
[ 2026-08-05 23:50:03,076] 106 root - INFO - [INFO] Response generated by llm for the query: What is the lim..
[ 2026-08-05 23:50:03,077] 115 root - INFO - [INFO] Fetching timestamps for the reveant chunks
[ 2026-08-05 23:50:03,077] 120 root - INFO - [INFO] Timestamps succesfully fetched
[ 2026-08-05 23:50:05,385] 1025 httpx - INFO - HTTP Request: POST https://api.openai.com/v1/chat/completions "HTTP/1.1 200 OK"
[ 2026-08-05 23:50:05,419] 1735 langsmith.evaluation._runner - ERROR - Error running evaluator <DynamicRunEvaluator correctness> on run 019fd41e-8bc4-7cc0-89e5-a583c312fe42: ValueError('Expected an EvaluationResult object, or dict with a metric \'key\' and optional \'score\' or categorical \'value\'; got {\'explanation\': "The student answer acknowledges that relying on language as a \'crutch\' for vision systems does not lead to a true understanding of the world, which aligns with the ground truth. However, the student elaborates on this by discussing the risks of creating systems that lack genuine understanding and the inability to handle intuitive physics, which adds depth to the answer. While the student does not explicitly mention the \'high-bandwidth experience of the physical world\' as stated in the ground truth, they imply that language cannot fully compensate for the complexities of physical reality. This shows a good understanding of the limitations, but the omission of the specific phrase from the ground truth and the focus on the risks rather than the core limitation slightly detracts from the score. Overall, the answer is mostly correct with some additional insights, but it lacks a direct reference to the key aspect of \'common sense\' mentioned in the ground truth.", \'correct\': True, \'grade\': 8, \'key\': \'correctness\'}')
Traceback (most recent call last):
  File "c:\Users\apaks\projects\YT-RAG\.venv\Lib\site-packages\langsmith\evaluation\_runner.py", line 1689, in _run_evaluators
    evaluator_response = evaluator.evaluate_run(  # type: ignore[call-arg]
        run=run,
        example=example,
        evaluator_run_id=evaluator_run_id,
    )
  File "c:\Users\apaks\projects\YT-RAG\.venv\Lib\site-packages\langsmith\evaluation\evaluator.py", line 375, in evaluate_run
    return self._format_result(result, evaluator_run_id)
           ~~~~~~~~~~~~~~~~~~~^^^^^^^^^^^^^^^^^^^^^^^^^^
  File "c:\Users\apaks\projects\YT-RAG\.venv\Lib\site-packages\langsmith\evaluation\evaluator.py", line 322, in _format_result
    return self._coerce_evaluation_results(result, source_run_id)
           ~~~~~~~~~~~~~~~~~~~~~~~~~~~~~~~^^^^^^^^^^^^^^^^^^^^^^^
  File "c:\Users\apaks\projects\YT-RAG\.venv\Lib\site-packages\langsmith\evaluation\evaluator.py", line 306, in _coerce_evaluation_results
    return self._coerce_evaluation_result(
           ~~~~~~~~~~~~~~~~~~~~~~~~~~~~~~^
        cast(dict, results), source_run_id=source_run_id, allow_no_key=True
        ^^^^^^^^^^^^^^^^^^^^^^^^^^^^^^^^^^^^^^^^^^^^^^^^^^^^^^^^^^^^^^^^^^^
    )
    ^
  File "c:\Users\apaks\projects\YT-RAG\.venv\Lib\site-packages\langsmith\evaluation\evaluator.py", line 282, in _coerce_evaluation_result
    raise ValueError(
    ...<2 lines>...
    )
ValueError: Expected an EvaluationResult object, or dict with a metric 'key' and optional 'score' or categorical 'value'; got {'explanation': "The student answer acknowledges that relying on language as a 'crutch' for vision systems does not lead to a true understanding of the world, which aligns with the ground truth. However, the student elaborates on this by discussing the risks of creating systems that lack genuine understanding and the inability to handle intuitive physics, which adds depth to the answer. While the student does not explicitly mention the 'high-bandwidth experience of the physical world' as stated in the ground truth, they imply that language cannot fully compensate for the complexities of physical reality. This shows a good understanding of the limitations, but the omission of the specific phrase from the ground truth and the focus on the risks rather than the core limitation slightly detracts from the score. Overall, the answer is mostly correct with some additional insights, but it lacks a direct reference to the key aspect of 'common sense' mentioned in the ground truth.", 'correct': True, 'grade': 8, 'key': 'correctness'}
[ 2026-08-05 23:50:09,338] 1025 httpx - INFO - HTTP Request: POST https://api.openai.com/v1/chat/completions "HTTP/1.1 200 OK"
[ 2026-08-05 23:50:09,382] 1735 langsmith.evaluation._runner - ERROR - Error running evaluator <DynamicRunEvaluator groundedness> on run 019fd41e-8bc4-7cc0-89e5-a583c312fe42: ValueError('Expected an EvaluationResult object, or dict with a metric \'key\' and optional \'score\' or categorical \'value\'; got {\'grade\': 8, \'correct\': True, \'explanation\': "The student answer is mostly grounded in the provided facts. It accurately reflects the idea that using language as a \'crutch\' for vision systems may lead to superficial improvements without fostering a true understanding of the world. This aligns with the FACTS, which discuss how current vision-language models may not genuinely understand intuitive physics or the complexities of physical reality. The student mentions the risk of creating systems that rely on language to compensate for deficiencies in vision, which is consistent with the FACTS that highlight the limitations of LLMs in understanding the world compared to animals. However, the answer could be slightly more specific about the implications of this limitation, which is why it does not score a perfect 10. Overall, the claims made are well-supported and do not introduce unsupported information.", \'key\': \'groundedness\'}')
Traceback (most recent call last):
  File "c:\Users\apaks\projects\YT-RAG\.venv\Lib\site-packages\langsmith\evaluation\_runner.py", line 1689, in _run_evaluators
    evaluator_response = evaluator.evaluate_run(  # type: ignore[call-arg]
        run=run,
        example=example,
        evaluator_run_id=evaluator_run_id,
    )
  File "c:\Users\apaks\projects\YT-RAG\.venv\Lib\site-packages\langsmith\evaluation\evaluator.py", line 375, in evaluate_run
    return self._format_result(result, evaluator_run_id)
           ~~~~~~~~~~~~~~~~~~~^^^^^^^^^^^^^^^^^^^^^^^^^^
  File "c:\Users\apaks\projects\YT-RAG\.venv\Lib\site-packages\langsmith\evaluation\evaluator.py", line 322, in _format_result
    return self._coerce_evaluation_results(result, source_run_id)
           ~~~~~~~~~~~~~~~~~~~~~~~~~~~~~~~^^^^^^^^^^^^^^^^^^^^^^^
  File "c:\Users\apaks\projects\YT-RAG\.venv\Lib\site-packages\langsmith\evaluation\evaluator.py", line 306, in _coerce_evaluation_results
    return self._coerce_evaluation_result(
           ~~~~~~~~~~~~~~~~~~~~~~~~~~~~~~^
        cast(dict, results), source_run_id=source_run_id, allow_no_key=True
        ^^^^^^^^^^^^^^^^^^^^^^^^^^^^^^^^^^^^^^^^^^^^^^^^^^^^^^^^^^^^^^^^^^^
    )
    ^
  File "c:\Users\apaks\projects\YT-RAG\.venv\Lib\site-packages\langsmith\evaluation\evaluator.py", line 282, in _coerce_evaluation_result
    raise ValueError(
    ...<2 lines>...
    )
ValueError: Expected an EvaluationResult object, or dict with a metric 'key' and optional 'score' or categorical 'value'; got {'grade': 8, 'correct': True, 'explanation': "The student answer is mostly grounded in the provided facts. It accurately reflects the idea that using language as a 'crutch' for vision systems may lead to superficial improvements without fostering a true understanding of the world. This aligns with the FACTS, which discuss how current vision-language models may not genuinely understand intuitive physics or the complexities of physical reality. The student mentions the risk of creating systems that rely on language to compensate for deficiencies in vision, which is consistent with the FACTS that highlight the limitations of LLMs in understanding the world compared to animals. However, the answer could be slightly more specific about the implications of this limitation, which is why it does not score a perfect 10. Overall, the claims made are well-supported and do not introduce unsupported information.", 'key': 'groundedness'}
[ 2026-08-05 23:50:11,521] 1025 httpx - INFO - HTTP Request: POST https://api.openai.com/v1/chat/completions "HTTP/1.1 200 OK"
[ 2026-08-05 23:50:11,552] 1735 langsmith.evaluation._runner - ERROR - Error running evaluator <DynamicRunEvaluator relevance> on run 019fd41e-8bc4-7cc0-89e5-a583c312fe42: ValueError('Expected an EvaluationResult object, or dict with a metric \'key\' and optional \'score\' or categorical \'value\'; got {\'grade\': 9, \'correct\': True, \'explanation\': "The student answer directly addresses the question by explaining the limitation of using language as a \'crutch\' for vision systems. It highlights that while language may provide some improvement, it does not foster a true understanding of the world, which is a key point in the question. The answer is clear and focused, discussing the risks of creating systems that rely on language instead of developing a comprehensive understanding of physical reality. The mention of intuitive physics and the complexities of the environment adds depth to the response, reinforcing its relevance. Overall, the answer is highly relevant and effectively answers the question.", \'key\': \'relevance\'}')
Traceback (most recent call last):
  File "c:\Users\apaks\projects\YT-RAG\.venv\Lib\site-packages\langsmith\evaluation\_runner.py", line 1689, in _run_evaluators
    evaluator_response = evaluator.evaluate_run(  # type: ignore[call-arg]
        run=run,
        example=example,
        evaluator_run_id=evaluator_run_id,
    )
  File "c:\Users\apaks\projects\YT-RAG\.venv\Lib\site-packages\langsmith\evaluation\evaluator.py", line 375, in evaluate_run
    return self._format_result(result, evaluator_run_id)
           ~~~~~~~~~~~~~~~~~~~^^^^^^^^^^^^^^^^^^^^^^^^^^
  File "c:\Users\apaks\projects\YT-RAG\.venv\Lib\site-packages\langsmith\evaluation\evaluator.py", line 322, in _format_result
    return self._coerce_evaluation_results(result, source_run_id)
           ~~~~~~~~~~~~~~~~~~~~~~~~~~~~~~~^^^^^^^^^^^^^^^^^^^^^^^
  File "c:\Users\apaks\projects\YT-RAG\.venv\Lib\site-packages\langsmith\evaluation\evaluator.py", line 306, in _coerce_evaluation_results
    return self._coerce_evaluation_result(
           ~~~~~~~~~~~~~~~~~~~~~~~~~~~~~~^
        cast(dict, results), source_run_id=source_run_id, allow_no_key=True
        ^^^^^^^^^^^^^^^^^^^^^^^^^^^^^^^^^^^^^^^^^^^^^^^^^^^^^^^^^^^^^^^^^^^
    )
    ^
  File "c:\Users\apaks\projects\YT-RAG\.venv\Lib\site-packages\langsmith\evaluation\evaluator.py", line 282, in _coerce_evaluation_result
    raise ValueError(
    ...<2 lines>...
    )
ValueError: Expected an EvaluationResult object, or dict with a metric 'key' and optional 'score' or categorical 'value'; got {'grade': 9, 'correct': True, 'explanation': "The student answer directly addresses the question by explaining the limitation of using language as a 'crutch' for vision systems. It highlights that while language may provide some improvement, it does not foster a true understanding of the world, which is a key point in the question. The answer is clear and focused, discussing the risks of creating systems that rely on language instead of developing a comprehensive understanding of physical reality. The mention of intuitive physics and the complexities of the environment adds depth to the response, reinforcing its relevance. Overall, the answer is highly relevant and effectively answers the question.", 'key': 'relevance'}
[ 2026-08-05 23:50:13,651] 1025 httpx - INFO - HTTP Request: POST https://api.openai.com/v1/chat/completions "HTTP/1.1 200 OK"
[ 2026-08-05 23:50:13,667] 1735 langsmith.evaluation._runner - ERROR - Error running evaluator <DynamicRunEvaluator retrieval_relevance> on run 019fd41e-8bc4-7cc0-89e5-a583c312fe42: ValueError('Expected an EvaluationResult object, or dict with a metric \'key\' and optional \'score\' or categorical \'value\'; got {\'grade\': 9, \'correct\': True, \'explanation\': "The provided FACTS discuss the limitations of language models (LLMs) in understanding the physical world and how they often rely on language as a \'crutch\' to compensate for deficiencies in vision systems. The text mentions that using language to aid vision systems can lead to a superficial understanding, as LLMs are not trained to truly comprehend the world, particularly intuitive physics and common sense reasoning. This directly addresses the QUESTION about the limitations of relying on language as a \'crutch\' for vision systems, making the FACTS highly relevant.", \'key\': \'retrieval_relevance\'}')
Traceback (most recent call last):
  File "c:\Users\apaks\projects\YT-RAG\.venv\Lib\site-packages\langsmith\evaluation\_runner.py", line 1689, in _run_evaluators
    evaluator_response = evaluator.evaluate_run(  # type: ignore[call-arg]
        run=run,
        example=example,
        evaluator_run_id=evaluator_run_id,
    )
  File "c:\Users\apaks\projects\YT-RAG\.venv\Lib\site-packages\langsmith\evaluation\evaluator.py", line 375, in evaluate_run
    return self._format_result(result, evaluator_run_id)
           ~~~~~~~~~~~~~~~~~~~^^^^^^^^^^^^^^^^^^^^^^^^^^
  File "c:\Users\apaks\projects\YT-RAG\.venv\Lib\site-packages\langsmith\evaluation\evaluator.py", line 322, in _format_result
    return self._coerce_evaluation_results(result, source_run_id)
           ~~~~~~~~~~~~~~~~~~~~~~~~~~~~~~~^^^^^^^^^^^^^^^^^^^^^^^
  File "c:\Users\apaks\projects\YT-RAG\.venv\Lib\site-packages\langsmith\evaluation\evaluator.py", line 306, in _coerce_evaluation_results
    return self._coerce_evaluation_result(
           ~~~~~~~~~~~~~~~~~~~~~~~~~~~~~~^
        cast(dict, results), source_run_id=source_run_id, allow_no_key=True
        ^^^^^^^^^^^^^^^^^^^^^^^^^^^^^^^^^^^^^^^^^^^^^^^^^^^^^^^^^^^^^^^^^^^
    )
    ^
  File "c:\Users\apaks\projects\YT-RAG\.venv\Lib\site-packages\langsmith\evaluation\evaluator.py", line 282, in _coerce_evaluation_result
    raise ValueError(
    ...<2 lines>...
    )
ValueError: Expected an EvaluationResult object, or dict with a metric 'key' and optional 'score' or categorical 'value'; got {'grade': 9, 'correct': True, 'explanation': "The provided FACTS discuss the limitations of language models (LLMs) in understanding the physical world and how they often rely on language as a 'crutch' to compensate for deficiencies in vision systems. The text mentions that using language to aid vision systems can lead to a superficial understanding, as LLMs are not trained to truly comprehend the world, particularly intuitive physics and common sense reasoning. This directly addresses the QUESTION about the limitations of relying on language as a 'crutch' for vision systems, making the FACTS highly relevant.", 'key': 'retrieval_relevance'}
[ 2026-08-05 23:50:13,675] 1735 langsmith.evaluation._runner - ERROR - Error running evaluator <DynamicRunEvaluator timestamp_error> on run 019fd41e-8bc4-7cc0-89e5-a583c312fe42: TypeError("unsupported operand type(s) for -: 'RunTree' and 'Example'")
Traceback (most recent call last):
  File "c:\Users\apaks\projects\YT-RAG\.venv\Lib\site-packages\langsmith\evaluation\_runner.py", line 1689, in _run_evaluators
    evaluator_response = evaluator.evaluate_run(  # type: ignore[call-arg]
        run=run,
        example=example,
        evaluator_run_id=evaluator_run_id,
    )
  File "c:\Users\apaks\projects\YT-RAG\.venv\Lib\site-packages\langsmith\evaluation\evaluator.py", line 370, in evaluate_run
    result = self.func(
        run,
        example,
        langsmith_extra={"run_id": evaluator_run_id, "metadata": metadata},
    )
  File "c:\Users\apaks\projects\YT-RAG\.venv\Lib\site-packages\langsmith\run_helpers.py", line 777, in wrapper
    function_result = run_container["context"].run(
        func, *args, **kwargs
    )
  File "C:\Users\apaks\AppData\Local\Temp\ipykernel_11624\4279707790.py", line 2, in timestamp_error
    return abs(correct_ts - doc_ts)
               ~~~~~~~~~~~^~~~~~~~
TypeError: unsupported operand type(s) for -: 'RunTree' and 'Example'
[ 2026-08-05 23:50:13,690] 26 root - INFO - [INFO] Pickle file faiss_store\metadata.pkl loaded
[ 2026-08-05 23:50:13,690] 80 root - INFO - [INFO] Faiss index and Metadata loaded
[ 2026-08-05 23:50:13,690] 40 root - INFO - [INFO] Existing vetorstore loaded
[ 2026-08-05 23:50:13,692] 49 root - INFO - [INFO] OpenAI chat model initialised: gpt-4o-mini
[ 2026-08-05 23:50:13,692] 26 root - INFO - [INFO] Loading Embedding Model: text-embedding-3-large
[ 2026-08-05 23:50:15,472] 1025 httpx - INFO - HTTP Request: POST https://api.openai.com/v1/embeddings "HTTP/1.1 200 OK"
[ 2026-08-05 23:50:15,490] 64 root - INFO - [INFO] Query embedding generated for query: What is the concern regarding AI models becoming 'woke'?. Query embedding dimension: (1, 3072)
[ 2026-08-05 23:50:15,492] 26 root - INFO - [INFO] Pickle file faiss_store\metadata.pkl loaded
[ 2026-08-05 23:50:15,493] 80 root - INFO - [INFO] Faiss index and Metadata loaded
[ 2026-08-05 23:50:15,493] 104 root - INFO - [INFO] Vectorestore search for nearest vectors completed for query embedding of dimension (1, 3072)
[ 2026-08-05 23:50:15,494] 84 root - INFO - [INFO] Query search completed. Relevant context extracted for query: What is the concern regarding AI models becoming 'woke'?
[ 2026-08-05 23:50:15,495] 103 root - INFO - [INFO] Prompt with context and query loaded
[ 2026-08-05 23:50:17,607] 1025 httpx - INFO - HTTP Request: POST https://api.openai.com/v1/chat/completions "HTTP/1.1 200 OK"
[ 2026-08-05 23:50:17,638] 106 root - INFO - [INFO] Response generated by llm for the query: What is the con..
[ 2026-08-05 23:50:17,638] 115 root - INFO - [INFO] Fetching timestamps for the reveant chunks
[ 2026-08-05 23:50:17,639] 120 root - INFO - [INFO] Timestamps succesfully fetched
[ 2026-08-05 23:50:21,158] 1025 httpx - INFO - HTTP Request: POST https://api.openai.com/v1/chat/completions "HTTP/1.1 200 OK"
[ 2026-08-05 23:50:21,182] 1735 langsmith.evaluation._runner - ERROR - Error running evaluator <DynamicRunEvaluator correctness> on run 019fd41e-c335-7270-82e2-769625132f0d: ValueError('Expected an EvaluationResult object, or dict with a metric \'key\' and optional \'score\' or categorical \'value\'; got {\'explanation\': "The student answer addresses the concern regarding AI models becoming \'woke\' by discussing the modification of historical facts and censorship of sensitive topics, which aligns with the ground truth\'s mention of non-factual outputs. The example provided about Google\'s Gemini 1.5 and its handling of Tiananmen Square illustrates the point effectively and adds relevant context. However, while the student answer is largely correct and expands on the ground truth, it introduces the idea of a \'narrow ideological perspective\' which, while related, is not explicitly mentioned in the ground truth. This additional information does not conflict with the ground truth but rather extends it. Overall, the student demonstrates a strong understanding of the topic, but the slight deviation from the core focus of the ground truth leads to a minor deduction. Therefore, the score is high but not perfect.", \'correct\': True, \'grade\': 9, \'key\': \'correctness\'}')
Traceback (most recent call last):
  File "c:\Users\apaks\projects\YT-RAG\.venv\Lib\site-packages\langsmith\evaluation\_runner.py", line 1689, in _run_evaluators
    evaluator_response = evaluator.evaluate_run(  # type: ignore[call-arg]
        run=run,
        example=example,
        evaluator_run_id=evaluator_run_id,
    )
  File "c:\Users\apaks\projects\YT-RAG\.venv\Lib\site-packages\langsmith\evaluation\evaluator.py", line 375, in evaluate_run
    return self._format_result(result, evaluator_run_id)
           ~~~~~~~~~~~~~~~~~~~^^^^^^^^^^^^^^^^^^^^^^^^^^
  File "c:\Users\apaks\projects\YT-RAG\.venv\Lib\site-packages\langsmith\evaluation\evaluator.py", line 322, in _format_result
    return self._coerce_evaluation_results(result, source_run_id)
           ~~~~~~~~~~~~~~~~~~~~~~~~~~~~~~~^^^^^^^^^^^^^^^^^^^^^^^
  File "c:\Users\apaks\projects\YT-RAG\.venv\Lib\site-packages\langsmith\evaluation\evaluator.py", line 306, in _coerce_evaluation_results
    return self._coerce_evaluation_result(
           ~~~~~~~~~~~~~~~~~~~~~~~~~~~~~~^
        cast(dict, results), source_run_id=source_run_id, allow_no_key=True
        ^^^^^^^^^^^^^^^^^^^^^^^^^^^^^^^^^^^^^^^^^^^^^^^^^^^^^^^^^^^^^^^^^^^
    )
    ^
  File "c:\Users\apaks\projects\YT-RAG\.venv\Lib\site-packages\langsmith\evaluation\evaluator.py", line 282, in _coerce_evaluation_result
    raise ValueError(
    ...<2 lines>...
    )
ValueError: Expected an EvaluationResult object, or dict with a metric 'key' and optional 'score' or categorical 'value'; got {'explanation': "The student answer addresses the concern regarding AI models becoming 'woke' by discussing the modification of historical facts and censorship of sensitive topics, which aligns with the ground truth's mention of non-factual outputs. The example provided about Google's Gemini 1.5 and its handling of Tiananmen Square illustrates the point effectively and adds relevant context. However, while the student answer is largely correct and expands on the ground truth, it introduces the idea of a 'narrow ideological perspective' which, while related, is not explicitly mentioned in the ground truth. This additional information does not conflict with the ground truth but rather extends it. Overall, the student demonstrates a strong understanding of the topic, but the slight deviation from the core focus of the ground truth leads to a minor deduction. Therefore, the score is high but not perfect.", 'correct': True, 'grade': 9, 'key': 'correctness'}
[ 2026-08-05 23:50:23,533] 1025 httpx - INFO - HTTP Request: POST https://api.openai.com/v1/chat/completions "HTTP/1.1 200 OK"
[ 2026-08-05 23:50:23,587] 1735 langsmith.evaluation._runner - ERROR - Error running evaluator <DynamicRunEvaluator groundedness> on run 019fd41e-c335-7270-82e2-769625132f0d: ValueError('Expected an EvaluationResult object, or dict with a metric \'key\' and optional \'score\' or categorical \'value\'; got {\'grade\': 8, \'correct\': True, \'explanation\': "The student answer is mostly grounded in the provided facts. It accurately reflects the concerns about AI models, particularly the criticisms of Google\'s Gemini 1.5 regarding its handling of sensitive topics like Tiananmen Square, which is mentioned in the facts. The student correctly identifies the potential for biased representation of knowledge and the implications for diversity and factual accuracy. However, while the answer captures the essence of the concerns, it could be seen as slightly vague in its phrasing, particularly in how it describes the ideological perspective of AI systems. Overall, the answer is well-supported by the facts, with only minor speculative elements, justifying a score of 8.", \'key\': \'groundedness\'}')
Traceback (most recent call last):
  File "c:\Users\apaks\projects\YT-RAG\.venv\Lib\site-packages\langsmith\evaluation\_runner.py", line 1689, in _run_evaluators
    evaluator_response = evaluator.evaluate_run(  # type: ignore[call-arg]
        run=run,
        example=example,
        evaluator_run_id=evaluator_run_id,
    )
  File "c:\Users\apaks\projects\YT-RAG\.venv\Lib\site-packages\langsmith\evaluation\evaluator.py", line 375, in evaluate_run
    return self._format_result(result, evaluator_run_id)
           ~~~~~~~~~~~~~~~~~~~^^^^^^^^^^^^^^^^^^^^^^^^^^
  File "c:\Users\apaks\projects\YT-RAG\.venv\Lib\site-packages\langsmith\evaluation\evaluator.py", line 322, in _format_result
    return self._coerce_evaluation_results(result, source_run_id)
           ~~~~~~~~~~~~~~~~~~~~~~~~~~~~~~~^^^^^^^^^^^^^^^^^^^^^^^
  File "c:\Users\apaks\projects\YT-RAG\.venv\Lib\site-packages\langsmith\evaluation\evaluator.py", line 306, in _coerce_evaluation_results
    return self._coerce_evaluation_result(
           ~~~~~~~~~~~~~~~~~~~~~~~~~~~~~~^
        cast(dict, results), source_run_id=source_run_id, allow_no_key=True
        ^^^^^^^^^^^^^^^^^^^^^^^^^^^^^^^^^^^^^^^^^^^^^^^^^^^^^^^^^^^^^^^^^^^
    )
    ^
  File "c:\Users\apaks\projects\YT-RAG\.venv\Lib\site-packages\langsmith\evaluation\evaluator.py", line 282, in _coerce_evaluation_result
    raise ValueError(
    ...<2 lines>...
    )
ValueError: Expected an EvaluationResult object, or dict with a metric 'key' and optional 'score' or categorical 'value'; got {'grade': 8, 'correct': True, 'explanation': "The student answer is mostly grounded in the provided facts. It accurately reflects the concerns about AI models, particularly the criticisms of Google's Gemini 1.5 regarding its handling of sensitive topics like Tiananmen Square, which is mentioned in the facts. The student correctly identifies the potential for biased representation of knowledge and the implications for diversity and factual accuracy. However, while the answer captures the essence of the concerns, it could be seen as slightly vague in its phrasing, particularly in how it describes the ideological perspective of AI systems. Overall, the answer is well-supported by the facts, with only minor speculative elements, justifying a score of 8.", 'key': 'groundedness'}
[ 2026-08-05 23:50:25,875] 1025 httpx - INFO - HTTP Request: POST https://api.openai.com/v1/chat/completions "HTTP/1.1 200 OK"
[ 2026-08-05 23:50:25,904] 1735 langsmith.evaluation._runner - ERROR - Error running evaluator <DynamicRunEvaluator relevance> on run 019fd41e-c335-7270-82e2-769625132f0d: ValueError('Expected an EvaluationResult object, or dict with a metric \'key\' and optional \'score\' or categorical \'value\'; got {\'grade\': 9, \'correct\': True, \'explanation\': "The student answer directly addresses the concern regarding AI models becoming \'woke\' by explaining how they might modify historical facts and censor sensitive topics. It provides a specific example of Google\'s Gemini 1.5 and its handling of Tiananmen Square, which illustrates the potential for biased representation of knowledge. The answer is clear, focused, and relevant to the question, discussing the implications of AI reflecting a narrow ideological perspective and the threat to diversity and factual accuracy. Overall, it effectively conveys the main concerns associated with the topic.", \'key\': \'relevance\'}')
Traceback (most recent call last):
  File "c:\Users\apaks\projects\YT-RAG\.venv\Lib\site-packages\langsmith\evaluation\_runner.py", line 1689, in _run_evaluators
    evaluator_response = evaluator.evaluate_run(  # type: ignore[call-arg]
        run=run,
        example=example,
        evaluator_run_id=evaluator_run_id,
    )
  File "c:\Users\apaks\projects\YT-RAG\.venv\Lib\site-packages\langsmith\evaluation\evaluator.py", line 375, in evaluate_run
    return self._format_result(result, evaluator_run_id)
           ~~~~~~~~~~~~~~~~~~~^^^^^^^^^^^^^^^^^^^^^^^^^^
  File "c:\Users\apaks\projects\YT-RAG\.venv\Lib\site-packages\langsmith\evaluation\evaluator.py", line 322, in _format_result
    return self._coerce_evaluation_results(result, source_run_id)
           ~~~~~~~~~~~~~~~~~~~~~~~~~~~~~~~^^^^^^^^^^^^^^^^^^^^^^^
  File "c:\Users\apaks\projects\YT-RAG\.venv\Lib\site-packages\langsmith\evaluation\evaluator.py", line 306, in _coerce_evaluation_results
    return self._coerce_evaluation_result(
           ~~~~~~~~~~~~~~~~~~~~~~~~~~~~~~^
        cast(dict, results), source_run_id=source_run_id, allow_no_key=True
        ^^^^^^^^^^^^^^^^^^^^^^^^^^^^^^^^^^^^^^^^^^^^^^^^^^^^^^^^^^^^^^^^^^^
    )
    ^
  File "c:\Users\apaks\projects\YT-RAG\.venv\Lib\site-packages\langsmith\evaluation\evaluator.py", line 282, in _coerce_evaluation_result
    raise ValueError(
    ...<2 lines>...
    )
ValueError: Expected an EvaluationResult object, or dict with a metric 'key' and optional 'score' or categorical 'value'; got {'grade': 9, 'correct': True, 'explanation': "The student answer directly addresses the concern regarding AI models becoming 'woke' by explaining how they might modify historical facts and censor sensitive topics. It provides a specific example of Google's Gemini 1.5 and its handling of Tiananmen Square, which illustrates the potential for biased representation of knowledge. The answer is clear, focused, and relevant to the question, discussing the implications of AI reflecting a narrow ideological perspective and the threat to diversity and factual accuracy. Overall, it effectively conveys the main concerns associated with the topic.", 'key': 'relevance'}
[ 2026-08-05 23:50:28,641] 1025 httpx - INFO - HTTP Request: POST https://api.openai.com/v1/chat/completions "HTTP/1.1 200 OK"
[ 2026-08-05 23:50:28,652] 1735 langsmith.evaluation._runner - ERROR - Error running evaluator <DynamicRunEvaluator retrieval_relevance> on run 019fd41e-c335-7270-82e2-769625132f0d: ValueError('Expected an EvaluationResult object, or dict with a metric \'key\' and optional \'score\' or categorical \'value\'; got {\'grade\': 8, \'correct\': True, \'explanation\': "The provided FACTS discuss the criticism of Google\'s Gemini 1.5, which is described as \'super woke\' and includes examples of how it modifies historical narratives and avoids sensitive topics like Tiananmen Square. This directly relates to the concern about AI models becoming \'woke\' as it highlights the ideological biases that can emerge in AI outputs. The mention of the need for diversity in AI systems and the challenges of creating unbiased models further supports the relevance to the question. While there are some off-topic discussions about open-source models and the general landscape of AI, the core content addresses the concerns about ideological leanings in AI, making it mostly relevant to the question.", \'key\': \'retrieval_relevance\'}')
Traceback (most recent call last):
  File "c:\Users\apaks\projects\YT-RAG\.venv\Lib\site-packages\langsmith\evaluation\_runner.py", line 1689, in _run_evaluators
    evaluator_response = evaluator.evaluate_run(  # type: ignore[call-arg]
        run=run,
        example=example,
        evaluator_run_id=evaluator_run_id,
    )
  File "c:\Users\apaks\projects\YT-RAG\.venv\Lib\site-packages\langsmith\evaluation\evaluator.py", line 375, in evaluate_run
    return self._format_result(result, evaluator_run_id)
           ~~~~~~~~~~~~~~~~~~~^^^^^^^^^^^^^^^^^^^^^^^^^^
  File "c:\Users\apaks\projects\YT-RAG\.venv\Lib\site-packages\langsmith\evaluation\evaluator.py", line 322, in _format_result
    return self._coerce_evaluation_results(result, source_run_id)
           ~~~~~~~~~~~~~~~~~~~~~~~~~~~~~~~^^^^^^^^^^^^^^^^^^^^^^^
  File "c:\Users\apaks\projects\YT-RAG\.venv\Lib\site-packages\langsmith\evaluation\evaluator.py", line 306, in _coerce_evaluation_results
    return self._coerce_evaluation_result(
           ~~~~~~~~~~~~~~~~~~~~~~~~~~~~~~^
        cast(dict, results), source_run_id=source_run_id, allow_no_key=True
        ^^^^^^^^^^^^^^^^^^^^^^^^^^^^^^^^^^^^^^^^^^^^^^^^^^^^^^^^^^^^^^^^^^^
    )
    ^
  File "c:\Users\apaks\projects\YT-RAG\.venv\Lib\site-packages\langsmith\evaluation\evaluator.py", line 282, in _coerce_evaluation_result
    raise ValueError(
    ...<2 lines>...
    )
ValueError: Expected an EvaluationResult object, or dict with a metric 'key' and optional 'score' or categorical 'value'; got {'grade': 8, 'correct': True, 'explanation': "The provided FACTS discuss the criticism of Google's Gemini 1.5, which is described as 'super woke' and includes examples of how it modifies historical narratives and avoids sensitive topics like Tiananmen Square. This directly relates to the concern about AI models becoming 'woke' as it highlights the ideological biases that can emerge in AI outputs. The mention of the need for diversity in AI systems and the challenges of creating unbiased models further supports the relevance to the question. While there are some off-topic discussions about open-source models and the general landscape of AI, the core content addresses the concerns about ideological leanings in AI, making it mostly relevant to the question.", 'key': 'retrieval_relevance'}
[ 2026-08-05 23:50:28,659] 1735 langsmith.evaluation._runner - ERROR - Error running evaluator <DynamicRunEvaluator timestamp_error> on run 019fd41e-c335-7270-82e2-769625132f0d: TypeError("unsupported operand type(s) for -: 'RunTree' and 'Example'")
Traceback (most recent call last):
  File "c:\Users\apaks\projects\YT-RAG\.venv\Lib\site-packages\langsmith\evaluation\_runner.py", line 1689, in _run_evaluators
    evaluator_response = evaluator.evaluate_run(  # type: ignore[call-arg]
        run=run,
        example=example,
        evaluator_run_id=evaluator_run_id,
    )
  File "c:\Users\apaks\projects\YT-RAG\.venv\Lib\site-packages\langsmith\evaluation\evaluator.py", line 370, in evaluate_run
    result = self.func(
        run,
        example,
        langsmith_extra={"run_id": evaluator_run_id, "metadata": metadata},
    )
  File "c:\Users\apaks\projects\YT-RAG\.venv\Lib\site-packages\langsmith\run_helpers.py", line 777, in wrapper
    function_result = run_container["context"].run(
        func, *args, **kwargs
    )
  File "C:\Users\apaks\AppData\Local\Temp\ipykernel_11624\4279707790.py", line 2, in timestamp_error
    return abs(correct_ts - doc_ts)
               ~~~~~~~~~~~^~~~~~~~
TypeError: unsupported operand type(s) for -: 'RunTree' and 'Example'
[ 2026-08-05 23:50:28,671] 26 root - INFO - [INFO] Pickle file faiss_store\metadata.pkl loaded
[ 2026-08-05 23:50:28,672] 80 root - INFO - [INFO] Faiss index and Metadata loaded
[ 2026-08-05 23:50:28,672] 40 root - INFO - [INFO] Existing vetorstore loaded
[ 2026-08-05 23:50:28,673] 49 root - INFO - [INFO] OpenAI chat model initialised: gpt-4o-mini
[ 2026-08-05 23:50:28,673] 26 root - INFO - [INFO] Loading Embedding Model: text-embedding-3-large
[ 2026-08-05 23:50:31,579] 1025 httpx - INFO - HTTP Request: POST https://api.openai.com/v1/embeddings "HTTP/1.1 200 OK"
[ 2026-08-05 23:50:31,595] 64 root - INFO - [INFO] Query embedding generated for query: How does LeCun view the role of reinforcement learning (RL) in his proposed architecture?. Query embedding dimension: (1, 3072)
[ 2026-08-05 23:50:31,601] 26 root - INFO - [INFO] Pickle file faiss_store\metadata.pkl loaded
[ 2026-08-05 23:50:31,601] 80 root - INFO - [INFO] Faiss index and Metadata loaded
[ 2026-08-05 23:50:31,602] 104 root - INFO - [INFO] Vectorestore search for nearest vectors completed for query embedding of dimension (1, 3072)
[ 2026-08-05 23:50:31,602] 84 root - INFO - [INFO] Query search completed. Relevant context extracted for query: How does LeCun view the role of reinforcement learning (RL) in his proposed architecture?
[ 2026-08-05 23:50:31,603] 103 root - INFO - [INFO] Prompt with context and query loaded
[ 2026-08-05 23:50:33,927] 1025 httpx - INFO - HTTP Request: POST https://api.openai.com/v1/chat/completions "HTTP/1.1 200 OK"
[ 2026-08-05 23:50:33,939] 106 root - INFO - [INFO] Response generated by llm for the query: How does LeCun ..
[ 2026-08-05 23:50:33,940] 115 root - INFO - [INFO] Fetching timestamps for the reveant chunks
[ 2026-08-05 23:50:33,940] 120 root - INFO - [INFO] Timestamps succesfully fetched
[ 2026-08-05 23:50:38,717] 1025 httpx - INFO - HTTP Request: POST https://api.openai.com/v1/chat/completions "HTTP/1.1 200 OK"
[ 2026-08-05 23:50:38,734] 1735 langsmith.evaluation._runner - ERROR - Error running evaluator <DynamicRunEvaluator correctness> on run 019fd41e-fdb9-7630-9642-03c14794b93f: ValueError('Expected an EvaluationResult object, or dict with a metric \'key\' and optional \'score\' or categorical \'value\'; got {\'explanation\': "The student answer contains some accurate information about LeCun\'s views on reinforcement learning (RL), specifically that he believes RL should not be completely abandoned and that it is inefficient in terms of samples. However, the student introduces additional details that are not present in the ground truth, such as the emphasis on learning good representations and world models from observations, which, while potentially relevant, diverges from the core point of the ground truth. The ground truth states that RL can be used to fine-tune systems but suggests that using objective functions directly for planning is more efficient, which the student does not mention. This omission is significant because it does not fully capture LeCun\'s perspective on the efficiency of planning versus RL. Therefore, while the student answer shows some understanding of LeCun\'s views, it lacks completeness and does not align closely with the ground truth, leading to a lower score.", \'correct\': False, \'grade\': 6, \'key\': \'correctness\'}')
Traceback (most recent call last):
  File "c:\Users\apaks\projects\YT-RAG\.venv\Lib\site-packages\langsmith\evaluation\_runner.py", line 1689, in _run_evaluators
    evaluator_response = evaluator.evaluate_run(  # type: ignore[call-arg]
        run=run,
        example=example,
        evaluator_run_id=evaluator_run_id,
    )
  File "c:\Users\apaks\projects\YT-RAG\.venv\Lib\site-packages\langsmith\evaluation\evaluator.py", line 375, in evaluate_run
    return self._format_result(result, evaluator_run_id)
           ~~~~~~~~~~~~~~~~~~~^^^^^^^^^^^^^^^^^^^^^^^^^^
  File "c:\Users\apaks\projects\YT-RAG\.venv\Lib\site-packages\langsmith\evaluation\evaluator.py", line 322, in _format_result
    return self._coerce_evaluation_results(result, source_run_id)
           ~~~~~~~~~~~~~~~~~~~~~~~~~~~~~~~^^^^^^^^^^^^^^^^^^^^^^^
  File "c:\Users\apaks\projects\YT-RAG\.venv\Lib\site-packages\langsmith\evaluation\evaluator.py", line 306, in _coerce_evaluation_results
    return self._coerce_evaluation_result(
           ~~~~~~~~~~~~~~~~~~~~~~~~~~~~~~^
        cast(dict, results), source_run_id=source_run_id, allow_no_key=True
        ^^^^^^^^^^^^^^^^^^^^^^^^^^^^^^^^^^^^^^^^^^^^^^^^^^^^^^^^^^^^^^^^^^^
    )
    ^
  File "c:\Users\apaks\projects\YT-RAG\.venv\Lib\site-packages\langsmith\evaluation\evaluator.py", line 282, in _coerce_evaluation_result
    raise ValueError(
    ...<2 lines>...
    )
ValueError: Expected an EvaluationResult object, or dict with a metric 'key' and optional 'score' or categorical 'value'; got {'explanation': "The student answer contains some accurate information about LeCun's views on reinforcement learning (RL), specifically that he believes RL should not be completely abandoned and that it is inefficient in terms of samples. However, the student introduces additional details that are not present in the ground truth, such as the emphasis on learning good representations and world models from observations, which, while potentially relevant, diverges from the core point of the ground truth. The ground truth states that RL can be used to fine-tune systems but suggests that using objective functions directly for planning is more efficient, which the student does not mention. This omission is significant because it does not fully capture LeCun's perspective on the efficiency of planning versus RL. Therefore, while the student answer shows some understanding of LeCun's views, it lacks completeness and does not align closely with the ground truth, leading to a lower score.", 'correct': False, 'grade': 6, 'key': 'correctness'}
[ 2026-08-05 23:50:41,595] 1025 httpx - INFO - HTTP Request: POST https://api.openai.com/v1/chat/completions "HTTP/1.1 200 OK"
[ 2026-08-05 23:50:41,603] 1735 langsmith.evaluation._runner - ERROR - Error running evaluator <DynamicRunEvaluator groundedness> on run 019fd41e-fdb9-7630-9642-03c14794b93f: ValueError('Expected an EvaluationResult object, or dict with a metric \'key\' and optional \'score\' or categorical \'value\'; got {\'grade\': 9, \'correct\': True, \'explanation\': "The student answer accurately reflects the key points made by Yann LeCun regarding reinforcement learning (RL). It correctly states that LeCun believes RL should not be completely abandoned but rather minimized due to its inefficiency in terms of sample usage. The answer also captures the essence of LeCun\'s recommendation to first learn good representations of the world primarily through observation and minimal interactions before employing RL to adjust the world model or the critic when planning does not yield the expected outcomes. This aligns well with the provided FACTS, demonstrating a clear understanding of LeCun\'s perspective on RL and its application in training systems. There are no unsupported claims or hallucinations present in the student\'s response, just a concise summary of the relevant information.", \'key\': \'groundedness\'}')
Traceback (most recent call last):
  File "c:\Users\apaks\projects\YT-RAG\.venv\Lib\site-packages\langsmith\evaluation\_runner.py", line 1689, in _run_evaluators
    evaluator_response = evaluator.evaluate_run(  # type: ignore[call-arg]
        run=run,
        example=example,
        evaluator_run_id=evaluator_run_id,
    )
  File "c:\Users\apaks\projects\YT-RAG\.venv\Lib\site-packages\langsmith\evaluation\evaluator.py", line 375, in evaluate_run
    return self._format_result(result, evaluator_run_id)
           ~~~~~~~~~~~~~~~~~~~^^^^^^^^^^^^^^^^^^^^^^^^^^
  File "c:\Users\apaks\projects\YT-RAG\.venv\Lib\site-packages\langsmith\evaluation\evaluator.py", line 322, in _format_result
    return self._coerce_evaluation_results(result, source_run_id)
           ~~~~~~~~~~~~~~~~~~~~~~~~~~~~~~~^^^^^^^^^^^^^^^^^^^^^^^
  File "c:\Users\apaks\projects\YT-RAG\.venv\Lib\site-packages\langsmith\evaluation\evaluator.py", line 306, in _coerce_evaluation_results
    return self._coerce_evaluation_result(
           ~~~~~~~~~~~~~~~~~~~~~~~~~~~~~~^
        cast(dict, results), source_run_id=source_run_id, allow_no_key=True
        ^^^^^^^^^^^^^^^^^^^^^^^^^^^^^^^^^^^^^^^^^^^^^^^^^^^^^^^^^^^^^^^^^^^
    )
    ^
  File "c:\Users\apaks\projects\YT-RAG\.venv\Lib\site-packages\langsmith\evaluation\evaluator.py", line 282, in _coerce_evaluation_result
    raise ValueError(
    ...<2 lines>...
    )
ValueError: Expected an EvaluationResult object, or dict with a metric 'key' and optional 'score' or categorical 'value'; got {'grade': 9, 'correct': True, 'explanation': "The student answer accurately reflects the key points made by Yann LeCun regarding reinforcement learning (RL). It correctly states that LeCun believes RL should not be completely abandoned but rather minimized due to its inefficiency in terms of sample usage. The answer also captures the essence of LeCun's recommendation to first learn good representations of the world primarily through observation and minimal interactions before employing RL to adjust the world model or the critic when planning does not yield the expected outcomes. This aligns well with the provided FACTS, demonstrating a clear understanding of LeCun's perspective on RL and its application in training systems. There are no unsupported claims or hallucinations present in the student's response, just a concise summary of the relevant information.", 'key': 'groundedness'}
[ 2026-08-05 23:50:43,625] 1025 httpx - INFO - HTTP Request: POST https://api.openai.com/v1/chat/completions "HTTP/1.1 200 OK"
[ 2026-08-05 23:50:43,654] 1735 langsmith.evaluation._runner - ERROR - Error running evaluator <DynamicRunEvaluator relevance> on run 019fd41e-fdb9-7630-9642-03c14794b93f: ValueError('Expected an EvaluationResult object, or dict with a metric \'key\' and optional \'score\' or categorical \'value\'; got {\'grade\': 9, \'correct\': True, \'explanation\': "The student answer directly addresses the question by explaining LeCun\'s view on the role of reinforcement learning (RL) in his proposed architecture. It clearly states that LeCun believes RL should not be completely abandoned but rather minimized due to its inefficiency. The answer elaborates on the process LeCun suggests, which involves learning representations from observations before using RL, thus providing a comprehensive understanding of his perspective. The response is focused, relevant, and does not include unnecessary information, making it highly relevant to the question.", \'key\': \'relevance\'}')
Traceback (most recent call last):
  File "c:\Users\apaks\projects\YT-RAG\.venv\Lib\site-packages\langsmith\evaluation\_runner.py", line 1689, in _run_evaluators
    evaluator_response = evaluator.evaluate_run(  # type: ignore[call-arg]
        run=run,
        example=example,
        evaluator_run_id=evaluator_run_id,
    )
  File "c:\Users\apaks\projects\YT-RAG\.venv\Lib\site-packages\langsmith\evaluation\evaluator.py", line 375, in evaluate_run
    return self._format_result(result, evaluator_run_id)
           ~~~~~~~~~~~~~~~~~~~^^^^^^^^^^^^^^^^^^^^^^^^^^
  File "c:\Users\apaks\projects\YT-RAG\.venv\Lib\site-packages\langsmith\evaluation\evaluator.py", line 322, in _format_result
    return self._coerce_evaluation_results(result, source_run_id)
           ~~~~~~~~~~~~~~~~~~~~~~~~~~~~~~~^^^^^^^^^^^^^^^^^^^^^^^
  File "c:\Users\apaks\projects\YT-RAG\.venv\Lib\site-packages\langsmith\evaluation\evaluator.py", line 306, in _coerce_evaluation_results
    return self._coerce_evaluation_result(
           ~~~~~~~~~~~~~~~~~~~~~~~~~~~~~~^
        cast(dict, results), source_run_id=source_run_id, allow_no_key=True
        ^^^^^^^^^^^^^^^^^^^^^^^^^^^^^^^^^^^^^^^^^^^^^^^^^^^^^^^^^^^^^^^^^^^
    )
    ^
  File "c:\Users\apaks\projects\YT-RAG\.venv\Lib\site-packages\langsmith\evaluation\evaluator.py", line 282, in _coerce_evaluation_result
    raise ValueError(
    ...<2 lines>...
    )
ValueError: Expected an EvaluationResult object, or dict with a metric 'key' and optional 'score' or categorical 'value'; got {'grade': 9, 'correct': True, 'explanation': "The student answer directly addresses the question by explaining LeCun's view on the role of reinforcement learning (RL) in his proposed architecture. It clearly states that LeCun believes RL should not be completely abandoned but rather minimized due to its inefficiency. The answer elaborates on the process LeCun suggests, which involves learning representations from observations before using RL, thus providing a comprehensive understanding of his perspective. The response is focused, relevant, and does not include unnecessary information, making it highly relevant to the question.", 'key': 'relevance'}
[ 2026-08-05 23:50:47,204] 1025 httpx - INFO - HTTP Request: POST https://api.openai.com/v1/chat/completions "HTTP/1.1 200 OK"
[ 2026-08-05 23:50:47,221] 1735 langsmith.evaluation._runner - ERROR - Error running evaluator <DynamicRunEvaluator retrieval_relevance> on run 019fd41e-fdb9-7630-9642-03c14794b93f: ValueError('Expected an EvaluationResult object, or dict with a metric \'key\' and optional \'score\' or categorical \'value\'; got {\'grade\': 8, \'correct\': True, \'explanation\': "The provided FACTS discuss Yann LeCun\'s views on reinforcement learning (RL) and its role in training systems. He mentions that RL should not be abandoned completely but should be minimized due to its inefficiency in terms of samples. He emphasizes the importance of learning good representations of the world before using RL to adjust the world model or the critic. This directly addresses the QUESTION about LeCun\'s view on RL\'s role in his proposed architecture, indicating that while he sees value in RL, he believes it should be used judiciously and primarily for adjustments after a solid world model has been established. The content is mostly relevant, with some off-topic elements, but it clearly provides insight into LeCun\'s perspective on RL.", \'key\': \'retrieval_relevance\'}')
Traceback (most recent call last):
  File "c:\Users\apaks\projects\YT-RAG\.venv\Lib\site-packages\langsmith\evaluation\_runner.py", line 1689, in _run_evaluators
    evaluator_response = evaluator.evaluate_run(  # type: ignore[call-arg]
        run=run,
        example=example,
        evaluator_run_id=evaluator_run_id,
    )
  File "c:\Users\apaks\projects\YT-RAG\.venv\Lib\site-packages\langsmith\evaluation\evaluator.py", line 375, in evaluate_run
    return self._format_result(result, evaluator_run_id)
           ~~~~~~~~~~~~~~~~~~~^^^^^^^^^^^^^^^^^^^^^^^^^^
  File "c:\Users\apaks\projects\YT-RAG\.venv\Lib\site-packages\langsmith\evaluation\evaluator.py", line 322, in _format_result
    return self._coerce_evaluation_results(result, source_run_id)
           ~~~~~~~~~~~~~~~~~~~~~~~~~~~~~~~^^^^^^^^^^^^^^^^^^^^^^^
  File "c:\Users\apaks\projects\YT-RAG\.venv\Lib\site-packages\langsmith\evaluation\evaluator.py", line 306, in _coerce_evaluation_results
    return self._coerce_evaluation_result(
           ~~~~~~~~~~~~~~~~~~~~~~~~~~~~~~^
        cast(dict, results), source_run_id=source_run_id, allow_no_key=True
        ^^^^^^^^^^^^^^^^^^^^^^^^^^^^^^^^^^^^^^^^^^^^^^^^^^^^^^^^^^^^^^^^^^^
    )
    ^
  File "c:\Users\apaks\projects\YT-RAG\.venv\Lib\site-packages\langsmith\evaluation\evaluator.py", line 282, in _coerce_evaluation_result
    raise ValueError(
    ...<2 lines>...
    )
ValueError: Expected an EvaluationResult object, or dict with a metric 'key' and optional 'score' or categorical 'value'; got {'grade': 8, 'correct': True, 'explanation': "The provided FACTS discuss Yann LeCun's views on reinforcement learning (RL) and its role in training systems. He mentions that RL should not be abandoned completely but should be minimized due to its inefficiency in terms of samples. He emphasizes the importance of learning good representations of the world before using RL to adjust the world model or the critic. This directly addresses the QUESTION about LeCun's view on RL's role in his proposed architecture, indicating that while he sees value in RL, he believes it should be used judiciously and primarily for adjustments after a solid world model has been established. The content is mostly relevant, with some off-topic elements, but it clearly provides insight into LeCun's perspective on RL.", 'key': 'retrieval_relevance'}
[ 2026-08-05 23:50:47,239] 1735 langsmith.evaluation._runner - ERROR - Error running evaluator <DynamicRunEvaluator timestamp_error> on run 019fd41e-fdb9-7630-9642-03c14794b93f: TypeError("unsupported operand type(s) for -: 'RunTree' and 'Example'")
Traceback (most recent call last):
  File "c:\Users\apaks\projects\YT-RAG\.venv\Lib\site-packages\langsmith\evaluation\_runner.py", line 1689, in _run_evaluators
    evaluator_response = evaluator.evaluate_run(  # type: ignore[call-arg]
        run=run,
        example=example,
        evaluator_run_id=evaluator_run_id,
    )
  File "c:\Users\apaks\projects\YT-RAG\.venv\Lib\site-packages\langsmith\evaluation\evaluator.py", line 370, in evaluate_run
    result = self.func(
        run,
        example,
        langsmith_extra={"run_id": evaluator_run_id, "metadata": metadata},
    )
  File "c:\Users\apaks\projects\YT-RAG\.venv\Lib\site-packages\langsmith\run_helpers.py", line 777, in wrapper
    function_result = run_container["context"].run(
        func, *args, **kwargs
    )
  File "C:\Users\apaks\AppData\Local\Temp\ipykernel_11624\4279707790.py", line 2, in timestamp_error
    return abs(correct_ts - doc_ts)
               ~~~~~~~~~~~^~~~~~~~
TypeError: unsupported operand type(s) for -: 'RunTree' and 'Example'
[ 2026-08-05 23:50:47,257] 26 root - INFO - [INFO] Pickle file faiss_store\metadata.pkl loaded
[ 2026-08-05 23:50:47,258] 80 root - INFO - [INFO] Faiss index and Metadata loaded
[ 2026-08-05 23:50:47,258] 40 root - INFO - [INFO] Existing vetorstore loaded
[ 2026-08-05 23:50:47,259] 49 root - INFO - [INFO] OpenAI chat model initialised: gpt-4o-mini
[ 2026-08-05 23:50:47,259] 26 root - INFO - [INFO] Loading Embedding Model: text-embedding-3-large
[ 2026-08-05 23:50:48,963] 1025 httpx - INFO - HTTP Request: POST https://api.openai.com/v1/embeddings "HTTP/1.1 200 OK"
[ 2026-08-05 23:50:48,977] 64 root - INFO - [INFO] Query embedding generated for query: What is the significance of the Marvack Paradox in the context of AI?. Query embedding dimension: (1, 3072)
[ 2026-08-05 23:50:48,988] 26 root - INFO - [INFO] Pickle file faiss_store\metadata.pkl loaded
[ 2026-08-05 23:50:48,989] 80 root - INFO - [INFO] Faiss index and Metadata loaded
[ 2026-08-05 23:50:48,990] 104 root - INFO - [INFO] Vectorestore search for nearest vectors completed for query embedding of dimension (1, 3072)
[ 2026-08-05 23:50:48,991] 84 root - INFO - [INFO] Query search completed. Relevant context extracted for query: What is the significance of the Marvack Paradox in the context of AI?
[ 2026-08-05 23:50:48,993] 103 root - INFO - [INFO] Prompt with context and query loaded
[ 2026-08-05 23:50:51,304] 1025 httpx - INFO - HTTP Request: POST https://api.openai.com/v1/chat/completions "HTTP/1.1 200 OK"
[ 2026-08-05 23:50:51,311] 106 root - INFO - [INFO] Response generated by llm for the query: What is the sig..
[ 2026-08-05 23:50:51,311] 115 root - INFO - [INFO] Fetching timestamps for the reveant chunks
[ 2026-08-05 23:50:51,312] 120 root - INFO - [INFO] Timestamps succesfully fetched
[ 2026-08-05 23:50:54,362] 1025 httpx - INFO - HTTP Request: POST https://api.openai.com/v1/chat/completions "HTTP/1.1 200 OK"
[ 2026-08-05 23:50:54,395] 1735 langsmith.evaluation._runner - ERROR - Error running evaluator <DynamicRunEvaluator correctness> on run 019fd41f-464f-7d20-9964-1b9b9da07a9a: ValueError('Expected an EvaluationResult object, or dict with a metric \'key\' and optional \'score\' or categorical \'value\'; got {\'explanation\': "The student answer correctly identifies the essence of Moravec\'s paradox, stating that while AI can perform high-level tasks (like playing chess or solving integrals), it struggles with low-level, everyday tasks (like driving a car or performing household chores). This aligns well with the ground truth, which emphasizes that high-level reasoning is often easier for AI than low-level physical world common sense. The student also expands on the implications of the paradox, discussing the complexity of intelligence and the challenges in developing AI systems that can replicate human-like understanding. This additional information is accurate and relevant, enhancing the answer without introducing any conflicts. Overall, the student demonstrates a strong understanding of the topic, leading to a high score.", \'correct\': True, \'grade\': 10, \'key\': \'correctness\'}')
Traceback (most recent call last):
  File "c:\Users\apaks\projects\YT-RAG\.venv\Lib\site-packages\langsmith\evaluation\_runner.py", line 1689, in _run_evaluators
    evaluator_response = evaluator.evaluate_run(  # type: ignore[call-arg]
        run=run,
        example=example,
        evaluator_run_id=evaluator_run_id,
    )
  File "c:\Users\apaks\projects\YT-RAG\.venv\Lib\site-packages\langsmith\evaluation\evaluator.py", line 375, in evaluate_run
    return self._format_result(result, evaluator_run_id)
           ~~~~~~~~~~~~~~~~~~~^^^^^^^^^^^^^^^^^^^^^^^^^^
  File "c:\Users\apaks\projects\YT-RAG\.venv\Lib\site-packages\langsmith\evaluation\evaluator.py", line 322, in _format_result
    return self._coerce_evaluation_results(result, source_run_id)
           ~~~~~~~~~~~~~~~~~~~~~~~~~~~~~~~^^^^^^^^^^^^^^^^^^^^^^^
  File "c:\Users\apaks\projects\YT-RAG\.venv\Lib\site-packages\langsmith\evaluation\evaluator.py", line 306, in _coerce_evaluation_results
    return self._coerce_evaluation_result(
           ~~~~~~~~~~~~~~~~~~~~~~~~~~~~~~^
        cast(dict, results), source_run_id=source_run_id, allow_no_key=True
        ^^^^^^^^^^^^^^^^^^^^^^^^^^^^^^^^^^^^^^^^^^^^^^^^^^^^^^^^^^^^^^^^^^^
    )
    ^
  File "c:\Users\apaks\projects\YT-RAG\.venv\Lib\site-packages\langsmith\evaluation\evaluator.py", line 282, in _coerce_evaluation_result
    raise ValueError(
    ...<2 lines>...
    )
ValueError: Expected an EvaluationResult object, or dict with a metric 'key' and optional 'score' or categorical 'value'; got {'explanation': "The student answer correctly identifies the essence of Moravec's paradox, stating that while AI can perform high-level tasks (like playing chess or solving integrals), it struggles with low-level, everyday tasks (like driving a car or performing household chores). This aligns well with the ground truth, which emphasizes that high-level reasoning is often easier for AI than low-level physical world common sense. The student also expands on the implications of the paradox, discussing the complexity of intelligence and the challenges in developing AI systems that can replicate human-like understanding. This additional information is accurate and relevant, enhancing the answer without introducing any conflicts. Overall, the student demonstrates a strong understanding of the topic, leading to a high score.", 'correct': True, 'grade': 10, 'key': 'correctness'}
[ 2026-08-05 23:51:02,590] 1025 httpx - INFO - HTTP Request: POST https://api.openai.com/v1/chat/completions "HTTP/1.1 200 OK"
[ 2026-08-05 23:51:02,642] 1735 langsmith.evaluation._runner - ERROR - Error running evaluator <DynamicRunEvaluator groundedness> on run 019fd41f-464f-7d20-9964-1b9b9da07a9a: ValueError('Expected an EvaluationResult object, or dict with a metric \'key\' and optional \'score\' or categorical \'value\'; got {\'grade\': 9, \'correct\': True, \'explanation\': "The student answer effectively captures the essence of Moravec\'s paradox as described in the FACTS. It correctly states that Moravec\'s paradox illustrates the complexity of intelligence, noting the contrast between computers\' ability to perform high-level tasks and their struggles with everyday tasks. This aligns with the FACTS, which mention that while computers can excel in tasks like playing chess, they cannot easily perform tasks that humans find simple, such as driving or household chores. The student also emphasizes that intelligence is not a linear measure and that different entities have varying skill sets, which is consistent with the FACTS\' discussion on the multidimensional nature of intelligence. The answer does not introduce unsupported claims and remains focused on the implications of Moravec\'s paradox, thus justifying a high score of 9 and confirming that the answer is grounded in the provided FACTS.", \'key\': \'groundedness\'}')
Traceback (most recent call last):
  File "c:\Users\apaks\projects\YT-RAG\.venv\Lib\site-packages\langsmith\evaluation\_runner.py", line 1689, in _run_evaluators
    evaluator_response = evaluator.evaluate_run(  # type: ignore[call-arg]
        run=run,
        example=example,
        evaluator_run_id=evaluator_run_id,
    )
  File "c:\Users\apaks\projects\YT-RAG\.venv\Lib\site-packages\langsmith\evaluation\evaluator.py", line 375, in evaluate_run
    return self._format_result(result, evaluator_run_id)
           ~~~~~~~~~~~~~~~~~~~^^^^^^^^^^^^^^^^^^^^^^^^^^
  File "c:\Users\apaks\projects\YT-RAG\.venv\Lib\site-packages\langsmith\evaluation\evaluator.py", line 322, in _format_result
    return self._coerce_evaluation_results(result, source_run_id)
           ~~~~~~~~~~~~~~~~~~~~~~~~~~~~~~~^^^^^^^^^^^^^^^^^^^^^^^
  File "c:\Users\apaks\projects\YT-RAG\.venv\Lib\site-packages\langsmith\evaluation\evaluator.py", line 306, in _coerce_evaluation_results
    return self._coerce_evaluation_result(
           ~~~~~~~~~~~~~~~~~~~~~~~~~~~~~~^
        cast(dict, results), source_run_id=source_run_id, allow_no_key=True
        ^^^^^^^^^^^^^^^^^^^^^^^^^^^^^^^^^^^^^^^^^^^^^^^^^^^^^^^^^^^^^^^^^^^
    )
    ^
  File "c:\Users\apaks\projects\YT-RAG\.venv\Lib\site-packages\langsmith\evaluation\evaluator.py", line 282, in _coerce_evaluation_result
    raise ValueError(
    ...<2 lines>...
    )
ValueError: Expected an EvaluationResult object, or dict with a metric 'key' and optional 'score' or categorical 'value'; got {'grade': 9, 'correct': True, 'explanation': "The student answer effectively captures the essence of Moravec's paradox as described in the FACTS. It correctly states that Moravec's paradox illustrates the complexity of intelligence, noting the contrast between computers' ability to perform high-level tasks and their struggles with everyday tasks. This aligns with the FACTS, which mention that while computers can excel in tasks like playing chess, they cannot easily perform tasks that humans find simple, such as driving or household chores. The student also emphasizes that intelligence is not a linear measure and that different entities have varying skill sets, which is consistent with the FACTS' discussion on the multidimensional nature of intelligence. The answer does not introduce unsupported claims and remains focused on the implications of Moravec's paradox, thus justifying a high score of 9 and confirming that the answer is grounded in the provided FACTS.", 'key': 'groundedness'}
[ 2026-08-05 23:51:04,470] 1025 httpx - INFO - HTTP Request: POST https://api.openai.com/v1/chat/completions "HTTP/1.1 200 OK"
[ 2026-08-05 23:51:04,496] 1735 langsmith.evaluation._runner - ERROR - Error running evaluator <DynamicRunEvaluator relevance> on run 019fd41f-464f-7d20-9964-1b9b9da07a9a: ValueError('Expected an EvaluationResult object, or dict with a metric \'key\' and optional \'score\' or categorical \'value\'; got {\'grade\': 9, \'correct\': True, \'explanation\': "The student answer directly addresses the significance of Moravec\'s paradox in the context of AI by explaining how it illustrates the complexity of intelligence. The answer clearly states that while AI can excel in high-level tasks, it struggles with everyday tasks, which is a key point of the paradox. The mention of the non-linear nature of intelligence and the varying skill sets of different entities further supports the relevance of the answer. Additionally, the student highlights the implications for AI development, which is central to understanding the paradox\'s significance. Overall, the answer is focused, clear, and provides meaningful insights, justifying a high score.", \'key\': \'relevance\'}')
Traceback (most recent call last):
  File "c:\Users\apaks\projects\YT-RAG\.venv\Lib\site-packages\langsmith\evaluation\_runner.py", line 1689, in _run_evaluators
    evaluator_response = evaluator.evaluate_run(  # type: ignore[call-arg]
        run=run,
        example=example,
        evaluator_run_id=evaluator_run_id,
    )
  File "c:\Users\apaks\projects\YT-RAG\.venv\Lib\site-packages\langsmith\evaluation\evaluator.py", line 375, in evaluate_run
    return self._format_result(result, evaluator_run_id)
           ~~~~~~~~~~~~~~~~~~~^^^^^^^^^^^^^^^^^^^^^^^^^^
  File "c:\Users\apaks\projects\YT-RAG\.venv\Lib\site-packages\langsmith\evaluation\evaluator.py", line 322, in _format_result
    return self._coerce_evaluation_results(result, source_run_id)
           ~~~~~~~~~~~~~~~~~~~~~~~~~~~~~~~^^^^^^^^^^^^^^^^^^^^^^^
  File "c:\Users\apaks\projects\YT-RAG\.venv\Lib\site-packages\langsmith\evaluation\evaluator.py", line 306, in _coerce_evaluation_results
    return self._coerce_evaluation_result(
           ~~~~~~~~~~~~~~~~~~~~~~~~~~~~~~^
        cast(dict, results), source_run_id=source_run_id, allow_no_key=True
        ^^^^^^^^^^^^^^^^^^^^^^^^^^^^^^^^^^^^^^^^^^^^^^^^^^^^^^^^^^^^^^^^^^^
    )
    ^
  File "c:\Users\apaks\projects\YT-RAG\.venv\Lib\site-packages\langsmith\evaluation\evaluator.py", line 282, in _coerce_evaluation_result
    raise ValueError(
    ...<2 lines>...
    )
ValueError: Expected an EvaluationResult object, or dict with a metric 'key' and optional 'score' or categorical 'value'; got {'grade': 9, 'correct': True, 'explanation': "The student answer directly addresses the significance of Moravec's paradox in the context of AI by explaining how it illustrates the complexity of intelligence. The answer clearly states that while AI can excel in high-level tasks, it struggles with everyday tasks, which is a key point of the paradox. The mention of the non-linear nature of intelligence and the varying skill sets of different entities further supports the relevance of the answer. Additionally, the student highlights the implications for AI development, which is central to understanding the paradox's significance. Overall, the answer is focused, clear, and provides meaningful insights, justifying a high score.", 'key': 'relevance'}
[ 2026-08-05 23:51:07,041] 1025 httpx - INFO - HTTP Request: POST https://api.openai.com/v1/chat/completions "HTTP/1.1 200 OK"
[ 2026-08-05 23:51:07,077] 1735 langsmith.evaluation._runner - ERROR - Error running evaluator <DynamicRunEvaluator retrieval_relevance> on run 019fd41f-464f-7d20-9964-1b9b9da07a9a: ValueError('Expected an EvaluationResult object, or dict with a metric \'key\' and optional \'score\' or categorical \'value\'; got {\'grade\': 9, \'correct\': True, \'explanation\': "The provided FACTS discuss Moravec\'s paradox extensively, explaining its implications for understanding intelligence in both humans and AI. The student mentions that Moravec\'s paradox highlights the complexity of tasks that humans find easy, such as driving or household chores, compared to tasks that AI can perform, like playing chess. This directly addresses the QUESTION about the significance of Moravec\'s paradox in the context of AI. The FACTS also touch on the limitations of AI in replicating human-like intelligence and the misconceptions surrounding AI capabilities, which further emphasizes the relevance of Moravec\'s paradox. Overall, the content is highly relevant and provides a strong semantic overlap with the QUESTION.", \'key\': \'retrieval_relevance\'}')
Traceback (most recent call last):
  File "c:\Users\apaks\projects\YT-RAG\.venv\Lib\site-packages\langsmith\evaluation\_runner.py", line 1689, in _run_evaluators
    evaluator_response = evaluator.evaluate_run(  # type: ignore[call-arg]
        run=run,
        example=example,
        evaluator_run_id=evaluator_run_id,
    )
  File "c:\Users\apaks\projects\YT-RAG\.venv\Lib\site-packages\langsmith\evaluation\evaluator.py", line 375, in evaluate_run
    return self._format_result(result, evaluator_run_id)
           ~~~~~~~~~~~~~~~~~~~^^^^^^^^^^^^^^^^^^^^^^^^^^
  File "c:\Users\apaks\projects\YT-RAG\.venv\Lib\site-packages\langsmith\evaluation\evaluator.py", line 322, in _format_result
    return self._coerce_evaluation_results(result, source_run_id)
           ~~~~~~~~~~~~~~~~~~~~~~~~~~~~~~~^^^^^^^^^^^^^^^^^^^^^^^
  File "c:\Users\apaks\projects\YT-RAG\.venv\Lib\site-packages\langsmith\evaluation\evaluator.py", line 306, in _coerce_evaluation_results
    return self._coerce_evaluation_result(
           ~~~~~~~~~~~~~~~~~~~~~~~~~~~~~~^
        cast(dict, results), source_run_id=source_run_id, allow_no_key=True
        ^^^^^^^^^^^^^^^^^^^^^^^^^^^^^^^^^^^^^^^^^^^^^^^^^^^^^^^^^^^^^^^^^^^
    )
    ^
  File "c:\Users\apaks\projects\YT-RAG\.venv\Lib\site-packages\langsmith\evaluation\evaluator.py", line 282, in _coerce_evaluation_result
    raise ValueError(
    ...<2 lines>...
    )
ValueError: Expected an EvaluationResult object, or dict with a metric 'key' and optional 'score' or categorical 'value'; got {'grade': 9, 'correct': True, 'explanation': "The provided FACTS discuss Moravec's paradox extensively, explaining its implications for understanding intelligence in both humans and AI. The student mentions that Moravec's paradox highlights the complexity of tasks that humans find easy, such as driving or household chores, compared to tasks that AI can perform, like playing chess. This directly addresses the QUESTION about the significance of Moravec's paradox in the context of AI. The FACTS also touch on the limitations of AI in replicating human-like intelligence and the misconceptions surrounding AI capabilities, which further emphasizes the relevance of Moravec's paradox. Overall, the content is highly relevant and provides a strong semantic overlap with the QUESTION.", 'key': 'retrieval_relevance'}
[ 2026-08-05 23:51:07,092] 1735 langsmith.evaluation._runner - ERROR - Error running evaluator <DynamicRunEvaluator timestamp_error> on run 019fd41f-464f-7d20-9964-1b9b9da07a9a: TypeError("unsupported operand type(s) for -: 'RunTree' and 'Example'")
Traceback (most recent call last):
  File "c:\Users\apaks\projects\YT-RAG\.venv\Lib\site-packages\langsmith\evaluation\_runner.py", line 1689, in _run_evaluators
    evaluator_response = evaluator.evaluate_run(  # type: ignore[call-arg]
        run=run,
        example=example,
        evaluator_run_id=evaluator_run_id,
    )
  File "c:\Users\apaks\projects\YT-RAG\.venv\Lib\site-packages\langsmith\evaluation\evaluator.py", line 370, in evaluate_run
    result = self.func(
        run,
        example,
        langsmith_extra={"run_id": evaluator_run_id, "metadata": metadata},
    )
  File "c:\Users\apaks\projects\YT-RAG\.venv\Lib\site-packages\langsmith\run_helpers.py", line 777, in wrapper
    function_result = run_container["context"].run(
        func, *args, **kwargs
    )
  File "C:\Users\apaks\AppData\Local\Temp\ipykernel_11624\4279707790.py", line 2, in timestamp_error
    return abs(correct_ts - doc_ts)
               ~~~~~~~~~~~^~~~~~~~
TypeError: unsupported operand type(s) for -: 'RunTree' and 'Example'
[ 2026-08-05 23:51:07,108] 26 root - INFO - [INFO] Pickle file faiss_store\metadata.pkl loaded
[ 2026-08-05 23:51:07,108] 80 root - INFO - [INFO] Faiss index and Metadata loaded
[ 2026-08-05 23:51:07,108] 40 root - INFO - [INFO] Existing vetorstore loaded
[ 2026-08-05 23:51:07,109] 49 root - INFO - [INFO] OpenAI chat model initialised: gpt-4o-mini
[ 2026-08-05 23:51:07,110] 26 root - INFO - [INFO] Loading Embedding Model: text-embedding-3-large
[ 2026-08-05 23:51:09,085] 1025 httpx - INFO - HTTP Request: POST https://api.openai.com/v1/embeddings "HTTP/1.1 200 OK"
[ 2026-08-05 23:51:09,105] 64 root - INFO - [INFO] Query embedding generated for query: How does Meta's business model accommodate open-source releases?. Query embedding dimension: (1, 3072)
[ 2026-08-05 23:51:09,110] 26 root - INFO - [INFO] Pickle file faiss_store\metadata.pkl loaded
[ 2026-08-05 23:51:09,110] 80 root - INFO - [INFO] Faiss index and Metadata loaded
[ 2026-08-05 23:51:09,111] 104 root - INFO - [INFO] Vectorestore search for nearest vectors completed for query embedding of dimension (1, 3072)
[ 2026-08-05 23:51:09,111] 84 root - INFO - [INFO] Query search completed. Relevant context extracted for query: How does Meta's business model accommodate open-source releases?
[ 2026-08-05 23:51:09,112] 103 root - INFO - [INFO] Prompt with context and query loaded
[ 2026-08-05 23:51:10,697] 1025 httpx - INFO - HTTP Request: POST https://api.openai.com/v1/chat/completions "HTTP/1.1 200 OK"
[ 2026-08-05 23:51:10,766] 106 root - INFO - [INFO] Response generated by llm for the query: How does Meta's..
[ 2026-08-05 23:51:10,767] 115 root - INFO - [INFO] Fetching timestamps for the reveant chunks
[ 2026-08-05 23:51:10,768] 120 root - INFO - [INFO] Timestamps succesfully fetched
[ 2026-08-05 23:51:12,700] 1025 httpx - INFO - HTTP Request: POST https://api.openai.com/v1/chat/completions "HTTP/1.1 200 OK"
[ 2026-08-05 23:51:12,719] 1735 langsmith.evaluation._runner - ERROR - Error running evaluator <DynamicRunEvaluator correctness> on run 019fd41f-93d9-70d2-b8c4-c5edd6b90f4a: ValueError('Expected an EvaluationResult object, or dict with a metric \'key\' and optional \'score\' or categorical \'value\'; got {\'explanation\': "The student answer provides a detailed explanation of how Meta\'s business model accommodates open-source releases. It correctly mentions that Meta offers a foundation model in open source, which aligns with the ground truth\'s emphasis on leveraging a large existing user/customer base and allowing the ecosystem to innovate. However, the student introduces the idea of financing through ads or business customers, which is not explicitly mentioned in the ground truth and could be seen as an additional interpretation rather than a direct alignment. The mention of deriving revenue from applications built on top of the open-source model is a reasonable extension but does not directly reflect the core of the ground truth. Overall, the student answer is mostly correct but introduces some elements that are not directly stated in the ground truth, leading to a minor deduction in score.", \'correct\': True, \'grade\': 8, \'key\': \'correctness\'}')
Traceback (most recent call last):
  File "c:\Users\apaks\projects\YT-RAG\.venv\Lib\site-packages\langsmith\evaluation\_runner.py", line 1689, in _run_evaluators
    evaluator_response = evaluator.evaluate_run(  # type: ignore[call-arg]
        run=run,
        example=example,
        evaluator_run_id=evaluator_run_id,
    )
  File "c:\Users\apaks\projects\YT-RAG\.venv\Lib\site-packages\langsmith\evaluation\evaluator.py", line 375, in evaluate_run
    return self._format_result(result, evaluator_run_id)
           ~~~~~~~~~~~~~~~~~~~^^^^^^^^^^^^^^^^^^^^^^^^^^
  File "c:\Users\apaks\projects\YT-RAG\.venv\Lib\site-packages\langsmith\evaluation\evaluator.py", line 322, in _format_result
    return self._coerce_evaluation_results(result, source_run_id)
           ~~~~~~~~~~~~~~~~~~~~~~~~~~~~~~~^^^^^^^^^^^^^^^^^^^^^^^
  File "c:\Users\apaks\projects\YT-RAG\.venv\Lib\site-packages\langsmith\evaluation\evaluator.py", line 306, in _coerce_evaluation_results
    return self._coerce_evaluation_result(
           ~~~~~~~~~~~~~~~~~~~~~~~~~~~~~~^
        cast(dict, results), source_run_id=source_run_id, allow_no_key=True
        ^^^^^^^^^^^^^^^^^^^^^^^^^^^^^^^^^^^^^^^^^^^^^^^^^^^^^^^^^^^^^^^^^^^
    )
    ^
  File "c:\Users\apaks\projects\YT-RAG\.venv\Lib\site-packages\langsmith\evaluation\evaluator.py", line 282, in _coerce_evaluation_result
    raise ValueError(
    ...<2 lines>...
    )
ValueError: Expected an EvaluationResult object, or dict with a metric 'key' and optional 'score' or categorical 'value'; got {'explanation': "The student answer provides a detailed explanation of how Meta's business model accommodates open-source releases. It correctly mentions that Meta offers a foundation model in open source, which aligns with the ground truth's emphasis on leveraging a large existing user/customer base and allowing the ecosystem to innovate. However, the student introduces the idea of financing through ads or business customers, which is not explicitly mentioned in the ground truth and could be seen as an additional interpretation rather than a direct alignment. The mention of deriving revenue from applications built on top of the open-source model is a reasonable extension but does not directly reflect the core of the ground truth. Overall, the student answer is mostly correct but introduces some elements that are not directly stated in the ground truth, leading to a minor deduction in score.", 'correct': True, 'grade': 8, 'key': 'correctness'}
[ 2026-08-05 23:51:15,719] 1025 httpx - INFO - HTTP Request: POST https://api.openai.com/v1/chat/completions "HTTP/1.1 200 OK"
[ 2026-08-05 23:51:15,774] 1735 langsmith.evaluation._runner - ERROR - Error running evaluator <DynamicRunEvaluator groundedness> on run 019fd41f-93d9-70d2-b8c4-c5edd6b90f4a: ValueError('Expected an EvaluationResult object, or dict with a metric \'key\' and optional \'score\' or categorical \'value\'; got {\'grade\': 9, \'correct\': True, \'explanation\': "The student answer is well-grounded in the provided facts. It accurately reflects the idea that Meta\'s business model can support open-source releases by offering services financed through ads or business customers, as mentioned in the FACTS. The student correctly states that by providing a foundation model in open source, Meta enables other businesses to build applications, which aligns with the discussion about the utility of open-source models for businesses. Additionally, the answer captures the essence of fostering a diverse ecosystem of AI systems that can be fine-tuned for various industries, which is a key point made in the FACTS. There are no unsupported claims or hallucinations present in the student\'s response, making it a strong and coherent summary of the information provided.", \'key\': \'groundedness\'}')
Traceback (most recent call last):
  File "c:\Users\apaks\projects\YT-RAG\.venv\Lib\site-packages\langsmith\evaluation\_runner.py", line 1689, in _run_evaluators
    evaluator_response = evaluator.evaluate_run(  # type: ignore[call-arg]
        run=run,
        example=example,
        evaluator_run_id=evaluator_run_id,
    )
  File "c:\Users\apaks\projects\YT-RAG\.venv\Lib\site-packages\langsmith\evaluation\evaluator.py", line 375, in evaluate_run
    return self._format_result(result, evaluator_run_id)
           ~~~~~~~~~~~~~~~~~~~^^^^^^^^^^^^^^^^^^^^^^^^^^
  File "c:\Users\apaks\projects\YT-RAG\.venv\Lib\site-packages\langsmith\evaluation\evaluator.py", line 322, in _format_result
    return self._coerce_evaluation_results(result, source_run_id)
           ~~~~~~~~~~~~~~~~~~~~~~~~~~~~~~~^^^^^^^^^^^^^^^^^^^^^^^
  File "c:\Users\apaks\projects\YT-RAG\.venv\Lib\site-packages\langsmith\evaluation\evaluator.py", line 306, in _coerce_evaluation_results
    return self._coerce_evaluation_result(
           ~~~~~~~~~~~~~~~~~~~~~~~~~~~~~~^
        cast(dict, results), source_run_id=source_run_id, allow_no_key=True
        ^^^^^^^^^^^^^^^^^^^^^^^^^^^^^^^^^^^^^^^^^^^^^^^^^^^^^^^^^^^^^^^^^^^
    )
    ^
  File "c:\Users\apaks\projects\YT-RAG\.venv\Lib\site-packages\langsmith\evaluation\evaluator.py", line 282, in _coerce_evaluation_result
    raise ValueError(
    ...<2 lines>...
    )
ValueError: Expected an EvaluationResult object, or dict with a metric 'key' and optional 'score' or categorical 'value'; got {'grade': 9, 'correct': True, 'explanation': "The student answer is well-grounded in the provided facts. It accurately reflects the idea that Meta's business model can support open-source releases by offering services financed through ads or business customers, as mentioned in the FACTS. The student correctly states that by providing a foundation model in open source, Meta enables other businesses to build applications, which aligns with the discussion about the utility of open-source models for businesses. Additionally, the answer captures the essence of fostering a diverse ecosystem of AI systems that can be fine-tuned for various industries, which is a key point made in the FACTS. There are no unsupported claims or hallucinations present in the student's response, making it a strong and coherent summary of the information provided.", 'key': 'groundedness'}
[ 2026-08-05 23:51:17,858] 1025 httpx - INFO - HTTP Request: POST https://api.openai.com/v1/chat/completions "HTTP/1.1 200 OK"
[ 2026-08-05 23:51:17,875] 1735 langsmith.evaluation._runner - ERROR - Error running evaluator <DynamicRunEvaluator relevance> on run 019fd41f-93d9-70d2-b8c4-c5edd6b90f4a: ValueError('Expected an EvaluationResult object, or dict with a metric \'key\' and optional \'score\' or categorical \'value\'; got {\'grade\': 9, \'correct\': True, \'explanation\': "The student answer directly addresses the question by explaining how Meta\'s business model accommodates open-source releases. It highlights that Meta offers services financed through ads or business customers, which is relevant to the business model aspect. The mention of providing a foundation model in open source allows other businesses to build applications on top of it, which is a clear connection to the question about accommodating open-source releases. Additionally, the answer discusses the revenue generation from these applications and the fostering of a diverse ecosystem, which further supports the relevance to the question. The response is clear, focused, and provides meaningful insights into the relationship between Meta\'s business model and open-source releases.", \'key\': \'relevance\'}')
Traceback (most recent call last):
  File "c:\Users\apaks\projects\YT-RAG\.venv\Lib\site-packages\langsmith\evaluation\_runner.py", line 1689, in _run_evaluators
    evaluator_response = evaluator.evaluate_run(  # type: ignore[call-arg]
        run=run,
        example=example,
        evaluator_run_id=evaluator_run_id,
    )
  File "c:\Users\apaks\projects\YT-RAG\.venv\Lib\site-packages\langsmith\evaluation\evaluator.py", line 375, in evaluate_run
    return self._format_result(result, evaluator_run_id)
           ~~~~~~~~~~~~~~~~~~~^^^^^^^^^^^^^^^^^^^^^^^^^^
  File "c:\Users\apaks\projects\YT-RAG\.venv\Lib\site-packages\langsmith\evaluation\evaluator.py", line 322, in _format_result
    return self._coerce_evaluation_results(result, source_run_id)
           ~~~~~~~~~~~~~~~~~~~~~~~~~~~~~~~^^^^^^^^^^^^^^^^^^^^^^^
  File "c:\Users\apaks\projects\YT-RAG\.venv\Lib\site-packages\langsmith\evaluation\evaluator.py", line 306, in _coerce_evaluation_results
    return self._coerce_evaluation_result(
           ~~~~~~~~~~~~~~~~~~~~~~~~~~~~~~^
        cast(dict, results), source_run_id=source_run_id, allow_no_key=True
        ^^^^^^^^^^^^^^^^^^^^^^^^^^^^^^^^^^^^^^^^^^^^^^^^^^^^^^^^^^^^^^^^^^^
    )
    ^
  File "c:\Users\apaks\projects\YT-RAG\.venv\Lib\site-packages\langsmith\evaluation\evaluator.py", line 282, in _coerce_evaluation_result
    raise ValueError(
    ...<2 lines>...
    )
ValueError: Expected an EvaluationResult object, or dict with a metric 'key' and optional 'score' or categorical 'value'; got {'grade': 9, 'correct': True, 'explanation': "The student answer directly addresses the question by explaining how Meta's business model accommodates open-source releases. It highlights that Meta offers services financed through ads or business customers, which is relevant to the business model aspect. The mention of providing a foundation model in open source allows other businesses to build applications on top of it, which is a clear connection to the question about accommodating open-source releases. Additionally, the answer discusses the revenue generation from these applications and the fostering of a diverse ecosystem, which further supports the relevance to the question. The response is clear, focused, and provides meaningful insights into the relationship between Meta's business model and open-source releases.", 'key': 'relevance'}
[ 2026-08-05 23:51:20,891] 1025 httpx - INFO - HTTP Request: POST https://api.openai.com/v1/chat/completions "HTTP/1.1 200 OK"
[ 2026-08-05 23:51:20,917] 1735 langsmith.evaluation._runner - ERROR - Error running evaluator <DynamicRunEvaluator retrieval_relevance> on run 019fd41f-93d9-70d2-b8c4-c5edd6b90f4a: ValueError('Expected an EvaluationResult object, or dict with a metric \'key\' and optional \'score\' or categorical \'value\'; got {\'grade\': 9, \'correct\': True, \'explanation\': "The provided FACTS discuss Meta\'s approach to open-source models and how it relates to their business model. Key points include the idea that Meta can leverage a large customer base to offer services based on open-source models, which can be fine-tuned for specific applications. The mention of potential revenue generation through business customers and ad-supported services directly addresses how Meta\'s business model accommodates open-source releases. Additionally, the discussion about the diversity and accessibility of AI systems through open-source platforms further supports the relevance to the question. Overall, the FACTS contain substantial information that is directly related to the question about Meta\'s business model and open-source releases.", \'key\': \'retrieval_relevance\'}')
Traceback (most recent call last):
  File "c:\Users\apaks\projects\YT-RAG\.venv\Lib\site-packages\langsmith\evaluation\_runner.py", line 1689, in _run_evaluators
    evaluator_response = evaluator.evaluate_run(  # type: ignore[call-arg]
        run=run,
        example=example,
        evaluator_run_id=evaluator_run_id,
    )
  File "c:\Users\apaks\projects\YT-RAG\.venv\Lib\site-packages\langsmith\evaluation\evaluator.py", line 375, in evaluate_run
    return self._format_result(result, evaluator_run_id)
           ~~~~~~~~~~~~~~~~~~~^^^^^^^^^^^^^^^^^^^^^^^^^^
  File "c:\Users\apaks\projects\YT-RAG\.venv\Lib\site-packages\langsmith\evaluation\evaluator.py", line 322, in _format_result
    return self._coerce_evaluation_results(result, source_run_id)
           ~~~~~~~~~~~~~~~~~~~~~~~~~~~~~~~^^^^^^^^^^^^^^^^^^^^^^^
  File "c:\Users\apaks\projects\YT-RAG\.venv\Lib\site-packages\langsmith\evaluation\evaluator.py", line 306, in _coerce_evaluation_results
    return self._coerce_evaluation_result(
           ~~~~~~~~~~~~~~~~~~~~~~~~~~~~~~^
        cast(dict, results), source_run_id=source_run_id, allow_no_key=True
        ^^^^^^^^^^^^^^^^^^^^^^^^^^^^^^^^^^^^^^^^^^^^^^^^^^^^^^^^^^^^^^^^^^^
    )
    ^
  File "c:\Users\apaks\projects\YT-RAG\.venv\Lib\site-packages\langsmith\evaluation\evaluator.py", line 282, in _coerce_evaluation_result
    raise ValueError(
    ...<2 lines>...
    )
ValueError: Expected an EvaluationResult object, or dict with a metric 'key' and optional 'score' or categorical 'value'; got {'grade': 9, 'correct': True, 'explanation': "The provided FACTS discuss Meta's approach to open-source models and how it relates to their business model. Key points include the idea that Meta can leverage a large customer base to offer services based on open-source models, which can be fine-tuned for specific applications. The mention of potential revenue generation through business customers and ad-supported services directly addresses how Meta's business model accommodates open-source releases. Additionally, the discussion about the diversity and accessibility of AI systems through open-source platforms further supports the relevance to the question. Overall, the FACTS contain substantial information that is directly related to the question about Meta's business model and open-source releases.", 'key': 'retrieval_relevance'}
[ 2026-08-05 23:51:20,924] 1735 langsmith.evaluation._runner - ERROR - Error running evaluator <DynamicRunEvaluator timestamp_error> on run 019fd41f-93d9-70d2-b8c4-c5edd6b90f4a: TypeError("unsupported operand type(s) for -: 'RunTree' and 'Example'")
Traceback (most recent call last):
  File "c:\Users\apaks\projects\YT-RAG\.venv\Lib\site-packages\langsmith\evaluation\_runner.py", line 1689, in _run_evaluators
    evaluator_response = evaluator.evaluate_run(  # type: ignore[call-arg]
        run=run,
        example=example,
        evaluator_run_id=evaluator_run_id,
    )
  File "c:\Users\apaks\projects\YT-RAG\.venv\Lib\site-packages\langsmith\evaluation\evaluator.py", line 370, in evaluate_run
    result = self.func(
        run,
        example,
        langsmith_extra={"run_id": evaluator_run_id, "metadata": metadata},
    )
  File "c:\Users\apaks\projects\YT-RAG\.venv\Lib\site-packages\langsmith\run_helpers.py", line 777, in wrapper
    function_result = run_container["context"].run(
        func, *args, **kwargs
    )
  File "C:\Users\apaks\AppData\Local\Temp\ipykernel_11624\4279707790.py", line 2, in timestamp_error
    return abs(correct_ts - doc_ts)
               ~~~~~~~~~~~^~~~~~~~
TypeError: unsupported operand type(s) for -: 'RunTree' and 'Example'
[ 2026-08-05 23:51:20,934] 26 root - INFO - [INFO] Pickle file faiss_store\metadata.pkl loaded
[ 2026-08-05 23:51:20,935] 80 root - INFO - [INFO] Faiss index and Metadata loaded
[ 2026-08-05 23:51:20,935] 40 root - INFO - [INFO] Existing vetorstore loaded
[ 2026-08-05 23:51:20,939] 49 root - INFO - [INFO] OpenAI chat model initialised: gpt-4o-mini
[ 2026-08-05 23:51:20,939] 26 root - INFO - [INFO] Loading Embedding Model: text-embedding-3-large
[ 2026-08-05 23:51:22,956] 1025 httpx - INFO - HTTP Request: POST https://api.openai.com/v1/embeddings "HTTP/1.1 200 OK"
[ 2026-08-05 23:51:22,965] 64 root - INFO - [INFO] Query embedding generated for query: Why does LeCun advocate for open source AI platforms?. Query embedding dimension: (1, 3072)
[ 2026-08-05 23:51:22,968] 26 root - INFO - [INFO] Pickle file faiss_store\metadata.pkl loaded
[ 2026-08-05 23:51:22,968] 80 root - INFO - [INFO] Faiss index and Metadata loaded
[ 2026-08-05 23:51:22,969] 104 root - INFO - [INFO] Vectorestore search for nearest vectors completed for query embedding of dimension (1, 3072)
[ 2026-08-05 23:51:22,969] 84 root - INFO - [INFO] Query search completed. Relevant context extracted for query: Why does LeCun advocate for open source AI platforms?
[ 2026-08-05 23:51:22,970] 103 root - INFO - [INFO] Prompt with context and query loaded
[ 2026-08-05 23:51:24,945] 1025 httpx - INFO - HTTP Request: POST https://api.openai.com/v1/chat/completions "HTTP/1.1 200 OK"
[ 2026-08-05 23:51:24,964] 106 root - INFO - [INFO] Response generated by llm for the query: Why does LeCun ..
[ 2026-08-05 23:51:24,965] 115 root - INFO - [INFO] Fetching timestamps for the reveant chunks
[ 2026-08-05 23:51:24,965] 120 root - INFO - [INFO] Timestamps succesfully fetched
[ 2026-08-05 23:51:26,811] 1025 httpx - INFO - HTTP Request: POST https://api.openai.com/v1/chat/completions "HTTP/1.1 200 OK"
[ 2026-08-05 23:51:26,830] 1735 langsmith.evaluation._runner - ERROR - Error running evaluator <DynamicRunEvaluator correctness> on run 019fd41f-c9e1-7131-a999-368b840b4267: ValueError("Expected an EvaluationResult object, or dict with a metric 'key' and optional 'score' or categorical 'value'; got {'explanation': 'The student answer closely aligns with the ground truth answer, emphasizing the importance of diversity in AI systems and the prevention of centralized control. The student correctly identifies that LeCun advocates for open source AI platforms to represent various cultures, languages, and values. Additionally, the student expands on the idea by mentioning the preservation of democracy and the empowerment of individuals and communities, which are relevant and accurate extensions of the ground truth. There are no conflicting statements, and the answer is well-articulated. Therefore, the score is high.', 'correct': True, 'grade': 10, 'key': 'correctness'}")
Traceback (most recent call last):
  File "c:\Users\apaks\projects\YT-RAG\.venv\Lib\site-packages\langsmith\evaluation\_runner.py", line 1689, in _run_evaluators
    evaluator_response = evaluator.evaluate_run(  # type: ignore[call-arg]
        run=run,
        example=example,
        evaluator_run_id=evaluator_run_id,
    )
  File "c:\Users\apaks\projects\YT-RAG\.venv\Lib\site-packages\langsmith\evaluation\evaluator.py", line 375, in evaluate_run
    return self._format_result(result, evaluator_run_id)
           ~~~~~~~~~~~~~~~~~~~^^^^^^^^^^^^^^^^^^^^^^^^^^
  File "c:\Users\apaks\projects\YT-RAG\.venv\Lib\site-packages\langsmith\evaluation\evaluator.py", line 322, in _format_result
    return self._coerce_evaluation_results(result, source_run_id)
           ~~~~~~~~~~~~~~~~~~~~~~~~~~~~~~~^^^^^^^^^^^^^^^^^^^^^^^
  File "c:\Users\apaks\projects\YT-RAG\.venv\Lib\site-packages\langsmith\evaluation\evaluator.py", line 306, in _coerce_evaluation_results
    return self._coerce_evaluation_result(
           ~~~~~~~~~~~~~~~~~~~~~~~~~~~~~~^
        cast(dict, results), source_run_id=source_run_id, allow_no_key=True
        ^^^^^^^^^^^^^^^^^^^^^^^^^^^^^^^^^^^^^^^^^^^^^^^^^^^^^^^^^^^^^^^^^^^
    )
    ^
  File "c:\Users\apaks\projects\YT-RAG\.venv\Lib\site-packages\langsmith\evaluation\evaluator.py", line 282, in _coerce_evaluation_result
    raise ValueError(
    ...<2 lines>...
    )
ValueError: Expected an EvaluationResult object, or dict with a metric 'key' and optional 'score' or categorical 'value'; got {'explanation': 'The student answer closely aligns with the ground truth answer, emphasizing the importance of diversity in AI systems and the prevention of centralized control. The student correctly identifies that LeCun advocates for open source AI platforms to represent various cultures, languages, and values. Additionally, the student expands on the idea by mentioning the preservation of democracy and the empowerment of individuals and communities, which are relevant and accurate extensions of the ground truth. There are no conflicting statements, and the answer is well-articulated. Therefore, the score is high.', 'correct': True, 'grade': 10, 'key': 'correctness'}
[ 2026-08-05 23:51:29,088] 1025 httpx - INFO - HTTP Request: POST https://api.openai.com/v1/chat/completions "HTTP/1.1 200 OK"
[ 2026-08-05 23:51:29,167] 1735 langsmith.evaluation._runner - ERROR - Error running evaluator <DynamicRunEvaluator groundedness> on run 019fd41f-c9e1-7131-a999-368b840b4267: ValueError('Expected an EvaluationResult object, or dict with a metric \'key\' and optional \'score\' or categorical \'value\'; got {\'grade\': 9, \'correct\': True, \'explanation\': "The student answer accurately reflects the key points made in the FACTS. It correctly identifies LeCun\'s advocacy for open source AI platforms as a means to promote diversity in AI systems, which is essential for preserving democracy and preventing power concentration among a few companies. The mention of fine-tuning AI systems for specific needs aligns with LeCun\'s discussion about the importance of open source platforms allowing various groups to adapt AI to local cultures and values. The answer is well-structured and does not introduce unsupported claims, making it a strong representation of the provided FACTS.", \'key\': \'groundedness\'}')
Traceback (most recent call last):
  File "c:\Users\apaks\projects\YT-RAG\.venv\Lib\site-packages\langsmith\evaluation\_runner.py", line 1689, in _run_evaluators
    evaluator_response = evaluator.evaluate_run(  # type: ignore[call-arg]
        run=run,
        example=example,
        evaluator_run_id=evaluator_run_id,
    )
  File "c:\Users\apaks\projects\YT-RAG\.venv\Lib\site-packages\langsmith\evaluation\evaluator.py", line 375, in evaluate_run
    return self._format_result(result, evaluator_run_id)
           ~~~~~~~~~~~~~~~~~~~^^^^^^^^^^^^^^^^^^^^^^^^^^
  File "c:\Users\apaks\projects\YT-RAG\.venv\Lib\site-packages\langsmith\evaluation\evaluator.py", line 322, in _format_result
    return self._coerce_evaluation_results(result, source_run_id)
           ~~~~~~~~~~~~~~~~~~~~~~~~~~~~~~~^^^^^^^^^^^^^^^^^^^^^^^
  File "c:\Users\apaks\projects\YT-RAG\.venv\Lib\site-packages\langsmith\evaluation\evaluator.py", line 306, in _coerce_evaluation_results
    return self._coerce_evaluation_result(
           ~~~~~~~~~~~~~~~~~~~~~~~~~~~~~~^
        cast(dict, results), source_run_id=source_run_id, allow_no_key=True
        ^^^^^^^^^^^^^^^^^^^^^^^^^^^^^^^^^^^^^^^^^^^^^^^^^^^^^^^^^^^^^^^^^^^
    )
    ^
  File "c:\Users\apaks\projects\YT-RAG\.venv\Lib\site-packages\langsmith\evaluation\evaluator.py", line 282, in _coerce_evaluation_result
    raise ValueError(
    ...<2 lines>...
    )
ValueError: Expected an EvaluationResult object, or dict with a metric 'key' and optional 'score' or categorical 'value'; got {'grade': 9, 'correct': True, 'explanation': "The student answer accurately reflects the key points made in the FACTS. It correctly identifies LeCun's advocacy for open source AI platforms as a means to promote diversity in AI systems, which is essential for preserving democracy and preventing power concentration among a few companies. The mention of fine-tuning AI systems for specific needs aligns with LeCun's discussion about the importance of open source platforms allowing various groups to adapt AI to local cultures and values. The answer is well-structured and does not introduce unsupported claims, making it a strong representation of the provided FACTS.", 'key': 'groundedness'}
[ 2026-08-05 23:51:30,738] 1025 httpx - INFO - HTTP Request: POST https://api.openai.com/v1/chat/completions "HTTP/1.1 200 OK"
[ 2026-08-05 23:51:30,777] 1735 langsmith.evaluation._runner - ERROR - Error running evaluator <DynamicRunEvaluator relevance> on run 019fd41f-c9e1-7131-a999-368b840b4267: ValueError('Expected an EvaluationResult object, or dict with a metric \'key\' and optional \'score\' or categorical \'value\'; got {\'grade\': 10, \'correct\': True, \'explanation\': "The student answer directly addresses the question by explaining why LeCun advocates for open source AI platforms. It highlights the importance of diversity in AI systems, which reflects various cultures and opinions, and connects this to the preservation of democracy and the prevention of power concentration. The answer is clear, focused, and provides specific reasons that align with LeCun\'s views, making it highly relevant and informative.", \'key\': \'relevance\'}')
Traceback (most recent call last):
  File "c:\Users\apaks\projects\YT-RAG\.venv\Lib\site-packages\langsmith\evaluation\_runner.py", line 1689, in _run_evaluators
    evaluator_response = evaluator.evaluate_run(  # type: ignore[call-arg]
        run=run,
        example=example,
        evaluator_run_id=evaluator_run_id,
    )
  File "c:\Users\apaks\projects\YT-RAG\.venv\Lib\site-packages\langsmith\evaluation\evaluator.py", line 375, in evaluate_run
    return self._format_result(result, evaluator_run_id)
           ~~~~~~~~~~~~~~~~~~~^^^^^^^^^^^^^^^^^^^^^^^^^^
  File "c:\Users\apaks\projects\YT-RAG\.venv\Lib\site-packages\langsmith\evaluation\evaluator.py", line 322, in _format_result
    return self._coerce_evaluation_results(result, source_run_id)
           ~~~~~~~~~~~~~~~~~~~~~~~~~~~~~~~^^^^^^^^^^^^^^^^^^^^^^^
  File "c:\Users\apaks\projects\YT-RAG\.venv\Lib\site-packages\langsmith\evaluation\evaluator.py", line 306, in _coerce_evaluation_results
    return self._coerce_evaluation_result(
           ~~~~~~~~~~~~~~~~~~~~~~~~~~~~~~^
        cast(dict, results), source_run_id=source_run_id, allow_no_key=True
        ^^^^^^^^^^^^^^^^^^^^^^^^^^^^^^^^^^^^^^^^^^^^^^^^^^^^^^^^^^^^^^^^^^^
    )
    ^
  File "c:\Users\apaks\projects\YT-RAG\.venv\Lib\site-packages\langsmith\evaluation\evaluator.py", line 282, in _coerce_evaluation_result
    raise ValueError(
    ...<2 lines>...
    )
ValueError: Expected an EvaluationResult object, or dict with a metric 'key' and optional 'score' or categorical 'value'; got {'grade': 10, 'correct': True, 'explanation': "The student answer directly addresses the question by explaining why LeCun advocates for open source AI platforms. It highlights the importance of diversity in AI systems, which reflects various cultures and opinions, and connects this to the preservation of democracy and the prevention of power concentration. The answer is clear, focused, and provides specific reasons that align with LeCun's views, making it highly relevant and informative.", 'key': 'relevance'}
[ 2026-08-05 23:51:33,856] 1025 httpx - INFO - HTTP Request: POST https://api.openai.com/v1/chat/completions "HTTP/1.1 200 OK"
[ 2026-08-05 23:51:33,867] 1735 langsmith.evaluation._runner - ERROR - Error running evaluator <DynamicRunEvaluator retrieval_relevance> on run 019fd41f-c9e1-7131-a999-368b840b4267: ValueError('Expected an EvaluationResult object, or dict with a metric \'key\' and optional \'score\' or categorical \'value\'; got {\'grade\': 10, \'correct\': True, \'explanation\': "The provided FACTS are highly relevant to the QUESTION about why LeCun advocates for open source AI platforms. The text discusses the importance of diversity in AI systems, emphasizing that open source platforms allow for a wide range of voices, cultures, and opinions to be represented. LeCun argues that proprietary systems lead to a concentration of power and a lack of diversity, which poses a danger to democracy and local cultures. He believes that open source systems enable individuals and organizations to fine-tune AI for their specific needs, thus fostering a diverse ecosystem of AI applications. This directly answers the QUESTION by outlining the reasons behind LeCun\'s advocacy for open source AI, including the preservation of democracy, the empowerment of individuals, and the necessity for diverse AI systems to avoid bias. Therefore, the relevance score is 10, and the relevance is True.", \'key\': \'retrieval_relevance\'}')
Traceback (most recent call last):
  File "c:\Users\apaks\projects\YT-RAG\.venv\Lib\site-packages\langsmith\evaluation\_runner.py", line 1689, in _run_evaluators
    evaluator_response = evaluator.evaluate_run(  # type: ignore[call-arg]
        run=run,
        example=example,
        evaluator_run_id=evaluator_run_id,
    )
  File "c:\Users\apaks\projects\YT-RAG\.venv\Lib\site-packages\langsmith\evaluation\evaluator.py", line 375, in evaluate_run
    return self._format_result(result, evaluator_run_id)
           ~~~~~~~~~~~~~~~~~~~^^^^^^^^^^^^^^^^^^^^^^^^^^
  File "c:\Users\apaks\projects\YT-RAG\.venv\Lib\site-packages\langsmith\evaluation\evaluator.py", line 322, in _format_result
    return self._coerce_evaluation_results(result, source_run_id)
           ~~~~~~~~~~~~~~~~~~~~~~~~~~~~~~~^^^^^^^^^^^^^^^^^^^^^^^
  File "c:\Users\apaks\projects\YT-RAG\.venv\Lib\site-packages\langsmith\evaluation\evaluator.py", line 306, in _coerce_evaluation_results
    return self._coerce_evaluation_result(
           ~~~~~~~~~~~~~~~~~~~~~~~~~~~~~~^
        cast(dict, results), source_run_id=source_run_id, allow_no_key=True
        ^^^^^^^^^^^^^^^^^^^^^^^^^^^^^^^^^^^^^^^^^^^^^^^^^^^^^^^^^^^^^^^^^^^
    )
    ^
  File "c:\Users\apaks\projects\YT-RAG\.venv\Lib\site-packages\langsmith\evaluation\evaluator.py", line 282, in _coerce_evaluation_result
    raise ValueError(
    ...<2 lines>...
    )
ValueError: Expected an EvaluationResult object, or dict with a metric 'key' and optional 'score' or categorical 'value'; got {'grade': 10, 'correct': True, 'explanation': "The provided FACTS are highly relevant to the QUESTION about why LeCun advocates for open source AI platforms. The text discusses the importance of diversity in AI systems, emphasizing that open source platforms allow for a wide range of voices, cultures, and opinions to be represented. LeCun argues that proprietary systems lead to a concentration of power and a lack of diversity, which poses a danger to democracy and local cultures. He believes that open source systems enable individuals and organizations to fine-tune AI for their specific needs, thus fostering a diverse ecosystem of AI applications. This directly answers the QUESTION by outlining the reasons behind LeCun's advocacy for open source AI, including the preservation of democracy, the empowerment of individuals, and the necessity for diverse AI systems to avoid bias. Therefore, the relevance score is 10, and the relevance is True.", 'key': 'retrieval_relevance'}
[ 2026-08-05 23:51:33,873] 1735 langsmith.evaluation._runner - ERROR - Error running evaluator <DynamicRunEvaluator timestamp_error> on run 019fd41f-c9e1-7131-a999-368b840b4267: TypeError("unsupported operand type(s) for -: 'RunTree' and 'Example'")
Traceback (most recent call last):
  File "c:\Users\apaks\projects\YT-RAG\.venv\Lib\site-packages\langsmith\evaluation\_runner.py", line 1689, in _run_evaluators
    evaluator_response = evaluator.evaluate_run(  # type: ignore[call-arg]
        run=run,
        example=example,
        evaluator_run_id=evaluator_run_id,
    )
  File "c:\Users\apaks\projects\YT-RAG\.venv\Lib\site-packages\langsmith\evaluation\evaluator.py", line 370, in evaluate_run
    result = self.func(
        run,
        example,
        langsmith_extra={"run_id": evaluator_run_id, "metadata": metadata},
    )
  File "c:\Users\apaks\projects\YT-RAG\.venv\Lib\site-packages\langsmith\run_helpers.py", line 777, in wrapper
    function_result = run_container["context"].run(
        func, *args, **kwargs
    )
  File "C:\Users\apaks\AppData\Local\Temp\ipykernel_11624\4279707790.py", line 2, in timestamp_error
    return abs(correct_ts - doc_ts)
               ~~~~~~~~~~~^~~~~~~~
TypeError: unsupported operand type(s) for -: 'RunTree' and 'Example'
[ 2026-08-05 23:51:33,885] 26 root - INFO - [INFO] Pickle file faiss_store\metadata.pkl loaded
[ 2026-08-05 23:51:33,885] 80 root - INFO - [INFO] Faiss index and Metadata loaded
[ 2026-08-05 23:51:33,885] 40 root - INFO - [INFO] Existing vetorstore loaded
[ 2026-08-05 23:51:33,886] 49 root - INFO - [INFO] OpenAI chat model initialised: gpt-4o-mini
[ 2026-08-05 23:51:33,886] 26 root - INFO - [INFO] Loading Embedding Model: text-embedding-3-large
[ 2026-08-05 23:51:35,755] 1025 httpx - INFO - HTTP Request: POST https://api.openai.com/v1/embeddings "HTTP/1.1 200 OK"
[ 2026-08-05 23:51:35,770] 64 root - INFO - [INFO] Query embedding generated for query: How does LeCun define the concept of 'energy' in an energy-based model?. Query embedding dimension: (1, 3072)
[ 2026-08-05 23:51:35,776] 26 root - INFO - [INFO] Pickle file faiss_store\metadata.pkl loaded
[ 2026-08-05 23:51:35,776] 80 root - INFO - [INFO] Faiss index and Metadata loaded
[ 2026-08-05 23:51:35,777] 104 root - INFO - [INFO] Vectorestore search for nearest vectors completed for query embedding of dimension (1, 3072)
[ 2026-08-05 23:51:35,778] 84 root - INFO - [INFO] Query search completed. Relevant context extracted for query: How does LeCun define the concept of 'energy' in an energy-based model?
[ 2026-08-05 23:51:35,780] 103 root - INFO - [INFO] Prompt with context and query loaded
[ 2026-08-05 23:51:37,415] 1025 httpx - INFO - HTTP Request: POST https://api.openai.com/v1/chat/completions "HTTP/1.1 200 OK"
[ 2026-08-05 23:51:37,424] 106 root - INFO - [INFO] Response generated by llm for the query: How does LeCun ..
[ 2026-08-05 23:51:37,424] 115 root - INFO - [INFO] Fetching timestamps for the reveant chunks
[ 2026-08-05 23:51:37,424] 120 root - INFO - [INFO] Timestamps succesfully fetched
[ 2026-08-05 23:51:39,758] 1025 httpx - INFO - HTTP Request: POST https://api.openai.com/v1/chat/completions "HTTP/1.1 200 OK"
[ 2026-08-05 23:51:39,785] 1735 langsmith.evaluation._runner - ERROR - Error running evaluator <DynamicRunEvaluator correctness> on run 019fd41f-fc76-7c70-af28-e4d9427c8e1b: ValueError('Expected an EvaluationResult object, or dict with a metric \'key\' and optional \'score\' or categorical \'value\'; got {\'explanation\': "The student answer provides a detailed explanation of the concept of \'energy\' in an energy-based model, mentioning that it is a scalar output that indicates compatibility between inputs. This aligns with the ground truth\'s assertion that energy is a scalar related to prediction error. However, the student introduces the idea of compatibility between two inputs, X and Y, which is not explicitly mentioned in the ground truth. While this additional information is relevant and does not contradict the ground truth, it slightly diverges from the more straightforward definition provided. The student correctly states that low energy corresponds to compatible pairs and high energy to incompatible pairs, which is consistent with the ground truth\'s focus on good and bad answers. Overall, the student answer is mostly correct but introduces some complexity that may not be necessary. Therefore, I would assign a score of 8 for mostly correct with minor issues.", \'correct\': True, \'grade\': 8, \'key\': \'correctness\'}')
Traceback (most recent call last):
  File "c:\Users\apaks\projects\YT-RAG\.venv\Lib\site-packages\langsmith\evaluation\_runner.py", line 1689, in _run_evaluators
    evaluator_response = evaluator.evaluate_run(  # type: ignore[call-arg]
        run=run,
        example=example,
        evaluator_run_id=evaluator_run_id,
    )
  File "c:\Users\apaks\projects\YT-RAG\.venv\Lib\site-packages\langsmith\evaluation\evaluator.py", line 375, in evaluate_run
    return self._format_result(result, evaluator_run_id)
           ~~~~~~~~~~~~~~~~~~~^^^^^^^^^^^^^^^^^^^^^^^^^^
  File "c:\Users\apaks\projects\YT-RAG\.venv\Lib\site-packages\langsmith\evaluation\evaluator.py", line 322, in _format_result
    return self._coerce_evaluation_results(result, source_run_id)
           ~~~~~~~~~~~~~~~~~~~~~~~~~~~~~~~^^^^^^^^^^^^^^^^^^^^^^^
  File "c:\Users\apaks\projects\YT-RAG\.venv\Lib\site-packages\langsmith\evaluation\evaluator.py", line 306, in _coerce_evaluation_results
    return self._coerce_evaluation_result(
           ~~~~~~~~~~~~~~~~~~~~~~~~~~~~~~^
        cast(dict, results), source_run_id=source_run_id, allow_no_key=True
        ^^^^^^^^^^^^^^^^^^^^^^^^^^^^^^^^^^^^^^^^^^^^^^^^^^^^^^^^^^^^^^^^^^^
    )
    ^
  File "c:\Users\apaks\projects\YT-RAG\.venv\Lib\site-packages\langsmith\evaluation\evaluator.py", line 282, in _coerce_evaluation_result
    raise ValueError(
    ...<2 lines>...
    )
ValueError: Expected an EvaluationResult object, or dict with a metric 'key' and optional 'score' or categorical 'value'; got {'explanation': "The student answer provides a detailed explanation of the concept of 'energy' in an energy-based model, mentioning that it is a scalar output that indicates compatibility between inputs. This aligns with the ground truth's assertion that energy is a scalar related to prediction error. However, the student introduces the idea of compatibility between two inputs, X and Y, which is not explicitly mentioned in the ground truth. While this additional information is relevant and does not contradict the ground truth, it slightly diverges from the more straightforward definition provided. The student correctly states that low energy corresponds to compatible pairs and high energy to incompatible pairs, which is consistent with the ground truth's focus on good and bad answers. Overall, the student answer is mostly correct but introduces some complexity that may not be necessary. Therefore, I would assign a score of 8 for mostly correct with minor issues.", 'correct': True, 'grade': 8, 'key': 'correctness'}
[ 2026-08-05 23:51:42,344] 1025 httpx - INFO - HTTP Request: POST https://api.openai.com/v1/chat/completions "HTTP/1.1 200 OK"
[ 2026-08-05 23:51:42,356] 1735 langsmith.evaluation._runner - ERROR - Error running evaluator <DynamicRunEvaluator groundedness> on run 019fd41f-fc76-7c70-af28-e4d9427c8e1b: ValueError('Expected an EvaluationResult object, or dict with a metric \'key\' and optional \'score\' or categorical \'value\'; got {\'grade\': 9, \'correct\': True, \'explanation\': "The student answer accurately summarizes key aspects of the energy-based model as described in the FACTS. It correctly identifies that \'energy\' is a scalar output indicating compatibility between inputs X and Y, and that the output is zero when Y is compatible with X, which aligns with the explanation provided in the FACTS. The mention of prediction error and the relationship between low energy and compatible pairs, as well as high energy and incompatible pairs, is also consistent with the information given. The answer does not introduce any unsupported claims or hallucinations, making it a strong and grounded response.", \'key\': \'groundedness\'}')
Traceback (most recent call last):
  File "c:\Users\apaks\projects\YT-RAG\.venv\Lib\site-packages\langsmith\evaluation\_runner.py", line 1689, in _run_evaluators
    evaluator_response = evaluator.evaluate_run(  # type: ignore[call-arg]
        run=run,
        example=example,
        evaluator_run_id=evaluator_run_id,
    )
  File "c:\Users\apaks\projects\YT-RAG\.venv\Lib\site-packages\langsmith\evaluation\evaluator.py", line 375, in evaluate_run
    return self._format_result(result, evaluator_run_id)
           ~~~~~~~~~~~~~~~~~~~^^^^^^^^^^^^^^^^^^^^^^^^^^
  File "c:\Users\apaks\projects\YT-RAG\.venv\Lib\site-packages\langsmith\evaluation\evaluator.py", line 322, in _format_result
    return self._coerce_evaluation_results(result, source_run_id)
           ~~~~~~~~~~~~~~~~~~~~~~~~~~~~~~~^^^^^^^^^^^^^^^^^^^^^^^
  File "c:\Users\apaks\projects\YT-RAG\.venv\Lib\site-packages\langsmith\evaluation\evaluator.py", line 306, in _coerce_evaluation_results
    return self._coerce_evaluation_result(
           ~~~~~~~~~~~~~~~~~~~~~~~~~~~~~~^
        cast(dict, results), source_run_id=source_run_id, allow_no_key=True
        ^^^^^^^^^^^^^^^^^^^^^^^^^^^^^^^^^^^^^^^^^^^^^^^^^^^^^^^^^^^^^^^^^^^
    )
    ^
  File "c:\Users\apaks\projects\YT-RAG\.venv\Lib\site-packages\langsmith\evaluation\evaluator.py", line 282, in _coerce_evaluation_result
    raise ValueError(
    ...<2 lines>...
    )
ValueError: Expected an EvaluationResult object, or dict with a metric 'key' and optional 'score' or categorical 'value'; got {'grade': 9, 'correct': True, 'explanation': "The student answer accurately summarizes key aspects of the energy-based model as described in the FACTS. It correctly identifies that 'energy' is a scalar output indicating compatibility between inputs X and Y, and that the output is zero when Y is compatible with X, which aligns with the explanation provided in the FACTS. The mention of prediction error and the relationship between low energy and compatible pairs, as well as high energy and incompatible pairs, is also consistent with the information given. The answer does not introduce any unsupported claims or hallucinations, making it a strong and grounded response.", 'key': 'groundedness'}
[ 2026-08-05 23:51:45,830] 1025 httpx - INFO - HTTP Request: POST https://api.openai.com/v1/chat/completions "HTTP/1.1 200 OK"
[ 2026-08-05 23:51:45,841] 1735 langsmith.evaluation._runner - ERROR - Error running evaluator <DynamicRunEvaluator relevance> on run 019fd41f-fc76-7c70-af28-e4d9427c8e1b: ValueError('Expected an EvaluationResult object, or dict with a metric \'key\' and optional \'score\' or categorical \'value\'; got {\'grade\': 9, \'correct\': True, \'explanation\': "The student answer directly addresses the question by explaining how LeCun defines \'energy\' in the context of energy-based models. It clearly states that \'energy\' is a scalar output indicating compatibility between inputs X and Y, which is a key aspect of the definition. The answer also elaborates on the implications of energy values, noting that zero indicates compatibility and positive values indicate incompatibility, which adds depth to the explanation. The focus remains on the definition without unnecessary digressions, making it highly relevant and clear.", \'key\': \'relevance\'}')
Traceback (most recent call last):
  File "c:\Users\apaks\projects\YT-RAG\.venv\Lib\site-packages\langsmith\evaluation\_runner.py", line 1689, in _run_evaluators
    evaluator_response = evaluator.evaluate_run(  # type: ignore[call-arg]
        run=run,
        example=example,
        evaluator_run_id=evaluator_run_id,
    )
  File "c:\Users\apaks\projects\YT-RAG\.venv\Lib\site-packages\langsmith\evaluation\evaluator.py", line 375, in evaluate_run
    return self._format_result(result, evaluator_run_id)
           ~~~~~~~~~~~~~~~~~~~^^^^^^^^^^^^^^^^^^^^^^^^^^
  File "c:\Users\apaks\projects\YT-RAG\.venv\Lib\site-packages\langsmith\evaluation\evaluator.py", line 322, in _format_result
    return self._coerce_evaluation_results(result, source_run_id)
           ~~~~~~~~~~~~~~~~~~~~~~~~~~~~~~~^^^^^^^^^^^^^^^^^^^^^^^
  File "c:\Users\apaks\projects\YT-RAG\.venv\Lib\site-packages\langsmith\evaluation\evaluator.py", line 306, in _coerce_evaluation_results
    return self._coerce_evaluation_result(
           ~~~~~~~~~~~~~~~~~~~~~~~~~~~~~~^
        cast(dict, results), source_run_id=source_run_id, allow_no_key=True
        ^^^^^^^^^^^^^^^^^^^^^^^^^^^^^^^^^^^^^^^^^^^^^^^^^^^^^^^^^^^^^^^^^^^
    )
    ^
  File "c:\Users\apaks\projects\YT-RAG\.venv\Lib\site-packages\langsmith\evaluation\evaluator.py", line 282, in _coerce_evaluation_result
    raise ValueError(
    ...<2 lines>...
    )
ValueError: Expected an EvaluationResult object, or dict with a metric 'key' and optional 'score' or categorical 'value'; got {'grade': 9, 'correct': True, 'explanation': "The student answer directly addresses the question by explaining how LeCun defines 'energy' in the context of energy-based models. It clearly states that 'energy' is a scalar output indicating compatibility between inputs X and Y, which is a key aspect of the definition. The answer also elaborates on the implications of energy values, noting that zero indicates compatibility and positive values indicate incompatibility, which adds depth to the explanation. The focus remains on the definition without unnecessary digressions, making it highly relevant and clear.", 'key': 'relevance'}
[ 2026-08-05 23:51:49,494] 1025 httpx - INFO - HTTP Request: POST https://api.openai.com/v1/chat/completions "HTTP/1.1 200 OK"
[ 2026-08-05 23:51:49,503] 1735 langsmith.evaluation._runner - ERROR - Error running evaluator <DynamicRunEvaluator retrieval_relevance> on run 019fd41f-fc76-7c70-af28-e4d9427c8e1b: ValueError('Expected an EvaluationResult object, or dict with a metric \'key\' and optional \'score\' or categorical \'value\'; got {\'grade\': 9, \'correct\': True, \'explanation\': "The provided FACTS contain a detailed explanation of the concept of \'energy\' in an energy-based model as defined by LeCun. Specifically, it describes how the energy function outputs a scalar value that indicates compatibility between inputs X (such as a prompt or image) and Y (a proposed answer or continuation). The output is zero if Y is compatible with X, and a positive number if it is not. This directly addresses the QUESTION about how LeCun defines \'energy\' in this context. Additionally, the discussion of training the model to minimize energy for compatible pairs and increase energy for incompatible pairs further elaborates on the concept, reinforcing its relevance to the QUESTION.", \'key\': \'retrieval_relevance\'}')
Traceback (most recent call last):
  File "c:\Users\apaks\projects\YT-RAG\.venv\Lib\site-packages\langsmith\evaluation\_runner.py", line 1689, in _run_evaluators
    evaluator_response = evaluator.evaluate_run(  # type: ignore[call-arg]
        run=run,
        example=example,
        evaluator_run_id=evaluator_run_id,
    )
  File "c:\Users\apaks\projects\YT-RAG\.venv\Lib\site-packages\langsmith\evaluation\evaluator.py", line 375, in evaluate_run
    return self._format_result(result, evaluator_run_id)
           ~~~~~~~~~~~~~~~~~~~^^^^^^^^^^^^^^^^^^^^^^^^^^
  File "c:\Users\apaks\projects\YT-RAG\.venv\Lib\site-packages\langsmith\evaluation\evaluator.py", line 322, in _format_result
    return self._coerce_evaluation_results(result, source_run_id)
           ~~~~~~~~~~~~~~~~~~~~~~~~~~~~~~~^^^^^^^^^^^^^^^^^^^^^^^
  File "c:\Users\apaks\projects\YT-RAG\.venv\Lib\site-packages\langsmith\evaluation\evaluator.py", line 306, in _coerce_evaluation_results
    return self._coerce_evaluation_result(
           ~~~~~~~~~~~~~~~~~~~~~~~~~~~~~~^
        cast(dict, results), source_run_id=source_run_id, allow_no_key=True
        ^^^^^^^^^^^^^^^^^^^^^^^^^^^^^^^^^^^^^^^^^^^^^^^^^^^^^^^^^^^^^^^^^^^
    )
    ^
  File "c:\Users\apaks\projects\YT-RAG\.venv\Lib\site-packages\langsmith\evaluation\evaluator.py", line 282, in _coerce_evaluation_result
    raise ValueError(
    ...<2 lines>...
    )
ValueError: Expected an EvaluationResult object, or dict with a metric 'key' and optional 'score' or categorical 'value'; got {'grade': 9, 'correct': True, 'explanation': "The provided FACTS contain a detailed explanation of the concept of 'energy' in an energy-based model as defined by LeCun. Specifically, it describes how the energy function outputs a scalar value that indicates compatibility between inputs X (such as a prompt or image) and Y (a proposed answer or continuation). The output is zero if Y is compatible with X, and a positive number if it is not. This directly addresses the QUESTION about how LeCun defines 'energy' in this context. Additionally, the discussion of training the model to minimize energy for compatible pairs and increase energy for incompatible pairs further elaborates on the concept, reinforcing its relevance to the QUESTION.", 'key': 'retrieval_relevance'}
[ 2026-08-05 23:51:49,508] 1735 langsmith.evaluation._runner - ERROR - Error running evaluator <DynamicRunEvaluator timestamp_error> on run 019fd41f-fc76-7c70-af28-e4d9427c8e1b: TypeError("unsupported operand type(s) for -: 'RunTree' and 'Example'")
Traceback (most recent call last):
  File "c:\Users\apaks\projects\YT-RAG\.venv\Lib\site-packages\langsmith\evaluation\_runner.py", line 1689, in _run_evaluators
    evaluator_response = evaluator.evaluate_run(  # type: ignore[call-arg]
        run=run,
        example=example,
        evaluator_run_id=evaluator_run_id,
    )
  File "c:\Users\apaks\projects\YT-RAG\.venv\Lib\site-packages\langsmith\evaluation\evaluator.py", line 370, in evaluate_run
    result = self.func(
        run,
        example,
        langsmith_extra={"run_id": evaluator_run_id, "metadata": metadata},
    )
  File "c:\Users\apaks\projects\YT-RAG\.venv\Lib\site-packages\langsmith\run_helpers.py", line 777, in wrapper
    function_result = run_container["context"].run(
        func, *args, **kwargs
    )
  File "C:\Users\apaks\AppData\Local\Temp\ipykernel_11624\4279707790.py", line 2, in timestamp_error
    return abs(correct_ts - doc_ts)
               ~~~~~~~~~~~^~~~~~~~
TypeError: unsupported operand type(s) for -: 'RunTree' and 'Example'
[ 2026-08-05 23:51:49,518] 26 root - INFO - [INFO] Pickle file faiss_store\metadata.pkl loaded
[ 2026-08-05 23:51:49,518] 80 root - INFO - [INFO] Faiss index and Metadata loaded
[ 2026-08-05 23:51:49,519] 40 root - INFO - [INFO] Existing vetorstore loaded
[ 2026-08-05 23:51:49,520] 49 root - INFO - [INFO] OpenAI chat model initialised: gpt-4o-mini
[ 2026-08-05 23:51:49,520] 26 root - INFO - [INFO] Loading Embedding Model: text-embedding-3-large
[ 2026-08-05 23:51:52,077] 1025 httpx - INFO - HTTP Request: POST https://api.openai.com/v1/embeddings "HTTP/1.1 200 OK"
[ 2026-08-05 23:51:52,085] 64 root - INFO - [INFO] Query embedding generated for query: What is the 'Long tail' problem in prompt-based AI training?. Query embedding dimension: (1, 3072)
[ 2026-08-05 23:51:52,091] 26 root - INFO - [INFO] Pickle file faiss_store\metadata.pkl loaded
[ 2026-08-05 23:51:52,091] 80 root - INFO - [INFO] Faiss index and Metadata loaded
[ 2026-08-05 23:51:52,092] 104 root - INFO - [INFO] Vectorestore search for nearest vectors completed for query embedding of dimension (1, 3072)
[ 2026-08-05 23:51:52,092] 84 root - INFO - [INFO] Query search completed. Relevant context extracted for query: What is the 'Long tail' problem in prompt-based AI training?
[ 2026-08-05 23:51:52,094] 103 root - INFO - [INFO] Prompt with context and query loaded
[ 2026-08-05 23:51:54,010] 1025 httpx - INFO - HTTP Request: POST https://api.openai.com/v1/chat/completions "HTTP/1.1 200 OK"
[ 2026-08-05 23:51:54,034] 106 root - INFO - [INFO] Response generated by llm for the query: What is the 'Lo..
[ 2026-08-05 23:51:54,034] 115 root - INFO - [INFO] Fetching timestamps for the reveant chunks
[ 2026-08-05 23:51:54,035] 120 root - INFO - [INFO] Timestamps succesfully fetched
[ 2026-08-05 23:51:57,399] 1025 httpx - INFO - HTTP Request: POST https://api.openai.com/v1/chat/completions "HTTP/1.1 200 OK"
[ 2026-08-05 23:51:57,427] 1735 langsmith.evaluation._runner - ERROR - Error running evaluator <DynamicRunEvaluator correctness> on run 019fd420-3989-7a61-ab09-bdd50a0f3da6: ValueError('Expected an EvaluationResult object, or dict with a metric \'key\' and optional \'score\' or categorical \'value\'; got {\'explanation\': "The student answer correctly identifies the \'Long tail\' problem as related to the vast number of possible prompts that a model may not have encountered during training. This aligns with the ground truth, which states that the space of possible prompts is too large for any model to have seen them all. The student also mentions that a system can handle a significant portion of common questions, which adds context but is not explicitly stated in the ground truth. However, the student introduces the idea of producing nonsensical answers and errors accumulating exponentially, which, while related to the implications of the Long tail problem, is not directly mentioned in the ground truth. This additional information does not conflict with the ground truth but rather extends it. Overall, the student answer is mostly correct and provides a good understanding of the concept, but the additional details about nonsensical answers and error accumulation are somewhat vague and not directly tied to the core definition of the Long tail problem. Therefore, I would assign a score of 8 for being mostly correct with minor issues in clarity and relevance.", \'correct\': True, \'grade\': 8, \'key\': \'correctness\'}')
Traceback (most recent call last):
  File "c:\Users\apaks\projects\YT-RAG\.venv\Lib\site-packages\langsmith\evaluation\_runner.py", line 1689, in _run_evaluators
    evaluator_response = evaluator.evaluate_run(  # type: ignore[call-arg]
        run=run,
        example=example,
        evaluator_run_id=evaluator_run_id,
    )
  File "c:\Users\apaks\projects\YT-RAG\.venv\Lib\site-packages\langsmith\evaluation\evaluator.py", line 375, in evaluate_run
    return self._format_result(result, evaluator_run_id)
           ~~~~~~~~~~~~~~~~~~~^^^^^^^^^^^^^^^^^^^^^^^^^^
  File "c:\Users\apaks\projects\YT-RAG\.venv\Lib\site-packages\langsmith\evaluation\evaluator.py", line 322, in _format_result
    return self._coerce_evaluation_results(result, source_run_id)
           ~~~~~~~~~~~~~~~~~~~~~~~~~~~~~~~^^^^^^^^^^^^^^^^^^^^^^^
  File "c:\Users\apaks\projects\YT-RAG\.venv\Lib\site-packages\langsmith\evaluation\evaluator.py", line 306, in _coerce_evaluation_results
    return self._coerce_evaluation_result(
           ~~~~~~~~~~~~~~~~~~~~~~~~~~~~~~^
        cast(dict, results), source_run_id=source_run_id, allow_no_key=True
        ^^^^^^^^^^^^^^^^^^^^^^^^^^^^^^^^^^^^^^^^^^^^^^^^^^^^^^^^^^^^^^^^^^^
    )
    ^
  File "c:\Users\apaks\projects\YT-RAG\.venv\Lib\site-packages\langsmith\evaluation\evaluator.py", line 282, in _coerce_evaluation_result
    raise ValueError(
    ...<2 lines>...
    )
ValueError: Expected an EvaluationResult object, or dict with a metric 'key' and optional 'score' or categorical 'value'; got {'explanation': "The student answer correctly identifies the 'Long tail' problem as related to the vast number of possible prompts that a model may not have encountered during training. This aligns with the ground truth, which states that the space of possible prompts is too large for any model to have seen them all. The student also mentions that a system can handle a significant portion of common questions, which adds context but is not explicitly stated in the ground truth. However, the student introduces the idea of producing nonsensical answers and errors accumulating exponentially, which, while related to the implications of the Long tail problem, is not directly mentioned in the ground truth. This additional information does not conflict with the ground truth but rather extends it. Overall, the student answer is mostly correct and provides a good understanding of the concept, but the additional details about nonsensical answers and error accumulation are somewhat vague and not directly tied to the core definition of the Long tail problem. Therefore, I would assign a score of 8 for being mostly correct with minor issues in clarity and relevance.", 'correct': True, 'grade': 8, 'key': 'correctness'}
[ 2026-08-05 23:52:00,822] 1025 httpx - INFO - HTTP Request: POST https://api.openai.com/v1/chat/completions "HTTP/1.1 200 OK"
[ 2026-08-05 23:52:00,832] 1735 langsmith.evaluation._runner - ERROR - Error running evaluator <DynamicRunEvaluator groundedness> on run 019fd420-3989-7a61-ab09-bdd50a0f3da6: ValueError('Expected an EvaluationResult object, or dict with a metric \'key\' and optional \'score\' or categorical \'value\'; got {\'grade\': 9, \'correct\': True, \'explanation\': "The student answer accurately captures the essence of the \'Long tail\' problem in prompt-based AI training as described in the FACTS. It correctly states that there is a vast number of possible prompts that have not been covered during training, which aligns with the FACTS that mention the tiny subset of prompts that have been used for training compared to the enormous set of all possible prompts. The student also notes that while a system can be fine-tuned to handle a significant portion of common questions (approximately 80%), there remains a large set of prompts that it cannot handle, which is consistent with the FACTS. Furthermore, the student mentions the increasing probability of producing nonsensical answers as the number of tokens increases, which reflects the discussion about errors accumulating exponentially. Overall, the answer is well-grounded in the provided FACTS, with no major unsupported claims or hallucinations, justifying a high score of 9.", \'key\': \'groundedness\'}')
Traceback (most recent call last):
  File "c:\Users\apaks\projects\YT-RAG\.venv\Lib\site-packages\langsmith\evaluation\_runner.py", line 1689, in _run_evaluators
    evaluator_response = evaluator.evaluate_run(  # type: ignore[call-arg]
        run=run,
        example=example,
        evaluator_run_id=evaluator_run_id,
    )
  File "c:\Users\apaks\projects\YT-RAG\.venv\Lib\site-packages\langsmith\evaluation\evaluator.py", line 375, in evaluate_run
    return self._format_result(result, evaluator_run_id)
           ~~~~~~~~~~~~~~~~~~~^^^^^^^^^^^^^^^^^^^^^^^^^^
  File "c:\Users\apaks\projects\YT-RAG\.venv\Lib\site-packages\langsmith\evaluation\evaluator.py", line 322, in _format_result
    return self._coerce_evaluation_results(result, source_run_id)
           ~~~~~~~~~~~~~~~~~~~~~~~~~~~~~~~^^^^^^^^^^^^^^^^^^^^^^^
  File "c:\Users\apaks\projects\YT-RAG\.venv\Lib\site-packages\langsmith\evaluation\evaluator.py", line 306, in _coerce_evaluation_results
    return self._coerce_evaluation_result(
           ~~~~~~~~~~~~~~~~~~~~~~~~~~~~~~^
        cast(dict, results), source_run_id=source_run_id, allow_no_key=True
        ^^^^^^^^^^^^^^^^^^^^^^^^^^^^^^^^^^^^^^^^^^^^^^^^^^^^^^^^^^^^^^^^^^^
    )
    ^
  File "c:\Users\apaks\projects\YT-RAG\.venv\Lib\site-packages\langsmith\evaluation\evaluator.py", line 282, in _coerce_evaluation_result
    raise ValueError(
    ...<2 lines>...
    )
ValueError: Expected an EvaluationResult object, or dict with a metric 'key' and optional 'score' or categorical 'value'; got {'grade': 9, 'correct': True, 'explanation': "The student answer accurately captures the essence of the 'Long tail' problem in prompt-based AI training as described in the FACTS. It correctly states that there is a vast number of possible prompts that have not been covered during training, which aligns with the FACTS that mention the tiny subset of prompts that have been used for training compared to the enormous set of all possible prompts. The student also notes that while a system can be fine-tuned to handle a significant portion of common questions (approximately 80%), there remains a large set of prompts that it cannot handle, which is consistent with the FACTS. Furthermore, the student mentions the increasing probability of producing nonsensical answers as the number of tokens increases, which reflects the discussion about errors accumulating exponentially. Overall, the answer is well-grounded in the provided FACTS, with no major unsupported claims or hallucinations, justifying a high score of 9.", 'key': 'groundedness'}
[ 2026-08-05 23:52:02,521] 1025 httpx - INFO - HTTP Request: POST https://api.openai.com/v1/chat/completions "HTTP/1.1 200 OK"
[ 2026-08-05 23:52:02,542] 1735 langsmith.evaluation._runner - ERROR - Error running evaluator <DynamicRunEvaluator relevance> on run 019fd420-3989-7a61-ab09-bdd50a0f3da6: ValueError('Expected an EvaluationResult object, or dict with a metric \'key\' and optional \'score\' or categorical \'value\'; got {\'grade\': 9, \'correct\': True, \'explanation\': "The student answer directly addresses the question about the \'Long tail\' problem in prompt-based AI training by explaining that it refers to the vast number of possible prompts that are not covered during training. The mention of the system being fine-tuned to handle common questions and the implications of untrained prompts leading to nonsensical answers is highly relevant. The answer is clear, focused, and provides meaningful insights into the problem, which justifies a high score. There are no significant digressions or irrelevant content, making it a strong response.", \'key\': \'relevance\'}')
Traceback (most recent call last):
  File "c:\Users\apaks\projects\YT-RAG\.venv\Lib\site-packages\langsmith\evaluation\_runner.py", line 1689, in _run_evaluators
    evaluator_response = evaluator.evaluate_run(  # type: ignore[call-arg]
        run=run,
        example=example,
        evaluator_run_id=evaluator_run_id,
    )
  File "c:\Users\apaks\projects\YT-RAG\.venv\Lib\site-packages\langsmith\evaluation\evaluator.py", line 375, in evaluate_run
    return self._format_result(result, evaluator_run_id)
           ~~~~~~~~~~~~~~~~~~~^^^^^^^^^^^^^^^^^^^^^^^^^^
  File "c:\Users\apaks\projects\YT-RAG\.venv\Lib\site-packages\langsmith\evaluation\evaluator.py", line 322, in _format_result
    return self._coerce_evaluation_results(result, source_run_id)
           ~~~~~~~~~~~~~~~~~~~~~~~~~~~~~~~^^^^^^^^^^^^^^^^^^^^^^^
  File "c:\Users\apaks\projects\YT-RAG\.venv\Lib\site-packages\langsmith\evaluation\evaluator.py", line 306, in _coerce_evaluation_results
    return self._coerce_evaluation_result(
           ~~~~~~~~~~~~~~~~~~~~~~~~~~~~~~^
        cast(dict, results), source_run_id=source_run_id, allow_no_key=True
        ^^^^^^^^^^^^^^^^^^^^^^^^^^^^^^^^^^^^^^^^^^^^^^^^^^^^^^^^^^^^^^^^^^^
    )
    ^
  File "c:\Users\apaks\projects\YT-RAG\.venv\Lib\site-packages\langsmith\evaluation\evaluator.py", line 282, in _coerce_evaluation_result
    raise ValueError(
    ...<2 lines>...
    )
ValueError: Expected an EvaluationResult object, or dict with a metric 'key' and optional 'score' or categorical 'value'; got {'grade': 9, 'correct': True, 'explanation': "The student answer directly addresses the question about the 'Long tail' problem in prompt-based AI training by explaining that it refers to the vast number of possible prompts that are not covered during training. The mention of the system being fine-tuned to handle common questions and the implications of untrained prompts leading to nonsensical answers is highly relevant. The answer is clear, focused, and provides meaningful insights into the problem, which justifies a high score. There are no significant digressions or irrelevant content, making it a strong response.", 'key': 'relevance'}
[ 2026-08-05 23:52:05,507] 1025 httpx - INFO - HTTP Request: POST https://api.openai.com/v1/chat/completions "HTTP/1.1 200 OK"
[ 2026-08-05 23:52:05,522] 1735 langsmith.evaluation._runner - ERROR - Error running evaluator <DynamicRunEvaluator retrieval_relevance> on run 019fd420-3989-7a61-ab09-bdd50a0f3da6: ValueError('Expected an EvaluationResult object, or dict with a metric \'key\' and optional \'score\' or categorical \'value\'; got {\'grade\': 8, \'correct\': True, \'explanation\': "The provided FACTS discuss the concept of the \'long tail\' in the context of AI training, specifically mentioning how there is a vast number of possible prompts that a system may encounter, most of which are not covered during training. This aligns directly with the QUESTION about the \'Long tail\' problem in prompt-based AI training. The FACTS explain that while a system can be fine-tuned to handle a significant portion of common prompts, the remaining \'long tail\' of less common prompts is so extensive that it cannot be fully addressed, leading to potential errors or nonsensical outputs. This demonstrates a clear understanding of the long tail problem, thus justifying a high relevance score.", \'key\': \'retrieval_relevance\'}')
Traceback (most recent call last):
  File "c:\Users\apaks\projects\YT-RAG\.venv\Lib\site-packages\langsmith\evaluation\_runner.py", line 1689, in _run_evaluators
    evaluator_response = evaluator.evaluate_run(  # type: ignore[call-arg]
        run=run,
        example=example,
        evaluator_run_id=evaluator_run_id,
    )
  File "c:\Users\apaks\projects\YT-RAG\.venv\Lib\site-packages\langsmith\evaluation\evaluator.py", line 375, in evaluate_run
    return self._format_result(result, evaluator_run_id)
           ~~~~~~~~~~~~~~~~~~~^^^^^^^^^^^^^^^^^^^^^^^^^^
  File "c:\Users\apaks\projects\YT-RAG\.venv\Lib\site-packages\langsmith\evaluation\evaluator.py", line 322, in _format_result
    return self._coerce_evaluation_results(result, source_run_id)
           ~~~~~~~~~~~~~~~~~~~~~~~~~~~~~~~^^^^^^^^^^^^^^^^^^^^^^^
  File "c:\Users\apaks\projects\YT-RAG\.venv\Lib\site-packages\langsmith\evaluation\evaluator.py", line 306, in _coerce_evaluation_results
    return self._coerce_evaluation_result(
           ~~~~~~~~~~~~~~~~~~~~~~~~~~~~~~^
        cast(dict, results), source_run_id=source_run_id, allow_no_key=True
        ^^^^^^^^^^^^^^^^^^^^^^^^^^^^^^^^^^^^^^^^^^^^^^^^^^^^^^^^^^^^^^^^^^^
    )
    ^
  File "c:\Users\apaks\projects\YT-RAG\.venv\Lib\site-packages\langsmith\evaluation\evaluator.py", line 282, in _coerce_evaluation_result
    raise ValueError(
    ...<2 lines>...
    )
ValueError: Expected an EvaluationResult object, or dict with a metric 'key' and optional 'score' or categorical 'value'; got {'grade': 8, 'correct': True, 'explanation': "The provided FACTS discuss the concept of the 'long tail' in the context of AI training, specifically mentioning how there is a vast number of possible prompts that a system may encounter, most of which are not covered during training. This aligns directly with the QUESTION about the 'Long tail' problem in prompt-based AI training. The FACTS explain that while a system can be fine-tuned to handle a significant portion of common prompts, the remaining 'long tail' of less common prompts is so extensive that it cannot be fully addressed, leading to potential errors or nonsensical outputs. This demonstrates a clear understanding of the long tail problem, thus justifying a high relevance score.", 'key': 'retrieval_relevance'}
[ 2026-08-05 23:52:05,530] 1735 langsmith.evaluation._runner - ERROR - Error running evaluator <DynamicRunEvaluator timestamp_error> on run 019fd420-3989-7a61-ab09-bdd50a0f3da6: TypeError("unsupported operand type(s) for -: 'RunTree' and 'Example'")
Traceback (most recent call last):
  File "c:\Users\apaks\projects\YT-RAG\.venv\Lib\site-packages\langsmith\evaluation\_runner.py", line 1689, in _run_evaluators
    evaluator_response = evaluator.evaluate_run(  # type: ignore[call-arg]
        run=run,
        example=example,
        evaluator_run_id=evaluator_run_id,
    )
  File "c:\Users\apaks\projects\YT-RAG\.venv\Lib\site-packages\langsmith\evaluation\evaluator.py", line 370, in evaluate_run
    result = self.func(
        run,
        example,
        langsmith_extra={"run_id": evaluator_run_id, "metadata": metadata},
    )
  File "c:\Users\apaks\projects\YT-RAG\.venv\Lib\site-packages\langsmith\run_helpers.py", line 777, in wrapper
    function_result = run_container["context"].run(
        func, *args, **kwargs
    )
  File "C:\Users\apaks\AppData\Local\Temp\ipykernel_11624\4279707790.py", line 2, in timestamp_error
    return abs(correct_ts - doc_ts)
               ~~~~~~~~~~~^~~~~~~~
TypeError: unsupported operand type(s) for -: 'RunTree' and 'Example'
[ 2026-08-05 23:52:05,546] 26 root - INFO - [INFO] Pickle file faiss_store\metadata.pkl loaded
[ 2026-08-05 23:52:05,546] 80 root - INFO - [INFO] Faiss index and Metadata loaded
[ 2026-08-05 23:52:05,546] 40 root - INFO - [INFO] Existing vetorstore loaded
[ 2026-08-05 23:52:05,549] 49 root - INFO - [INFO] OpenAI chat model initialised: gpt-4o-mini
[ 2026-08-05 23:52:05,550] 26 root - INFO - [INFO] Loading Embedding Model: text-embedding-3-large
[ 2026-08-05 23:52:07,220] 1025 httpx - INFO - HTTP Request: POST https://api.openai.com/v1/embeddings "HTTP/1.1 200 OK"
[ 2026-08-05 23:52:07,230] 64 root - INFO - [INFO] Query embedding generated for query: Why is video prediction more difficult than text prediction for generative models?. Query embedding dimension: (1, 3072)
[ 2026-08-05 23:52:07,236] 26 root - INFO - [INFO] Pickle file faiss_store\metadata.pkl loaded
[ 2026-08-05 23:52:07,236] 80 root - INFO - [INFO] Faiss index and Metadata loaded
[ 2026-08-05 23:52:07,237] 104 root - INFO - [INFO] Vectorestore search for nearest vectors completed for query embedding of dimension (1, 3072)
[ 2026-08-05 23:52:07,237] 84 root - INFO - [INFO] Query search completed. Relevant context extracted for query: Why is video prediction more difficult than text prediction for generative models?
[ 2026-08-05 23:52:07,238] 103 root - INFO - [INFO] Prompt with context and query loaded
[ 2026-08-05 23:52:09,241] 1025 httpx - INFO - HTTP Request: POST https://api.openai.com/v1/chat/completions "HTTP/1.1 200 OK"
[ 2026-08-05 23:52:09,254] 106 root - INFO - [INFO] Response generated by llm for the query: Why is video pr..
[ 2026-08-05 23:52:09,254] 115 root - INFO - [INFO] Fetching timestamps for the reveant chunks
[ 2026-08-05 23:52:09,255] 120 root - INFO - [INFO] Timestamps succesfully fetched
[ 2026-08-05 23:52:11,326] 1025 httpx - INFO - HTTP Request: POST https://api.openai.com/v1/chat/completions "HTTP/1.1 200 OK"
[ 2026-08-05 23:52:11,351] 1735 langsmith.evaluation._runner - ERROR - Error running evaluator <DynamicRunEvaluator correctness> on run 019fd420-7821-76b0-83e5-753378cd4d2b: ValueError('Expected an EvaluationResult object, or dict with a metric \'key\' and optional \'score\' or categorical \'value\'; got {\'explanation\': "The student answer correctly identifies that video is high dimensional and continuous, which aligns with the ground truth\'s assertion that video is more complex than text. The mention of the richness of information in video and the challenge of predicting distributions over frames is relevant and accurate. However, the student does not explicitly mention the need to understand physical laws, which is a key aspect of the ground truth. Despite this omission, the overall reasoning is sound and demonstrates a good understanding of the complexities involved in video prediction compared to text prediction. Therefore, the answer is mostly correct with minor omissions, leading to a score of 8.", \'correct\': True, \'grade\': 8, \'key\': \'correctness\'}')
Traceback (most recent call last):
  File "c:\Users\apaks\projects\YT-RAG\.venv\Lib\site-packages\langsmith\evaluation\_runner.py", line 1689, in _run_evaluators
    evaluator_response = evaluator.evaluate_run(  # type: ignore[call-arg]
        run=run,
        example=example,
        evaluator_run_id=evaluator_run_id,
    )
  File "c:\Users\apaks\projects\YT-RAG\.venv\Lib\site-packages\langsmith\evaluation\evaluator.py", line 375, in evaluate_run
    return self._format_result(result, evaluator_run_id)
           ~~~~~~~~~~~~~~~~~~~^^^^^^^^^^^^^^^^^^^^^^^^^^
  File "c:\Users\apaks\projects\YT-RAG\.venv\Lib\site-packages\langsmith\evaluation\evaluator.py", line 322, in _format_result
    return self._coerce_evaluation_results(result, source_run_id)
           ~~~~~~~~~~~~~~~~~~~~~~~~~~~~~~~^^^^^^^^^^^^^^^^^^^^^^^
  File "c:\Users\apaks\projects\YT-RAG\.venv\Lib\site-packages\langsmith\evaluation\evaluator.py", line 306, in _coerce_evaluation_results
    return self._coerce_evaluation_result(
           ~~~~~~~~~~~~~~~~~~~~~~~~~~~~~~^
        cast(dict, results), source_run_id=source_run_id, allow_no_key=True
        ^^^^^^^^^^^^^^^^^^^^^^^^^^^^^^^^^^^^^^^^^^^^^^^^^^^^^^^^^^^^^^^^^^^
    )
    ^
  File "c:\Users\apaks\projects\YT-RAG\.venv\Lib\site-packages\langsmith\evaluation\evaluator.py", line 282, in _coerce_evaluation_result
    raise ValueError(
    ...<2 lines>...
    )
ValueError: Expected an EvaluationResult object, or dict with a metric 'key' and optional 'score' or categorical 'value'; got {'explanation': "The student answer correctly identifies that video is high dimensional and continuous, which aligns with the ground truth's assertion that video is more complex than text. The mention of the richness of information in video and the challenge of predicting distributions over frames is relevant and accurate. However, the student does not explicitly mention the need to understand physical laws, which is a key aspect of the ground truth. Despite this omission, the overall reasoning is sound and demonstrates a good understanding of the complexities involved in video prediction compared to text prediction. Therefore, the answer is mostly correct with minor omissions, leading to a score of 8.", 'correct': True, 'grade': 8, 'key': 'correctness'}
[ 2026-08-05 23:52:13,535] 1025 httpx - INFO - HTTP Request: POST https://api.openai.com/v1/chat/completions "HTTP/1.1 200 OK"
[ 2026-08-05 23:52:13,560] 1735 langsmith.evaluation._runner - ERROR - Error running evaluator <DynamicRunEvaluator groundedness> on run 019fd420-7821-76b0-83e5-753378cd4d2b: ValueError("Expected an EvaluationResult object, or dict with a metric 'key' and optional 'score' or categorical 'value'; got {'grade': 9, 'correct': True, 'explanation': 'The student answer accurately reflects the key points made in the FACTS. It correctly identifies that video prediction is more challenging than text prediction due to the high dimensional and continuous nature of video compared to the discrete nature of text. The student also mentions the complexity and richness of information in video, which aligns with the FACTS stating that the world is more complicated in terms of information than text. Furthermore, the answer highlights the difficulty in predicting distributions over high dimensional continuous spaces, which is a central issue discussed in the FACTS. Overall, the answer is well-grounded, with no unsupported claims or hallucinations, thus justifying a high score.', 'key': 'groundedness'}")
Traceback (most recent call last):
  File "c:\Users\apaks\projects\YT-RAG\.venv\Lib\site-packages\langsmith\evaluation\_runner.py", line 1689, in _run_evaluators
    evaluator_response = evaluator.evaluate_run(  # type: ignore[call-arg]
        run=run,
        example=example,
        evaluator_run_id=evaluator_run_id,
    )
  File "c:\Users\apaks\projects\YT-RAG\.venv\Lib\site-packages\langsmith\evaluation\evaluator.py", line 375, in evaluate_run
    return self._format_result(result, evaluator_run_id)
           ~~~~~~~~~~~~~~~~~~~^^^^^^^^^^^^^^^^^^^^^^^^^^
  File "c:\Users\apaks\projects\YT-RAG\.venv\Lib\site-packages\langsmith\evaluation\evaluator.py", line 322, in _format_result
    return self._coerce_evaluation_results(result, source_run_id)
           ~~~~~~~~~~~~~~~~~~~~~~~~~~~~~~~^^^^^^^^^^^^^^^^^^^^^^^
  File "c:\Users\apaks\projects\YT-RAG\.venv\Lib\site-packages\langsmith\evaluation\evaluator.py", line 306, in _coerce_evaluation_results
    return self._coerce_evaluation_result(
           ~~~~~~~~~~~~~~~~~~~~~~~~~~~~~~^
        cast(dict, results), source_run_id=source_run_id, allow_no_key=True
        ^^^^^^^^^^^^^^^^^^^^^^^^^^^^^^^^^^^^^^^^^^^^^^^^^^^^^^^^^^^^^^^^^^^
    )
    ^
  File "c:\Users\apaks\projects\YT-RAG\.venv\Lib\site-packages\langsmith\evaluation\evaluator.py", line 282, in _coerce_evaluation_result
    raise ValueError(
    ...<2 lines>...
    )
ValueError: Expected an EvaluationResult object, or dict with a metric 'key' and optional 'score' or categorical 'value'; got {'grade': 9, 'correct': True, 'explanation': 'The student answer accurately reflects the key points made in the FACTS. It correctly identifies that video prediction is more challenging than text prediction due to the high dimensional and continuous nature of video compared to the discrete nature of text. The student also mentions the complexity and richness of information in video, which aligns with the FACTS stating that the world is more complicated in terms of information than text. Furthermore, the answer highlights the difficulty in predicting distributions over high dimensional continuous spaces, which is a central issue discussed in the FACTS. Overall, the answer is well-grounded, with no unsupported claims or hallucinations, thus justifying a high score.', 'key': 'groundedness'}
[ 2026-08-05 23:52:15,342] 1025 httpx - INFO - HTTP Request: POST https://api.openai.com/v1/chat/completions "HTTP/1.1 200 OK"
[ 2026-08-05 23:52:15,362] 1735 langsmith.evaluation._runner - ERROR - Error running evaluator <DynamicRunEvaluator relevance> on run 019fd420-7821-76b0-83e5-753378cd4d2b: ValueError("Expected an EvaluationResult object, or dict with a metric 'key' and optional 'score' or categorical 'value'; got {'grade': 9, 'correct': True, 'explanation': 'The student answer directly addresses the question by explaining why video prediction is more difficult than text prediction. It highlights key differences such as the high dimensionality and continuity of video compared to the discreteness of text. The mention of the complexity and richness of information in video adds depth to the explanation. Furthermore, the student discusses the challenge of predicting distributions over frames versus words, which is a crucial point in understanding the difficulty of video prediction. Overall, the answer is clear, focused, and provides meaningful insights, justifying a high score.', 'key': 'relevance'}")
Traceback (most recent call last):
  File "c:\Users\apaks\projects\YT-RAG\.venv\Lib\site-packages\langsmith\evaluation\_runner.py", line 1689, in _run_evaluators
    evaluator_response = evaluator.evaluate_run(  # type: ignore[call-arg]
        run=run,
        example=example,
        evaluator_run_id=evaluator_run_id,
    )
  File "c:\Users\apaks\projects\YT-RAG\.venv\Lib\site-packages\langsmith\evaluation\evaluator.py", line 375, in evaluate_run
    return self._format_result(result, evaluator_run_id)
           ~~~~~~~~~~~~~~~~~~~^^^^^^^^^^^^^^^^^^^^^^^^^^
  File "c:\Users\apaks\projects\YT-RAG\.venv\Lib\site-packages\langsmith\evaluation\evaluator.py", line 322, in _format_result
    return self._coerce_evaluation_results(result, source_run_id)
           ~~~~~~~~~~~~~~~~~~~~~~~~~~~~~~~^^^^^^^^^^^^^^^^^^^^^^^
  File "c:\Users\apaks\projects\YT-RAG\.venv\Lib\site-packages\langsmith\evaluation\evaluator.py", line 306, in _coerce_evaluation_results
    return self._coerce_evaluation_result(
           ~~~~~~~~~~~~~~~~~~~~~~~~~~~~~~^
        cast(dict, results), source_run_id=source_run_id, allow_no_key=True
        ^^^^^^^^^^^^^^^^^^^^^^^^^^^^^^^^^^^^^^^^^^^^^^^^^^^^^^^^^^^^^^^^^^^
    )
    ^
  File "c:\Users\apaks\projects\YT-RAG\.venv\Lib\site-packages\langsmith\evaluation\evaluator.py", line 282, in _coerce_evaluation_result
    raise ValueError(
    ...<2 lines>...
    )
ValueError: Expected an EvaluationResult object, or dict with a metric 'key' and optional 'score' or categorical 'value'; got {'grade': 9, 'correct': True, 'explanation': 'The student answer directly addresses the question by explaining why video prediction is more difficult than text prediction. It highlights key differences such as the high dimensionality and continuity of video compared to the discreteness of text. The mention of the complexity and richness of information in video adds depth to the explanation. Furthermore, the student discusses the challenge of predicting distributions over frames versus words, which is a crucial point in understanding the difficulty of video prediction. Overall, the answer is clear, focused, and provides meaningful insights, justifying a high score.', 'key': 'relevance'}
[ 2026-08-05 23:52:17,350] 1025 httpx - INFO - HTTP Request: POST https://api.openai.com/v1/chat/completions "HTTP/1.1 200 OK"
[ 2026-08-05 23:52:17,376] 1735 langsmith.evaluation._runner - ERROR - Error running evaluator <DynamicRunEvaluator retrieval_relevance> on run 019fd420-7821-76b0-83e5-753378cd4d2b: ValueError("Expected an EvaluationResult object, or dict with a metric 'key' and optional 'score' or categorical 'value'; got {'grade': 9, 'correct': True, 'explanation': 'The FACTS provided discuss the challenges of video prediction compared to text prediction in detail. They highlight that video is high dimensional and continuous, making it more complex than text, which is discrete. The text mentions the difficulty in predicting the distribution of frames in a video and the inability to represent all the details in a scene, which directly addresses the question of why video prediction is more difficult. Additionally, the text contrasts the success of language models (LLMs) in predicting text with the failures in video prediction, reinforcing the main point of the question. Overall, the content is highly relevant and provides substantial information related to the question.', 'key': 'retrieval_relevance'}")
Traceback (most recent call last):
  File "c:\Users\apaks\projects\YT-RAG\.venv\Lib\site-packages\langsmith\evaluation\_runner.py", line 1689, in _run_evaluators
    evaluator_response = evaluator.evaluate_run(  # type: ignore[call-arg]
        run=run,
        example=example,
        evaluator_run_id=evaluator_run_id,
    )
  File "c:\Users\apaks\projects\YT-RAG\.venv\Lib\site-packages\langsmith\evaluation\evaluator.py", line 375, in evaluate_run
    return self._format_result(result, evaluator_run_id)
           ~~~~~~~~~~~~~~~~~~~^^^^^^^^^^^^^^^^^^^^^^^^^^
  File "c:\Users\apaks\projects\YT-RAG\.venv\Lib\site-packages\langsmith\evaluation\evaluator.py", line 322, in _format_result
    return self._coerce_evaluation_results(result, source_run_id)
           ~~~~~~~~~~~~~~~~~~~~~~~~~~~~~~~^^^^^^^^^^^^^^^^^^^^^^^
  File "c:\Users\apaks\projects\YT-RAG\.venv\Lib\site-packages\langsmith\evaluation\evaluator.py", line 306, in _coerce_evaluation_results
    return self._coerce_evaluation_result(
           ~~~~~~~~~~~~~~~~~~~~~~~~~~~~~~^
        cast(dict, results), source_run_id=source_run_id, allow_no_key=True
        ^^^^^^^^^^^^^^^^^^^^^^^^^^^^^^^^^^^^^^^^^^^^^^^^^^^^^^^^^^^^^^^^^^^
    )
    ^
  File "c:\Users\apaks\projects\YT-RAG\.venv\Lib\site-packages\langsmith\evaluation\evaluator.py", line 282, in _coerce_evaluation_result
    raise ValueError(
    ...<2 lines>...
    )
ValueError: Expected an EvaluationResult object, or dict with a metric 'key' and optional 'score' or categorical 'value'; got {'grade': 9, 'correct': True, 'explanation': 'The FACTS provided discuss the challenges of video prediction compared to text prediction in detail. They highlight that video is high dimensional and continuous, making it more complex than text, which is discrete. The text mentions the difficulty in predicting the distribution of frames in a video and the inability to represent all the details in a scene, which directly addresses the question of why video prediction is more difficult. Additionally, the text contrasts the success of language models (LLMs) in predicting text with the failures in video prediction, reinforcing the main point of the question. Overall, the content is highly relevant and provides substantial information related to the question.', 'key': 'retrieval_relevance'}
[ 2026-08-05 23:52:17,391] 1735 langsmith.evaluation._runner - ERROR - Error running evaluator <DynamicRunEvaluator timestamp_error> on run 019fd420-7821-76b0-83e5-753378cd4d2b: TypeError("unsupported operand type(s) for -: 'RunTree' and 'Example'")
Traceback (most recent call last):
  File "c:\Users\apaks\projects\YT-RAG\.venv\Lib\site-packages\langsmith\evaluation\_runner.py", line 1689, in _run_evaluators
    evaluator_response = evaluator.evaluate_run(  # type: ignore[call-arg]
        run=run,
        example=example,
        evaluator_run_id=evaluator_run_id,
    )
  File "c:\Users\apaks\projects\YT-RAG\.venv\Lib\site-packages\langsmith\evaluation\evaluator.py", line 370, in evaluate_run
    result = self.func(
        run,
        example,
        langsmith_extra={"run_id": evaluator_run_id, "metadata": metadata},
    )
  File "c:\Users\apaks\projects\YT-RAG\.venv\Lib\site-packages\langsmith\run_helpers.py", line 777, in wrapper
    function_result = run_container["context"].run(
        func, *args, **kwargs
    )
  File "C:\Users\apaks\AppData\Local\Temp\ipykernel_11624\4279707790.py", line 2, in timestamp_error
    return abs(correct_ts - doc_ts)
               ~~~~~~~~~~~^~~~~~~~
TypeError: unsupported operand type(s) for -: 'RunTree' and 'Example'
[ 2026-08-05 23:52:17,429] 26 root - INFO - [INFO] Pickle file faiss_store\metadata.pkl loaded
[ 2026-08-05 23:52:17,429] 80 root - INFO - [INFO] Faiss index and Metadata loaded
[ 2026-08-05 23:52:17,430] 40 root - INFO - [INFO] Existing vetorstore loaded
[ 2026-08-05 23:52:17,441] 49 root - INFO - [INFO] OpenAI chat model initialised: gpt-4o-mini
[ 2026-08-05 23:52:17,441] 26 root - INFO - [INFO] Loading Embedding Model: text-embedding-3-large
[ 2026-08-05 23:52:18,988] 1025 httpx - INFO - HTTP Request: POST https://api.openai.com/v1/embeddings "HTTP/1.1 200 OK"
[ 2026-08-05 23:52:18,997] 64 root - INFO - [INFO] Query embedding generated for query: What role did self-supervised learning play in the success of LLMs?. Query embedding dimension: (1, 3072)
[ 2026-08-05 23:52:19,004] 26 root - INFO - [INFO] Pickle file faiss_store\metadata.pkl loaded
[ 2026-08-05 23:52:19,005] 80 root - INFO - [INFO] Faiss index and Metadata loaded
[ 2026-08-05 23:52:19,007] 104 root - INFO - [INFO] Vectorestore search for nearest vectors completed for query embedding of dimension (1, 3072)
[ 2026-08-05 23:52:19,007] 84 root - INFO - [INFO] Query search completed. Relevant context extracted for query: What role did self-supervised learning play in the success of LLMs?
[ 2026-08-05 23:52:19,010] 103 root - INFO - [INFO] Prompt with context and query loaded
[ 2026-08-05 23:52:20,897] 1025 httpx - INFO - HTTP Request: POST https://api.openai.com/v1/chat/completions "HTTP/1.1 200 OK"
[ 2026-08-05 23:52:20,905] 106 root - INFO - [INFO] Response generated by llm for the query: What role did s..
[ 2026-08-05 23:52:20,905] 115 root - INFO - [INFO] Fetching timestamps for the reveant chunks
[ 2026-08-05 23:52:20,905] 120 root - INFO - [INFO] Timestamps succesfully fetched
[ 2026-08-05 23:52:22,958] 1025 httpx - INFO - HTTP Request: POST https://api.openai.com/v1/chat/completions "HTTP/1.1 200 OK"
[ 2026-08-05 23:52:22,973] 1735 langsmith.evaluation._runner - ERROR - Error running evaluator <DynamicRunEvaluator correctness> on run 019fd420-a67e-7a92-b370-a2f48f4590ed: ValueError('Expected an EvaluationResult object, or dict with a metric \'key\' and optional \'score\' or categorical \'value\'; got {\'explanation\': "The student answer accurately describes the role of self-supervised learning in the context of LLMs. It correctly states that self-supervised learning allows LLMs to learn from large amounts of unlabeled data, which aligns with the ground truth\'s emphasis on capturing the internal structure of data without task-specific labels. The student also elaborates on the method of corrupting text and predicting missing words, which is a valid example of self-supervised learning techniques used in LLMs. This additional detail enhances the answer without introducing any conflicting information. Overall, the student answer is fully correct and closely matches the ground truth, warranting a high score.", \'correct\': True, \'grade\': 10, \'key\': \'correctness\'}')
Traceback (most recent call last):
  File "c:\Users\apaks\projects\YT-RAG\.venv\Lib\site-packages\langsmith\evaluation\_runner.py", line 1689, in _run_evaluators
    evaluator_response = evaluator.evaluate_run(  # type: ignore[call-arg]
        run=run,
        example=example,
        evaluator_run_id=evaluator_run_id,
    )
  File "c:\Users\apaks\projects\YT-RAG\.venv\Lib\site-packages\langsmith\evaluation\evaluator.py", line 375, in evaluate_run
    return self._format_result(result, evaluator_run_id)
           ~~~~~~~~~~~~~~~~~~~^^^^^^^^^^^^^^^^^^^^^^^^^^
  File "c:\Users\apaks\projects\YT-RAG\.venv\Lib\site-packages\langsmith\evaluation\evaluator.py", line 322, in _format_result
    return self._coerce_evaluation_results(result, source_run_id)
           ~~~~~~~~~~~~~~~~~~~~~~~~~~~~~~~^^^^^^^^^^^^^^^^^^^^^^^
  File "c:\Users\apaks\projects\YT-RAG\.venv\Lib\site-packages\langsmith\evaluation\evaluator.py", line 306, in _coerce_evaluation_results
    return self._coerce_evaluation_result(
           ~~~~~~~~~~~~~~~~~~~~~~~~~~~~~~^
        cast(dict, results), source_run_id=source_run_id, allow_no_key=True
        ^^^^^^^^^^^^^^^^^^^^^^^^^^^^^^^^^^^^^^^^^^^^^^^^^^^^^^^^^^^^^^^^^^^
    )
    ^
  File "c:\Users\apaks\projects\YT-RAG\.venv\Lib\site-packages\langsmith\evaluation\evaluator.py", line 282, in _coerce_evaluation_result
    raise ValueError(
    ...<2 lines>...
    )
ValueError: Expected an EvaluationResult object, or dict with a metric 'key' and optional 'score' or categorical 'value'; got {'explanation': "The student answer accurately describes the role of self-supervised learning in the context of LLMs. It correctly states that self-supervised learning allows LLMs to learn from large amounts of unlabeled data, which aligns with the ground truth's emphasis on capturing the internal structure of data without task-specific labels. The student also elaborates on the method of corrupting text and predicting missing words, which is a valid example of self-supervised learning techniques used in LLMs. This additional detail enhances the answer without introducing any conflicting information. Overall, the student answer is fully correct and closely matches the ground truth, warranting a high score.", 'correct': True, 'grade': 10, 'key': 'correctness'}
[ 2026-08-05 23:52:25,187] 1025 httpx - INFO - HTTP Request: POST https://api.openai.com/v1/chat/completions "HTTP/1.1 200 OK"
[ 2026-08-05 23:52:25,225] 1735 langsmith.evaluation._runner - ERROR - Error running evaluator <DynamicRunEvaluator groundedness> on run 019fd420-a67e-7a92-b370-a2f48f4590ed: ValueError("Expected an EvaluationResult object, or dict with a metric 'key' and optional 'score' or categorical 'value'; got {'grade': 9, 'correct': True, 'explanation': 'The student answer accurately captures the essence of self-supervised learning as described in the FACTS. It correctly states that self-supervised learning allows LLMs to learn from large amounts of unlabeled data and explains the process of corrupting text by removing words and training a neural network to predict the missing words. This aligns with the FACTS, which emphasize the importance of self-supervised learning in understanding language and generating text. The answer does not introduce any unsupported claims and is clearly expressed, making it well-grounded in the provided information.', 'key': 'groundedness'}")
Traceback (most recent call last):
  File "c:\Users\apaks\projects\YT-RAG\.venv\Lib\site-packages\langsmith\evaluation\_runner.py", line 1689, in _run_evaluators
    evaluator_response = evaluator.evaluate_run(  # type: ignore[call-arg]
        run=run,
        example=example,
        evaluator_run_id=evaluator_run_id,
    )
  File "c:\Users\apaks\projects\YT-RAG\.venv\Lib\site-packages\langsmith\evaluation\evaluator.py", line 375, in evaluate_run
    return self._format_result(result, evaluator_run_id)
           ~~~~~~~~~~~~~~~~~~~^^^^^^^^^^^^^^^^^^^^^^^^^^
  File "c:\Users\apaks\projects\YT-RAG\.venv\Lib\site-packages\langsmith\evaluation\evaluator.py", line 322, in _format_result
    return self._coerce_evaluation_results(result, source_run_id)
           ~~~~~~~~~~~~~~~~~~~~~~~~~~~~~~~^^^^^^^^^^^^^^^^^^^^^^^
  File "c:\Users\apaks\projects\YT-RAG\.venv\Lib\site-packages\langsmith\evaluation\evaluator.py", line 306, in _coerce_evaluation_results
    return self._coerce_evaluation_result(
           ~~~~~~~~~~~~~~~~~~~~~~~~~~~~~~^
        cast(dict, results), source_run_id=source_run_id, allow_no_key=True
        ^^^^^^^^^^^^^^^^^^^^^^^^^^^^^^^^^^^^^^^^^^^^^^^^^^^^^^^^^^^^^^^^^^^
    )
    ^
  File "c:\Users\apaks\projects\YT-RAG\.venv\Lib\site-packages\langsmith\evaluation\evaluator.py", line 282, in _coerce_evaluation_result
    raise ValueError(
    ...<2 lines>...
    )
ValueError: Expected an EvaluationResult object, or dict with a metric 'key' and optional 'score' or categorical 'value'; got {'grade': 9, 'correct': True, 'explanation': 'The student answer accurately captures the essence of self-supervised learning as described in the FACTS. It correctly states that self-supervised learning allows LLMs to learn from large amounts of unlabeled data and explains the process of corrupting text by removing words and training a neural network to predict the missing words. This aligns with the FACTS, which emphasize the importance of self-supervised learning in understanding language and generating text. The answer does not introduce any unsupported claims and is clearly expressed, making it well-grounded in the provided information.', 'key': 'groundedness'}
[ 2026-08-05 23:52:27,535] 1025 httpx - INFO - HTTP Request: POST https://api.openai.com/v1/chat/completions "HTTP/1.1 200 OK"
[ 2026-08-05 23:52:27,575] 1735 langsmith.evaluation._runner - ERROR - Error running evaluator <DynamicRunEvaluator relevance> on run 019fd420-a67e-7a92-b370-a2f48f4590ed: ValueError("Expected an EvaluationResult object, or dict with a metric 'key' and optional 'score' or categorical 'value'; got {'grade': 9, 'correct': True, 'explanation': 'The student answer directly addresses the question by explaining the role of self-supervised learning in the success of LLMs (Large Language Models). It clearly states that self-supervised learning allows LLMs to learn from large amounts of unlabeled data, which is a key aspect of their training. The explanation of the process—corrupting text and predicting missing words—provides a concrete example of how this learning method works. Additionally, the answer highlights the effectiveness of self-supervised learning for language understanding and generation, which is relevant to the success of LLMs. Overall, the answer is focused, concise, and provides meaningful information that directly relates to the question, justifying a high score.', 'key': 'relevance'}")
Traceback (most recent call last):
  File "c:\Users\apaks\projects\YT-RAG\.venv\Lib\site-packages\langsmith\evaluation\_runner.py", line 1689, in _run_evaluators
    evaluator_response = evaluator.evaluate_run(  # type: ignore[call-arg]
        run=run,
        example=example,
        evaluator_run_id=evaluator_run_id,
    )
  File "c:\Users\apaks\projects\YT-RAG\.venv\Lib\site-packages\langsmith\evaluation\evaluator.py", line 375, in evaluate_run
    return self._format_result(result, evaluator_run_id)
           ~~~~~~~~~~~~~~~~~~~^^^^^^^^^^^^^^^^^^^^^^^^^^
  File "c:\Users\apaks\projects\YT-RAG\.venv\Lib\site-packages\langsmith\evaluation\evaluator.py", line 322, in _format_result
    return self._coerce_evaluation_results(result, source_run_id)
           ~~~~~~~~~~~~~~~~~~~~~~~~~~~~~~~^^^^^^^^^^^^^^^^^^^^^^^
  File "c:\Users\apaks\projects\YT-RAG\.venv\Lib\site-packages\langsmith\evaluation\evaluator.py", line 306, in _coerce_evaluation_results
    return self._coerce_evaluation_result(
           ~~~~~~~~~~~~~~~~~~~~~~~~~~~~~~^
        cast(dict, results), source_run_id=source_run_id, allow_no_key=True
        ^^^^^^^^^^^^^^^^^^^^^^^^^^^^^^^^^^^^^^^^^^^^^^^^^^^^^^^^^^^^^^^^^^^
    )
    ^
  File "c:\Users\apaks\projects\YT-RAG\.venv\Lib\site-packages\langsmith\evaluation\evaluator.py", line 282, in _coerce_evaluation_result
    raise ValueError(
    ...<2 lines>...
    )
ValueError: Expected an EvaluationResult object, or dict with a metric 'key' and optional 'score' or categorical 'value'; got {'grade': 9, 'correct': True, 'explanation': 'The student answer directly addresses the question by explaining the role of self-supervised learning in the success of LLMs (Large Language Models). It clearly states that self-supervised learning allows LLMs to learn from large amounts of unlabeled data, which is a key aspect of their training. The explanation of the process—corrupting text and predicting missing words—provides a concrete example of how this learning method works. Additionally, the answer highlights the effectiveness of self-supervised learning for language understanding and generation, which is relevant to the success of LLMs. Overall, the answer is focused, concise, and provides meaningful information that directly relates to the question, justifying a high score.', 'key': 'relevance'}
[ 2026-08-05 23:52:30,042] 1025 httpx - INFO - HTTP Request: POST https://api.openai.com/v1/chat/completions "HTTP/1.1 200 OK"
[ 2026-08-05 23:52:30,069] 1735 langsmith.evaluation._runner - ERROR - Error running evaluator <DynamicRunEvaluator retrieval_relevance> on run 019fd420-a67e-7a92-b370-a2f48f4590ed: ValueError("Expected an EvaluationResult object, or dict with a metric 'key' and optional 'score' or categorical 'value'; got {'grade': 10, 'correct': True, 'explanation': 'The provided FACTS are highly relevant to the QUESTION regarding the role of self-supervised learning in the success of LLMs (Large Language Models). The text discusses self-supervised learning extensively, explaining how it captures the internal structure of data without task-specific training. It highlights the importance of self-supervised learning in the development of multilingual translation systems and speech recognition technologies, which are key applications of LLMs. The mention of autoregressive models and their training process, which relies on self-supervised learning techniques, directly addresses the QUESTION. Additionally, the text references the historical context and advancements in self-supervised learning, further solidifying its relevance. Overall, the FACTS provide a comprehensive overview of how self-supervised learning has been instrumental in the success of LLMs, justifying a score of 10 and confirming the relevance as true.', 'key': 'retrieval_relevance'}")
Traceback (most recent call last):
  File "c:\Users\apaks\projects\YT-RAG\.venv\Lib\site-packages\langsmith\evaluation\_runner.py", line 1689, in _run_evaluators
    evaluator_response = evaluator.evaluate_run(  # type: ignore[call-arg]
        run=run,
        example=example,
        evaluator_run_id=evaluator_run_id,
    )
  File "c:\Users\apaks\projects\YT-RAG\.venv\Lib\site-packages\langsmith\evaluation\evaluator.py", line 375, in evaluate_run
    return self._format_result(result, evaluator_run_id)
           ~~~~~~~~~~~~~~~~~~~^^^^^^^^^^^^^^^^^^^^^^^^^^
  File "c:\Users\apaks\projects\YT-RAG\.venv\Lib\site-packages\langsmith\evaluation\evaluator.py", line 322, in _format_result
    return self._coerce_evaluation_results(result, source_run_id)
           ~~~~~~~~~~~~~~~~~~~~~~~~~~~~~~~^^^^^^^^^^^^^^^^^^^^^^^
  File "c:\Users\apaks\projects\YT-RAG\.venv\Lib\site-packages\langsmith\evaluation\evaluator.py", line 306, in _coerce_evaluation_results
    return self._coerce_evaluation_result(
           ~~~~~~~~~~~~~~~~~~~~~~~~~~~~~~^
        cast(dict, results), source_run_id=source_run_id, allow_no_key=True
        ^^^^^^^^^^^^^^^^^^^^^^^^^^^^^^^^^^^^^^^^^^^^^^^^^^^^^^^^^^^^^^^^^^^
    )
    ^
  File "c:\Users\apaks\projects\YT-RAG\.venv\Lib\site-packages\langsmith\evaluation\evaluator.py", line 282, in _coerce_evaluation_result
    raise ValueError(
    ...<2 lines>...
    )
ValueError: Expected an EvaluationResult object, or dict with a metric 'key' and optional 'score' or categorical 'value'; got {'grade': 10, 'correct': True, 'explanation': 'The provided FACTS are highly relevant to the QUESTION regarding the role of self-supervised learning in the success of LLMs (Large Language Models). The text discusses self-supervised learning extensively, explaining how it captures the internal structure of data without task-specific training. It highlights the importance of self-supervised learning in the development of multilingual translation systems and speech recognition technologies, which are key applications of LLMs. The mention of autoregressive models and their training process, which relies on self-supervised learning techniques, directly addresses the QUESTION. Additionally, the text references the historical context and advancements in self-supervised learning, further solidifying its relevance. Overall, the FACTS provide a comprehensive overview of how self-supervised learning has been instrumental in the success of LLMs, justifying a score of 10 and confirming the relevance as true.', 'key': 'retrieval_relevance'}
[ 2026-08-05 23:52:30,088] 1735 langsmith.evaluation._runner - ERROR - Error running evaluator <DynamicRunEvaluator timestamp_error> on run 019fd420-a67e-7a92-b370-a2f48f4590ed: TypeError("unsupported operand type(s) for -: 'RunTree' and 'Example'")
Traceback (most recent call last):
  File "c:\Users\apaks\projects\YT-RAG\.venv\Lib\site-packages\langsmith\evaluation\_runner.py", line 1689, in _run_evaluators
    evaluator_response = evaluator.evaluate_run(  # type: ignore[call-arg]
        run=run,
        example=example,
        evaluator_run_id=evaluator_run_id,
    )
  File "c:\Users\apaks\projects\YT-RAG\.venv\Lib\site-packages\langsmith\evaluation\evaluator.py", line 370, in evaluate_run
    result = self.func(
        run,
        example,
        langsmith_extra={"run_id": evaluator_run_id, "metadata": metadata},
    )
  File "c:\Users\apaks\projects\YT-RAG\.venv\Lib\site-packages\langsmith\run_helpers.py", line 777, in wrapper
    function_result = run_container["context"].run(
        func, *args, **kwargs
    )
  File "C:\Users\apaks\AppData\Local\Temp\ipykernel_11624\4279707790.py", line 2, in timestamp_error
    return abs(correct_ts - doc_ts)
               ~~~~~~~~~~~^~~~~~~~
TypeError: unsupported operand type(s) for -: 'RunTree' and 'Example'
[ 2026-08-05 23:52:30,125] 26 root - INFO - [INFO] Pickle file faiss_store\metadata.pkl loaded
[ 2026-08-05 23:52:30,127] 80 root - INFO - [INFO] Faiss index and Metadata loaded
[ 2026-08-05 23:52:30,133] 40 root - INFO - [INFO] Existing vetorstore loaded
[ 2026-08-05 23:52:30,140] 49 root - INFO - [INFO] OpenAI chat model initialised: gpt-4o-mini
[ 2026-08-05 23:52:30,140] 26 root - INFO - [INFO] Loading Embedding Model: text-embedding-3-large
[ 2026-08-05 23:52:31,926] 1025 httpx - INFO - HTTP Request: POST https://api.openai.com/v1/embeddings "HTTP/1.1 200 OK"
[ 2026-08-05 23:52:31,928] 64 root - INFO - [INFO] Query embedding generated for query: Why LLMs cannot truly reason or plan as per LeCun?. Query embedding dimension: (1, 3072)
[ 2026-08-05 23:52:31,930] 26 root - INFO - [INFO] Pickle file faiss_store\metadata.pkl loaded
[ 2026-08-05 23:52:31,930] 80 root - INFO - [INFO] Faiss index and Metadata loaded
[ 2026-08-05 23:52:31,930] 104 root - INFO - [INFO] Vectorestore search for nearest vectors completed for query embedding of dimension (1, 3072)
[ 2026-08-05 23:52:31,931] 84 root - INFO - [INFO] Query search completed. Relevant context extracted for query: Why LLMs cannot truly reason or plan as per LeCun?
[ 2026-08-05 23:52:31,932] 103 root - INFO - [INFO] Prompt with context and query loaded
[ 2026-08-05 23:52:33,575] 1025 httpx - INFO - HTTP Request: POST https://api.openai.com/v1/chat/completions "HTTP/1.1 200 OK"
[ 2026-08-05 23:52:33,584] 106 root - INFO - [INFO] Response generated by llm for the query: Why LLMs cannot..
[ 2026-08-05 23:52:33,584] 115 root - INFO - [INFO] Fetching timestamps for the reveant chunks
[ 2026-08-05 23:52:33,584] 120 root - INFO - [INFO] Timestamps succesfully fetched
[ 2026-08-05 23:52:35,887] 1025 httpx - INFO - HTTP Request: POST https://api.openai.com/v1/chat/completions "HTTP/1.1 200 OK"
[ 2026-08-05 23:52:35,907] 1735 langsmith.evaluation._runner - ERROR - Error running evaluator <DynamicRunEvaluator correctness> on run 019fd420-d81e-7c31-97a6-3ff098c09f99: ValueError("Expected an EvaluationResult object, or dict with a metric 'key' and optional 'score' or categorical 'value'; got {'explanation': 'The student answer provides a detailed explanation of why LLMs cannot truly reason or plan, referencing characteristics such as understanding the physical world, persistent memory, and the primitive nature of their reasoning capabilities. However, it diverges from the ground truth by introducing concepts not mentioned in the original answer, such as the lack of understanding of the physical world and persistent memory. The ground truth specifically states that LLMs produce tokens based on training statistics without planning their responses, which is not directly addressed in the student answer. While the student answer contains some correct elements about the limitations of LLMs, it also introduces additional information that is not aligned with the ground truth, leading to a lower score. Therefore, the answer is partially correct but contains significant gaps and additional, potentially misleading information.', 'correct': False, 'grade': 5, 'key': 'correctness'}")
Traceback (most recent call last):
  File "c:\Users\apaks\projects\YT-RAG\.venv\Lib\site-packages\langsmith\evaluation\_runner.py", line 1689, in _run_evaluators
    evaluator_response = evaluator.evaluate_run(  # type: ignore[call-arg]
        run=run,
        example=example,
        evaluator_run_id=evaluator_run_id,
    )
  File "c:\Users\apaks\projects\YT-RAG\.venv\Lib\site-packages\langsmith\evaluation\evaluator.py", line 375, in evaluate_run
    return self._format_result(result, evaluator_run_id)
           ~~~~~~~~~~~~~~~~~~~^^^^^^^^^^^^^^^^^^^^^^^^^^
  File "c:\Users\apaks\projects\YT-RAG\.venv\Lib\site-packages\langsmith\evaluation\evaluator.py", line 322, in _format_result
    return self._coerce_evaluation_results(result, source_run_id)
           ~~~~~~~~~~~~~~~~~~~~~~~~~~~~~~~^^^^^^^^^^^^^^^^^^^^^^^
  File "c:\Users\apaks\projects\YT-RAG\.venv\Lib\site-packages\langsmith\evaluation\evaluator.py", line 306, in _coerce_evaluation_results
    return self._coerce_evaluation_result(
           ~~~~~~~~~~~~~~~~~~~~~~~~~~~~~~^
        cast(dict, results), source_run_id=source_run_id, allow_no_key=True
        ^^^^^^^^^^^^^^^^^^^^^^^^^^^^^^^^^^^^^^^^^^^^^^^^^^^^^^^^^^^^^^^^^^^
    )
    ^
  File "c:\Users\apaks\projects\YT-RAG\.venv\Lib\site-packages\langsmith\evaluation\evaluator.py", line 282, in _coerce_evaluation_result
    raise ValueError(
    ...<2 lines>...
    )
ValueError: Expected an EvaluationResult object, or dict with a metric 'key' and optional 'score' or categorical 'value'; got {'explanation': 'The student answer provides a detailed explanation of why LLMs cannot truly reason or plan, referencing characteristics such as understanding the physical world, persistent memory, and the primitive nature of their reasoning capabilities. However, it diverges from the ground truth by introducing concepts not mentioned in the original answer, such as the lack of understanding of the physical world and persistent memory. The ground truth specifically states that LLMs produce tokens based on training statistics without planning their responses, which is not directly addressed in the student answer. While the student answer contains some correct elements about the limitations of LLMs, it also introduces additional information that is not aligned with the ground truth, leading to a lower score. Therefore, the answer is partially correct but contains significant gaps and additional, potentially misleading information.', 'correct': False, 'grade': 5, 'key': 'correctness'}
[ 2026-08-05 23:52:38,574] 1025 httpx - INFO - HTTP Request: POST https://api.openai.com/v1/chat/completions "HTTP/1.1 200 OK"
[ 2026-08-05 23:52:38,598] 1735 langsmith.evaluation._runner - ERROR - Error running evaluator <DynamicRunEvaluator groundedness> on run 019fd420-d81e-7c31-97a6-3ff098c09f99: ValueError('Expected an EvaluationResult object, or dict with a metric \'key\' and optional \'score\' or categorical \'value\'; got {\'grade\': 9, \'correct\': True, \'explanation\': "The student answer accurately reflects the key points made by Yann LeCun regarding the limitations of large language models (LLMs). It correctly states that LLMs lack essential characteristics of intelligent behavior, such as understanding the physical world, persistent memory, and the ability to reason and plan. The mention of their primitive reasoning capabilities and the constant computation devoted to producing answers aligns well with LeCun\'s statements about how LLMs operate. The answer does not introduce any unsupported claims or hallucinations, and it captures the essence of LeCun\'s critique of LLMs as not being able to adjust their understanding based on the complexity of questions, which is a fundamental aspect of human reasoning. Therefore, the answer is well-grounded in the provided facts.", \'key\': \'groundedness\'}')
Traceback (most recent call last):
  File "c:\Users\apaks\projects\YT-RAG\.venv\Lib\site-packages\langsmith\evaluation\_runner.py", line 1689, in _run_evaluators
    evaluator_response = evaluator.evaluate_run(  # type: ignore[call-arg]
        run=run,
        example=example,
        evaluator_run_id=evaluator_run_id,
    )
  File "c:\Users\apaks\projects\YT-RAG\.venv\Lib\site-packages\langsmith\evaluation\evaluator.py", line 375, in evaluate_run
    return self._format_result(result, evaluator_run_id)
           ~~~~~~~~~~~~~~~~~~~^^^^^^^^^^^^^^^^^^^^^^^^^^
  File "c:\Users\apaks\projects\YT-RAG\.venv\Lib\site-packages\langsmith\evaluation\evaluator.py", line 322, in _format_result
    return self._coerce_evaluation_results(result, source_run_id)
           ~~~~~~~~~~~~~~~~~~~~~~~~~~~~~~~^^^^^^^^^^^^^^^^^^^^^^^
  File "c:\Users\apaks\projects\YT-RAG\.venv\Lib\site-packages\langsmith\evaluation\evaluator.py", line 306, in _coerce_evaluation_results
    return self._coerce_evaluation_result(
           ~~~~~~~~~~~~~~~~~~~~~~~~~~~~~~^
        cast(dict, results), source_run_id=source_run_id, allow_no_key=True
        ^^^^^^^^^^^^^^^^^^^^^^^^^^^^^^^^^^^^^^^^^^^^^^^^^^^^^^^^^^^^^^^^^^^
    )
    ^
  File "c:\Users\apaks\projects\YT-RAG\.venv\Lib\site-packages\langsmith\evaluation\evaluator.py", line 282, in _coerce_evaluation_result
    raise ValueError(
    ...<2 lines>...
    )
ValueError: Expected an EvaluationResult object, or dict with a metric 'key' and optional 'score' or categorical 'value'; got {'grade': 9, 'correct': True, 'explanation': "The student answer accurately reflects the key points made by Yann LeCun regarding the limitations of large language models (LLMs). It correctly states that LLMs lack essential characteristics of intelligent behavior, such as understanding the physical world, persistent memory, and the ability to reason and plan. The mention of their primitive reasoning capabilities and the constant computation devoted to producing answers aligns well with LeCun's statements about how LLMs operate. The answer does not introduce any unsupported claims or hallucinations, and it captures the essence of LeCun's critique of LLMs as not being able to adjust their understanding based on the complexity of questions, which is a fundamental aspect of human reasoning. Therefore, the answer is well-grounded in the provided facts.", 'key': 'groundedness'}
[ 2026-08-05 23:52:40,720] 1025 httpx - INFO - HTTP Request: POST https://api.openai.com/v1/chat/completions "HTTP/1.1 200 OK"
[ 2026-08-05 23:52:40,741] 1735 langsmith.evaluation._runner - ERROR - Error running evaluator <DynamicRunEvaluator relevance> on run 019fd420-d81e-7c31-97a6-3ff098c09f99: ValueError('Expected an EvaluationResult object, or dict with a metric \'key\' and optional \'score\' or categorical \'value\'; got {\'grade\': 9, \'correct\': True, \'explanation\': "The student answer directly addresses the question by explaining why LLMs cannot truly reason or plan according to Yann LeCun. It mentions specific characteristics that LLMs lack, such as understanding the physical world, persistent memory, and the ability to reason and plan, which are all relevant to the question. The answer is clear and focused, providing a concise explanation of the limitations of LLMs in the context of reasoning and planning. The only minor point is that it could have included a direct quote or more specific reference to LeCun\'s work, but overall, it effectively conveys the main ideas. Therefore, it scores a 9 for relevance.", \'key\': \'relevance\'}')
Traceback (most recent call last):
  File "c:\Users\apaks\projects\YT-RAG\.venv\Lib\site-packages\langsmith\evaluation\_runner.py", line 1689, in _run_evaluators
    evaluator_response = evaluator.evaluate_run(  # type: ignore[call-arg]
        run=run,
        example=example,
        evaluator_run_id=evaluator_run_id,
    )
  File "c:\Users\apaks\projects\YT-RAG\.venv\Lib\site-packages\langsmith\evaluation\evaluator.py", line 375, in evaluate_run
    return self._format_result(result, evaluator_run_id)
           ~~~~~~~~~~~~~~~~~~~^^^^^^^^^^^^^^^^^^^^^^^^^^
  File "c:\Users\apaks\projects\YT-RAG\.venv\Lib\site-packages\langsmith\evaluation\evaluator.py", line 322, in _format_result
    return self._coerce_evaluation_results(result, source_run_id)
           ~~~~~~~~~~~~~~~~~~~~~~~~~~~~~~~^^^^^^^^^^^^^^^^^^^^^^^
  File "c:\Users\apaks\projects\YT-RAG\.venv\Lib\site-packages\langsmith\evaluation\evaluator.py", line 306, in _coerce_evaluation_results
    return self._coerce_evaluation_result(
           ~~~~~~~~~~~~~~~~~~~~~~~~~~~~~~^
        cast(dict, results), source_run_id=source_run_id, allow_no_key=True
        ^^^^^^^^^^^^^^^^^^^^^^^^^^^^^^^^^^^^^^^^^^^^^^^^^^^^^^^^^^^^^^^^^^^
    )
    ^
  File "c:\Users\apaks\projects\YT-RAG\.venv\Lib\site-packages\langsmith\evaluation\evaluator.py", line 282, in _coerce_evaluation_result
    raise ValueError(
    ...<2 lines>...
    )
ValueError: Expected an EvaluationResult object, or dict with a metric 'key' and optional 'score' or categorical 'value'; got {'grade': 9, 'correct': True, 'explanation': "The student answer directly addresses the question by explaining why LLMs cannot truly reason or plan according to Yann LeCun. It mentions specific characteristics that LLMs lack, such as understanding the physical world, persistent memory, and the ability to reason and plan, which are all relevant to the question. The answer is clear and focused, providing a concise explanation of the limitations of LLMs in the context of reasoning and planning. The only minor point is that it could have included a direct quote or more specific reference to LeCun's work, but overall, it effectively conveys the main ideas. Therefore, it scores a 9 for relevance.", 'key': 'relevance'}
[ 2026-08-05 23:52:44,005] 1025 httpx - INFO - HTTP Request: POST https://api.openai.com/v1/chat/completions "HTTP/1.1 200 OK"
[ 2026-08-05 23:52:44,041] 1735 langsmith.evaluation._runner - ERROR - Error running evaluator <DynamicRunEvaluator retrieval_relevance> on run 019fd420-d81e-7c31-97a6-3ff098c09f99: ValueError('Expected an EvaluationResult object, or dict with a metric \'key\' and optional \'score\' or categorical \'value\'; got {\'grade\': 10, \'correct\': True, \'explanation\': "The provided FACTS directly address the QUESTION regarding why large language models (LLMs) cannot truly reason or plan, as articulated by Yann LeCun. The text discusses several key points made by LeCun, including the limitations of LLMs in understanding the physical world, their lack of persistent memory, and their primitive reasoning capabilities. For instance, LeCun states that LLMs do not possess the ability to reason and plan effectively, which is a central theme of the QUESTION. Additionally, he explains that LLMs operate more like a giant lookup table rather than a system capable of complex reasoning, which further supports the answer to the QUESTION. Overall, the FACTS provide a comprehensive overview of LeCun\'s perspective on the limitations of LLMs, making them highly relevant to the QUESTION.", \'key\': \'retrieval_relevance\'}')
Traceback (most recent call last):
  File "c:\Users\apaks\projects\YT-RAG\.venv\Lib\site-packages\langsmith\evaluation\_runner.py", line 1689, in _run_evaluators
    evaluator_response = evaluator.evaluate_run(  # type: ignore[call-arg]
        run=run,
        example=example,
        evaluator_run_id=evaluator_run_id,
    )
  File "c:\Users\apaks\projects\YT-RAG\.venv\Lib\site-packages\langsmith\evaluation\evaluator.py", line 375, in evaluate_run
    return self._format_result(result, evaluator_run_id)
           ~~~~~~~~~~~~~~~~~~~^^^^^^^^^^^^^^^^^^^^^^^^^^
  File "c:\Users\apaks\projects\YT-RAG\.venv\Lib\site-packages\langsmith\evaluation\evaluator.py", line 322, in _format_result
    return self._coerce_evaluation_results(result, source_run_id)
           ~~~~~~~~~~~~~~~~~~~~~~~~~~~~~~~^^^^^^^^^^^^^^^^^^^^^^^
  File "c:\Users\apaks\projects\YT-RAG\.venv\Lib\site-packages\langsmith\evaluation\evaluator.py", line 306, in _coerce_evaluation_results
    return self._coerce_evaluation_result(
           ~~~~~~~~~~~~~~~~~~~~~~~~~~~~~~^
        cast(dict, results), source_run_id=source_run_id, allow_no_key=True
        ^^^^^^^^^^^^^^^^^^^^^^^^^^^^^^^^^^^^^^^^^^^^^^^^^^^^^^^^^^^^^^^^^^^
    )
    ^
  File "c:\Users\apaks\projects\YT-RAG\.venv\Lib\site-packages\langsmith\evaluation\evaluator.py", line 282, in _coerce_evaluation_result
    raise ValueError(
    ...<2 lines>...
    )
ValueError: Expected an EvaluationResult object, or dict with a metric 'key' and optional 'score' or categorical 'value'; got {'grade': 10, 'correct': True, 'explanation': "The provided FACTS directly address the QUESTION regarding why large language models (LLMs) cannot truly reason or plan, as articulated by Yann LeCun. The text discusses several key points made by LeCun, including the limitations of LLMs in understanding the physical world, their lack of persistent memory, and their primitive reasoning capabilities. For instance, LeCun states that LLMs do not possess the ability to reason and plan effectively, which is a central theme of the QUESTION. Additionally, he explains that LLMs operate more like a giant lookup table rather than a system capable of complex reasoning, which further supports the answer to the QUESTION. Overall, the FACTS provide a comprehensive overview of LeCun's perspective on the limitations of LLMs, making them highly relevant to the QUESTION.", 'key': 'retrieval_relevance'}
[ 2026-08-05 23:52:44,057] 1735 langsmith.evaluation._runner - ERROR - Error running evaluator <DynamicRunEvaluator timestamp_error> on run 019fd420-d81e-7c31-97a6-3ff098c09f99: TypeError("unsupported operand type(s) for -: 'RunTree' and 'Example'")
Traceback (most recent call last):
  File "c:\Users\apaks\projects\YT-RAG\.venv\Lib\site-packages\langsmith\evaluation\_runner.py", line 1689, in _run_evaluators
    evaluator_response = evaluator.evaluate_run(  # type: ignore[call-arg]
        run=run,
        example=example,
        evaluator_run_id=evaluator_run_id,
    )
  File "c:\Users\apaks\projects\YT-RAG\.venv\Lib\site-packages\langsmith\evaluation\evaluator.py", line 370, in evaluate_run
    result = self.func(
        run,
        example,
        langsmith_extra={"run_id": evaluator_run_id, "metadata": metadata},
    )
  File "c:\Users\apaks\projects\YT-RAG\.venv\Lib\site-packages\langsmith\run_helpers.py", line 777, in wrapper
    function_result = run_container["context"].run(
        func, *args, **kwargs
    )
  File "C:\Users\apaks\AppData\Local\Temp\ipykernel_11624\4279707790.py", line 2, in timestamp_error
    return abs(correct_ts - doc_ts)
               ~~~~~~~~~~~^~~~~~~~
TypeError: unsupported operand type(s) for -: 'RunTree' and 'Example'
[ 2026-08-05 23:52:44,080] 26 root - INFO - [INFO] Pickle file faiss_store\metadata.pkl loaded
[ 2026-08-05 23:52:44,080] 80 root - INFO - [INFO] Faiss index and Metadata loaded
[ 2026-08-05 23:52:44,081] 40 root - INFO - [INFO] Existing vetorstore loaded
[ 2026-08-05 23:52:44,088] 49 root - INFO - [INFO] OpenAI chat model initialised: gpt-4o-mini
[ 2026-08-05 23:52:44,088] 26 root - INFO - [INFO] Loading Embedding Model: text-embedding-3-large
[ 2026-08-05 23:52:45,972] 1025 httpx - INFO - HTTP Request: POST https://api.openai.com/v1/embeddings "HTTP/1.1 200 OK"
[ 2026-08-05 23:52:45,978] 64 root - INFO - [INFO] Query embedding generated for query: How can JEPA be used for planning tasks?. Query embedding dimension: (1, 3072)
[ 2026-08-05 23:52:45,985] 26 root - INFO - [INFO] Pickle file faiss_store\metadata.pkl loaded
[ 2026-08-05 23:52:45,986] 80 root - INFO - [INFO] Faiss index and Metadata loaded
[ 2026-08-05 23:52:45,987] 104 root - INFO - [INFO] Vectorestore search for nearest vectors completed for query embedding of dimension (1, 3072)
[ 2026-08-05 23:52:45,988] 84 root - INFO - [INFO] Query search completed. Relevant context extracted for query: How can JEPA be used for planning tasks?
[ 2026-08-05 23:52:45,990] 103 root - INFO - [INFO] Prompt with context and query loaded
[ 2026-08-05 23:52:46,697] 1025 httpx - INFO - HTTP Request: POST https://api.openai.com/v1/chat/completions "HTTP/1.1 200 OK"
[ 2026-08-05 23:52:46,702] 106 root - INFO - [INFO] Response generated by llm for the query: How can JEPA be..
[ 2026-08-05 23:52:46,702] 115 root - INFO - [INFO] Fetching timestamps for the reveant chunks
[ 2026-08-05 23:52:46,702] 120 root - INFO - [INFO] Timestamps succesfully fetched
[ 2026-08-05 23:52:48,175] 1025 httpx - INFO - HTTP Request: POST https://api.openai.com/v1/chat/completions "HTTP/1.1 200 OK"
[ 2026-08-05 23:52:48,195] 1735 langsmith.evaluation._runner - ERROR - Error running evaluator <DynamicRunEvaluator correctness> on run 019fd421-0ea7-74b0-9311-cec6d4ce39cd: ValueError("Expected an EvaluationResult object, or dict with a metric 'key' and optional 'score' or categorical 'value'; got {'explanation': 'The student answer does not address the question about how JEPA can be used for planning tasks. Instead, it states that the retrieved context lacks sufficient information, which is unrelated to the ground truth. The ground truth specifies that JEPA allows for hierarchical planning by using abstract representation spaces, which is a clear and direct answer. Since the student answer does not provide any relevant information or understanding of the topic, it is entirely incorrect.', 'correct': False, 'grade': 1, 'key': 'correctness'}")
Traceback (most recent call last):
  File "c:\Users\apaks\projects\YT-RAG\.venv\Lib\site-packages\langsmith\evaluation\_runner.py", line 1689, in _run_evaluators
    evaluator_response = evaluator.evaluate_run(  # type: ignore[call-arg]
        run=run,
        example=example,
        evaluator_run_id=evaluator_run_id,
    )
  File "c:\Users\apaks\projects\YT-RAG\.venv\Lib\site-packages\langsmith\evaluation\evaluator.py", line 375, in evaluate_run
    return self._format_result(result, evaluator_run_id)
           ~~~~~~~~~~~~~~~~~~~^^^^^^^^^^^^^^^^^^^^^^^^^^
  File "c:\Users\apaks\projects\YT-RAG\.venv\Lib\site-packages\langsmith\evaluation\evaluator.py", line 322, in _format_result
    return self._coerce_evaluation_results(result, source_run_id)
           ~~~~~~~~~~~~~~~~~~~~~~~~~~~~~~~^^^^^^^^^^^^^^^^^^^^^^^
  File "c:\Users\apaks\projects\YT-RAG\.venv\Lib\site-packages\langsmith\evaluation\evaluator.py", line 306, in _coerce_evaluation_results
    return self._coerce_evaluation_result(
           ~~~~~~~~~~~~~~~~~~~~~~~~~~~~~~^
        cast(dict, results), source_run_id=source_run_id, allow_no_key=True
        ^^^^^^^^^^^^^^^^^^^^^^^^^^^^^^^^^^^^^^^^^^^^^^^^^^^^^^^^^^^^^^^^^^^
    )
    ^
  File "c:\Users\apaks\projects\YT-RAG\.venv\Lib\site-packages\langsmith\evaluation\evaluator.py", line 282, in _coerce_evaluation_result
    raise ValueError(
    ...<2 lines>...
    )
ValueError: Expected an EvaluationResult object, or dict with a metric 'key' and optional 'score' or categorical 'value'; got {'explanation': 'The student answer does not address the question about how JEPA can be used for planning tasks. Instead, it states that the retrieved context lacks sufficient information, which is unrelated to the ground truth. The ground truth specifies that JEPA allows for hierarchical planning by using abstract representation spaces, which is a clear and direct answer. Since the student answer does not provide any relevant information or understanding of the topic, it is entirely incorrect.', 'correct': False, 'grade': 1, 'key': 'correctness'}
[ 2026-08-05 23:52:50,022] 1025 httpx - INFO - HTTP Request: POST https://api.openai.com/v1/chat/completions "HTTP/1.1 200 OK"
[ 2026-08-05 23:52:50,038] 1735 langsmith.evaluation._runner - ERROR - Error running evaluator <DynamicRunEvaluator groundedness> on run 019fd421-0ea7-74b0-9311-cec6d4ce39cd: ValueError('Expected an EvaluationResult object, or dict with a metric \'key\' and optional \'score\' or categorical \'value\'; got {\'grade\': 1, \'correct\': False, \'explanation\': "The student\'s answer states that the retrieved context does not contain enough information to answer the question. However, the provided FACTS contain extensive information about JEPA, its differences from LLMs, and the concept of hierarchical planning in AI. The student fails to engage with any of this information, which is clearly relevant to the topic. Therefore, the answer is unsupported and misleading, leading to a very low score.", \'key\': \'groundedness\'}')
Traceback (most recent call last):
  File "c:\Users\apaks\projects\YT-RAG\.venv\Lib\site-packages\langsmith\evaluation\_runner.py", line 1689, in _run_evaluators
    evaluator_response = evaluator.evaluate_run(  # type: ignore[call-arg]
        run=run,
        example=example,
        evaluator_run_id=evaluator_run_id,
    )
  File "c:\Users\apaks\projects\YT-RAG\.venv\Lib\site-packages\langsmith\evaluation\evaluator.py", line 375, in evaluate_run
    return self._format_result(result, evaluator_run_id)
           ~~~~~~~~~~~~~~~~~~~^^^^^^^^^^^^^^^^^^^^^^^^^^
  File "c:\Users\apaks\projects\YT-RAG\.venv\Lib\site-packages\langsmith\evaluation\evaluator.py", line 322, in _format_result
    return self._coerce_evaluation_results(result, source_run_id)
           ~~~~~~~~~~~~~~~~~~~~~~~~~~~~~~~^^^^^^^^^^^^^^^^^^^^^^^
  File "c:\Users\apaks\projects\YT-RAG\.venv\Lib\site-packages\langsmith\evaluation\evaluator.py", line 306, in _coerce_evaluation_results
    return self._coerce_evaluation_result(
           ~~~~~~~~~~~~~~~~~~~~~~~~~~~~~~^
        cast(dict, results), source_run_id=source_run_id, allow_no_key=True
        ^^^^^^^^^^^^^^^^^^^^^^^^^^^^^^^^^^^^^^^^^^^^^^^^^^^^^^^^^^^^^^^^^^^
    )
    ^
  File "c:\Users\apaks\projects\YT-RAG\.venv\Lib\site-packages\langsmith\evaluation\evaluator.py", line 282, in _coerce_evaluation_result
    raise ValueError(
    ...<2 lines>...
    )
ValueError: Expected an EvaluationResult object, or dict with a metric 'key' and optional 'score' or categorical 'value'; got {'grade': 1, 'correct': False, 'explanation': "The student's answer states that the retrieved context does not contain enough information to answer the question. However, the provided FACTS contain extensive information about JEPA, its differences from LLMs, and the concept of hierarchical planning in AI. The student fails to engage with any of this information, which is clearly relevant to the topic. Therefore, the answer is unsupported and misleading, leading to a very low score.", 'key': 'groundedness'}
[ 2026-08-05 23:52:51,728] 1025 httpx - INFO - HTTP Request: POST https://api.openai.com/v1/chat/completions "HTTP/1.1 200 OK"
[ 2026-08-05 23:52:51,746] 1735 langsmith.evaluation._runner - ERROR - Error running evaluator <DynamicRunEvaluator relevance> on run 019fd421-0ea7-74b0-9311-cec6d4ce39cd: ValueError("Expected an EvaluationResult object, or dict with a metric 'key' and optional 'score' or categorical 'value'; got {'grade': 1, 'correct': False, 'explanation': 'The student answer does not address the question about how JEPA can be used for planning tasks. Instead, it states that there is not enough information to answer, which is unhelpful and irrelevant to the question. There is no attempt to provide any relevant information or insights about JEPA, leading to a very low score.', 'key': 'relevance'}")
Traceback (most recent call last):
  File "c:\Users\apaks\projects\YT-RAG\.venv\Lib\site-packages\langsmith\evaluation\_runner.py", line 1689, in _run_evaluators
    evaluator_response = evaluator.evaluate_run(  # type: ignore[call-arg]
        run=run,
        example=example,
        evaluator_run_id=evaluator_run_id,
    )
  File "c:\Users\apaks\projects\YT-RAG\.venv\Lib\site-packages\langsmith\evaluation\evaluator.py", line 375, in evaluate_run
    return self._format_result(result, evaluator_run_id)
           ~~~~~~~~~~~~~~~~~~~^^^^^^^^^^^^^^^^^^^^^^^^^^
  File "c:\Users\apaks\projects\YT-RAG\.venv\Lib\site-packages\langsmith\evaluation\evaluator.py", line 322, in _format_result
    return self._coerce_evaluation_results(result, source_run_id)
           ~~~~~~~~~~~~~~~~~~~~~~~~~~~~~~~^^^^^^^^^^^^^^^^^^^^^^^
  File "c:\Users\apaks\projects\YT-RAG\.venv\Lib\site-packages\langsmith\evaluation\evaluator.py", line 306, in _coerce_evaluation_results
    return self._coerce_evaluation_result(
           ~~~~~~~~~~~~~~~~~~~~~~~~~~~~~~^
        cast(dict, results), source_run_id=source_run_id, allow_no_key=True
        ^^^^^^^^^^^^^^^^^^^^^^^^^^^^^^^^^^^^^^^^^^^^^^^^^^^^^^^^^^^^^^^^^^^
    )
    ^
  File "c:\Users\apaks\projects\YT-RAG\.venv\Lib\site-packages\langsmith\evaluation\evaluator.py", line 282, in _coerce_evaluation_result
    raise ValueError(
    ...<2 lines>...
    )
ValueError: Expected an EvaluationResult object, or dict with a metric 'key' and optional 'score' or categorical 'value'; got {'grade': 1, 'correct': False, 'explanation': 'The student answer does not address the question about how JEPA can be used for planning tasks. Instead, it states that there is not enough information to answer, which is unhelpful and irrelevant to the question. There is no attempt to provide any relevant information or insights about JEPA, leading to a very low score.', 'key': 'relevance'}
[ 2026-08-05 23:52:54,211] 1025 httpx - INFO - HTTP Request: POST https://api.openai.com/v1/chat/completions "HTTP/1.1 200 OK"
[ 2026-08-05 23:52:54,224] 1735 langsmith.evaluation._runner - ERROR - Error running evaluator <DynamicRunEvaluator retrieval_relevance> on run 019fd421-0ea7-74b0-9311-cec6d4ce39cd: ValueError("Expected an EvaluationResult object, or dict with a metric 'key' and optional 'score' or categorical 'value'; got {'grade': 7, 'correct': True, 'explanation': 'The provided FACTS discuss the JEPA system and its capabilities in extracting abstract representations from inputs, which is relevant to the concept of planning tasks. The text mentions how JEPA learns to predict representations from partially masked inputs, which can be related to planning in that it abstracts away unnecessary details, allowing for a focus on relevant information. Additionally, the discussion touches on hierarchical planning and the challenges faced in AI regarding planning actions, which directly connects to the question about how JEPA can be utilized for planning tasks. While there are some off-topic elements, the core concepts of representation learning and abstraction in JEPA are pertinent to the question, justifying a score of 7.', 'key': 'retrieval_relevance'}")
Traceback (most recent call last):
  File "c:\Users\apaks\projects\YT-RAG\.venv\Lib\site-packages\langsmith\evaluation\_runner.py", line 1689, in _run_evaluators
    evaluator_response = evaluator.evaluate_run(  # type: ignore[call-arg]
        run=run,
        example=example,
        evaluator_run_id=evaluator_run_id,
    )
  File "c:\Users\apaks\projects\YT-RAG\.venv\Lib\site-packages\langsmith\evaluation\evaluator.py", line 375, in evaluate_run
    return self._format_result(result, evaluator_run_id)
           ~~~~~~~~~~~~~~~~~~~^^^^^^^^^^^^^^^^^^^^^^^^^^
  File "c:\Users\apaks\projects\YT-RAG\.venv\Lib\site-packages\langsmith\evaluation\evaluator.py", line 322, in _format_result
    return self._coerce_evaluation_results(result, source_run_id)
           ~~~~~~~~~~~~~~~~~~~~~~~~~~~~~~~^^^^^^^^^^^^^^^^^^^^^^^
  File "c:\Users\apaks\projects\YT-RAG\.venv\Lib\site-packages\langsmith\evaluation\evaluator.py", line 306, in _coerce_evaluation_results
    return self._coerce_evaluation_result(
           ~~~~~~~~~~~~~~~~~~~~~~~~~~~~~~^
        cast(dict, results), source_run_id=source_run_id, allow_no_key=True
        ^^^^^^^^^^^^^^^^^^^^^^^^^^^^^^^^^^^^^^^^^^^^^^^^^^^^^^^^^^^^^^^^^^^
    )
    ^
  File "c:\Users\apaks\projects\YT-RAG\.venv\Lib\site-packages\langsmith\evaluation\evaluator.py", line 282, in _coerce_evaluation_result
    raise ValueError(
    ...<2 lines>...
    )
ValueError: Expected an EvaluationResult object, or dict with a metric 'key' and optional 'score' or categorical 'value'; got {'grade': 7, 'correct': True, 'explanation': 'The provided FACTS discuss the JEPA system and its capabilities in extracting abstract representations from inputs, which is relevant to the concept of planning tasks. The text mentions how JEPA learns to predict representations from partially masked inputs, which can be related to planning in that it abstracts away unnecessary details, allowing for a focus on relevant information. Additionally, the discussion touches on hierarchical planning and the challenges faced in AI regarding planning actions, which directly connects to the question about how JEPA can be utilized for planning tasks. While there are some off-topic elements, the core concepts of representation learning and abstraction in JEPA are pertinent to the question, justifying a score of 7.', 'key': 'retrieval_relevance'}
[ 2026-08-05 23:52:54,231] 1735 langsmith.evaluation._runner - ERROR - Error running evaluator <DynamicRunEvaluator timestamp_error> on run 019fd421-0ea7-74b0-9311-cec6d4ce39cd: TypeError("unsupported operand type(s) for -: 'RunTree' and 'Example'")
Traceback (most recent call last):
  File "c:\Users\apaks\projects\YT-RAG\.venv\Lib\site-packages\langsmith\evaluation\_runner.py", line 1689, in _run_evaluators
    evaluator_response = evaluator.evaluate_run(  # type: ignore[call-arg]
        run=run,
        example=example,
        evaluator_run_id=evaluator_run_id,
    )
  File "c:\Users\apaks\projects\YT-RAG\.venv\Lib\site-packages\langsmith\evaluation\evaluator.py", line 370, in evaluate_run
    result = self.func(
        run,
        example,
        langsmith_extra={"run_id": evaluator_run_id, "metadata": metadata},
    )
  File "c:\Users\apaks\projects\YT-RAG\.venv\Lib\site-packages\langsmith\run_helpers.py", line 777, in wrapper
    function_result = run_container["context"].run(
        func, *args, **kwargs
    )
  File "C:\Users\apaks\AppData\Local\Temp\ipykernel_11624\4279707790.py", line 2, in timestamp_error
    return abs(correct_ts - doc_ts)
               ~~~~~~~~~~~^~~~~~~~
TypeError: unsupported operand type(s) for -: 'RunTree' and 'Example'
[ 2026-08-05 23:52:54,240] 26 root - INFO - [INFO] Pickle file faiss_store\metadata.pkl loaded
[ 2026-08-05 23:52:54,240] 80 root - INFO - [INFO] Faiss index and Metadata loaded
[ 2026-08-05 23:52:54,240] 40 root - INFO - [INFO] Existing vetorstore loaded
[ 2026-08-05 23:52:54,243] 49 root - INFO - [INFO] OpenAI chat model initialised: gpt-4o-mini
[ 2026-08-05 23:52:54,243] 26 root - INFO - [INFO] Loading Embedding Model: text-embedding-3-large
[ 2026-08-05 23:52:56,209] 1025 httpx - INFO - HTTP Request: POST https://api.openai.com/v1/embeddings "HTTP/1.1 200 OK"
[ 2026-08-05 23:52:56,219] 64 root - INFO - [INFO] Query embedding generated for query: What is V-JEPA and how does it work with video?. Query embedding dimension: (1, 3072)
[ 2026-08-05 23:52:56,224] 26 root - INFO - [INFO] Pickle file faiss_store\metadata.pkl loaded
[ 2026-08-05 23:52:56,225] 80 root - INFO - [INFO] Faiss index and Metadata loaded
[ 2026-08-05 23:52:56,225] 104 root - INFO - [INFO] Vectorestore search for nearest vectors completed for query embedding of dimension (1, 3072)
[ 2026-08-05 23:52:56,226] 84 root - INFO - [INFO] Query search completed. Relevant context extracted for query: What is V-JEPA and how does it work with video?
[ 2026-08-05 23:52:56,229] 103 root - INFO - [INFO] Prompt with context and query loaded
[ 2026-08-05 23:52:58,469] 1025 httpx - INFO - HTTP Request: POST https://api.openai.com/v1/chat/completions "HTTP/1.1 200 OK"
[ 2026-08-05 23:52:58,491] 106 root - INFO - [INFO] Response generated by llm for the query: What is V-JEPA ..
[ 2026-08-05 23:52:58,491] 115 root - INFO - [INFO] Fetching timestamps for the reveant chunks
[ 2026-08-05 23:52:58,492] 120 root - INFO - [INFO] Timestamps succesfully fetched
[ 2026-08-05 23:53:00,943] 1025 httpx - INFO - HTTP Request: POST https://api.openai.com/v1/chat/completions "HTTP/1.1 200 OK"
[ 2026-08-05 23:53:00,990] 1735 langsmith.evaluation._runner - ERROR - Error running evaluator <DynamicRunEvaluator correctness> on run 019fd421-365c-7603-b4d9-eafbe5743be4: ValueError("Expected an EvaluationResult object, or dict with a metric 'key' and optional 'score' or categorical 'value'; got {'explanation': 'The student answer provides a detailed description of V-JEPA, correctly identifying it as a version of the JEPA architecture applied to video. It explains the process of masking a segment of the video (temporal tube) and how the system is trained to predict the full video representation from the masked segment. This aligns well with the ground truth, which states that V-JEPA is an architecture trained to predict visual representations from video. The student also adds information about the ability of V-JEPA to enable a supervised classifier to identify actions, which is relevant and accurate. There are no conflicting statements, and the answer is clearly expressed. Therefore, the score is high, reflecting the comprehensive understanding of the concept.', 'correct': True, 'grade': 10, 'key': 'correctness'}")
Traceback (most recent call last):
  File "c:\Users\apaks\projects\YT-RAG\.venv\Lib\site-packages\langsmith\evaluation\_runner.py", line 1689, in _run_evaluators
    evaluator_response = evaluator.evaluate_run(  # type: ignore[call-arg]
        run=run,
        example=example,
        evaluator_run_id=evaluator_run_id,
    )
  File "c:\Users\apaks\projects\YT-RAG\.venv\Lib\site-packages\langsmith\evaluation\evaluator.py", line 375, in evaluate_run
    return self._format_result(result, evaluator_run_id)
           ~~~~~~~~~~~~~~~~~~~^^^^^^^^^^^^^^^^^^^^^^^^^^
  File "c:\Users\apaks\projects\YT-RAG\.venv\Lib\site-packages\langsmith\evaluation\evaluator.py", line 322, in _format_result
    return self._coerce_evaluation_results(result, source_run_id)
           ~~~~~~~~~~~~~~~~~~~~~~~~~~~~~~~^^^^^^^^^^^^^^^^^^^^^^^
  File "c:\Users\apaks\projects\YT-RAG\.venv\Lib\site-packages\langsmith\evaluation\evaluator.py", line 306, in _coerce_evaluation_results
    return self._coerce_evaluation_result(
           ~~~~~~~~~~~~~~~~~~~~~~~~~~~~~~^
        cast(dict, results), source_run_id=source_run_id, allow_no_key=True
        ^^^^^^^^^^^^^^^^^^^^^^^^^^^^^^^^^^^^^^^^^^^^^^^^^^^^^^^^^^^^^^^^^^^
    )
    ^
  File "c:\Users\apaks\projects\YT-RAG\.venv\Lib\site-packages\langsmith\evaluation\evaluator.py", line 282, in _coerce_evaluation_result
    raise ValueError(
    ...<2 lines>...
    )
ValueError: Expected an EvaluationResult object, or dict with a metric 'key' and optional 'score' or categorical 'value'; got {'explanation': 'The student answer provides a detailed description of V-JEPA, correctly identifying it as a version of the JEPA architecture applied to video. It explains the process of masking a segment of the video (temporal tube) and how the system is trained to predict the full video representation from the masked segment. This aligns well with the ground truth, which states that V-JEPA is an architecture trained to predict visual representations from video. The student also adds information about the ability of V-JEPA to enable a supervised classifier to identify actions, which is relevant and accurate. There are no conflicting statements, and the answer is clearly expressed. Therefore, the score is high, reflecting the comprehensive understanding of the concept.', 'correct': True, 'grade': 10, 'key': 'correctness'}
[ 2026-08-05 23:53:03,808] 1025 httpx - INFO - HTTP Request: POST https://api.openai.com/v1/chat/completions "HTTP/1.1 200 OK"
[ 2026-08-05 23:53:03,825] 1735 langsmith.evaluation._runner - ERROR - Error running evaluator <DynamicRunEvaluator groundedness> on run 019fd421-365c-7603-b4d9-eafbe5743be4: ValueError("Expected an EvaluationResult object, or dict with a metric 'key' and optional 'score' or categorical 'value'; got {'grade': 9, 'correct': True, 'explanation': 'The student answer accurately summarizes the key points about V-JEPA as described in the FACTS. It correctly identifies that V-JEPA is a version of the JEPA architecture applied to video, and it explains the process of masking a segment referred to as a temporal tube that spans 16 frames. The answer also correctly states that the system is trained to predict the representation of the full video from the partially masked video, which aligns with the FACTS. Furthermore, it mentions that this approach allows V-JEPA to learn good representations of video, which is supported by the FACTS stating that it enables a supervised classifier to accurately identify actions in the video. Overall, the answer is well-grounded, with no unsupported claims or hallucinations, justifying a high score.', 'key': 'groundedness'}")
Traceback (most recent call last):
  File "c:\Users\apaks\projects\YT-RAG\.venv\Lib\site-packages\langsmith\evaluation\_runner.py", line 1689, in _run_evaluators
    evaluator_response = evaluator.evaluate_run(  # type: ignore[call-arg]
        run=run,
        example=example,
        evaluator_run_id=evaluator_run_id,
    )
  File "c:\Users\apaks\projects\YT-RAG\.venv\Lib\site-packages\langsmith\evaluation\evaluator.py", line 375, in evaluate_run
    return self._format_result(result, evaluator_run_id)
           ~~~~~~~~~~~~~~~~~~~^^^^^^^^^^^^^^^^^^^^^^^^^^
  File "c:\Users\apaks\projects\YT-RAG\.venv\Lib\site-packages\langsmith\evaluation\evaluator.py", line 322, in _format_result
    return self._coerce_evaluation_results(result, source_run_id)
           ~~~~~~~~~~~~~~~~~~~~~~~~~~~~~~~^^^^^^^^^^^^^^^^^^^^^^^
  File "c:\Users\apaks\projects\YT-RAG\.venv\Lib\site-packages\langsmith\evaluation\evaluator.py", line 306, in _coerce_evaluation_results
    return self._coerce_evaluation_result(
           ~~~~~~~~~~~~~~~~~~~~~~~~~~~~~~^
        cast(dict, results), source_run_id=source_run_id, allow_no_key=True
        ^^^^^^^^^^^^^^^^^^^^^^^^^^^^^^^^^^^^^^^^^^^^^^^^^^^^^^^^^^^^^^^^^^^
    )
    ^
  File "c:\Users\apaks\projects\YT-RAG\.venv\Lib\site-packages\langsmith\evaluation\evaluator.py", line 282, in _coerce_evaluation_result
    raise ValueError(
    ...<2 lines>...
    )
ValueError: Expected an EvaluationResult object, or dict with a metric 'key' and optional 'score' or categorical 'value'; got {'grade': 9, 'correct': True, 'explanation': 'The student answer accurately summarizes the key points about V-JEPA as described in the FACTS. It correctly identifies that V-JEPA is a version of the JEPA architecture applied to video, and it explains the process of masking a segment referred to as a temporal tube that spans 16 frames. The answer also correctly states that the system is trained to predict the representation of the full video from the partially masked video, which aligns with the FACTS. Furthermore, it mentions that this approach allows V-JEPA to learn good representations of video, which is supported by the FACTS stating that it enables a supervised classifier to accurately identify actions in the video. Overall, the answer is well-grounded, with no unsupported claims or hallucinations, justifying a high score.', 'key': 'groundedness'}
[ 2026-08-05 23:53:05,911] 1025 httpx - INFO - HTTP Request: POST https://api.openai.com/v1/chat/completions "HTTP/1.1 200 OK"
[ 2026-08-05 23:53:05,950] 1735 langsmith.evaluation._runner - ERROR - Error running evaluator <DynamicRunEvaluator relevance> on run 019fd421-365c-7603-b4d9-eafbe5743be4: ValueError("Expected an EvaluationResult object, or dict with a metric 'key' and optional 'score' or categorical 'value'; got {'grade': 9, 'correct': True, 'explanation': 'The student answer directly addresses the question by explaining what V-JEPA is and how it works with video. It defines V-JEPA as a version of the JEPA architecture applied to video and describes the process of masking a segment of the video, known as a temporal tube, which spans 16 frames. The answer clearly explains that the system is trained to predict the representation of the full video from the masked segment, which is crucial for understanding how V-JEPA functions. The mention of enabling a supervised classifier to identify actions in the video further illustrates the practical application of V-JEPA. Overall, the answer is concise, focused, and provides meaningful information relevant to the question.', 'key': 'relevance'}")
Traceback (most recent call last):
  File "c:\Users\apaks\projects\YT-RAG\.venv\Lib\site-packages\langsmith\evaluation\_runner.py", line 1689, in _run_evaluators
    evaluator_response = evaluator.evaluate_run(  # type: ignore[call-arg]
        run=run,
        example=example,
        evaluator_run_id=evaluator_run_id,
    )
  File "c:\Users\apaks\projects\YT-RAG\.venv\Lib\site-packages\langsmith\evaluation\evaluator.py", line 375, in evaluate_run
    return self._format_result(result, evaluator_run_id)
           ~~~~~~~~~~~~~~~~~~~^^^^^^^^^^^^^^^^^^^^^^^^^^
  File "c:\Users\apaks\projects\YT-RAG\.venv\Lib\site-packages\langsmith\evaluation\evaluator.py", line 322, in _format_result
    return self._coerce_evaluation_results(result, source_run_id)
           ~~~~~~~~~~~~~~~~~~~~~~~~~~~~~~~^^^^^^^^^^^^^^^^^^^^^^^
  File "c:\Users\apaks\projects\YT-RAG\.venv\Lib\site-packages\langsmith\evaluation\evaluator.py", line 306, in _coerce_evaluation_results
    return self._coerce_evaluation_result(
           ~~~~~~~~~~~~~~~~~~~~~~~~~~~~~~^
        cast(dict, results), source_run_id=source_run_id, allow_no_key=True
        ^^^^^^^^^^^^^^^^^^^^^^^^^^^^^^^^^^^^^^^^^^^^^^^^^^^^^^^^^^^^^^^^^^^
    )
    ^
  File "c:\Users\apaks\projects\YT-RAG\.venv\Lib\site-packages\langsmith\evaluation\evaluator.py", line 282, in _coerce_evaluation_result
    raise ValueError(
    ...<2 lines>...
    )
ValueError: Expected an EvaluationResult object, or dict with a metric 'key' and optional 'score' or categorical 'value'; got {'grade': 9, 'correct': True, 'explanation': 'The student answer directly addresses the question by explaining what V-JEPA is and how it works with video. It defines V-JEPA as a version of the JEPA architecture applied to video and describes the process of masking a segment of the video, known as a temporal tube, which spans 16 frames. The answer clearly explains that the system is trained to predict the representation of the full video from the masked segment, which is crucial for understanding how V-JEPA functions. The mention of enabling a supervised classifier to identify actions in the video further illustrates the practical application of V-JEPA. Overall, the answer is concise, focused, and provides meaningful information relevant to the question.', 'key': 'relevance'}
[ 2026-08-05 23:53:08,007] 1025 httpx - INFO - HTTP Request: POST https://api.openai.com/v1/chat/completions "HTTP/1.1 200 OK"
[ 2026-08-05 23:53:08,252] 1735 langsmith.evaluation._runner - ERROR - Error running evaluator <DynamicRunEvaluator retrieval_relevance> on run 019fd421-365c-7603-b4d9-eafbe5743be4: ValueError('Expected an EvaluationResult object, or dict with a metric \'key\' and optional \'score\' or categorical \'value\'; got {\'grade\': 9, \'correct\': True, \'explanation\': "The provided FACTS contain a detailed explanation of V-JEPA, which is described as an extension of I-JEPA applied to video. It explains how V-JEPA works by masking a segment of video frames (a temporal tube) and training the system to predict the representation of the full video from the partially masked version. This directly addresses the QUESTION about what V-JEPA is and how it functions with video. The mention of the system\'s effectiveness in learning representations of video and its application in classifying actions in videos further supports its relevance. Overall, the content is highly relevant and provides substantial information related to the QUESTION.", \'key\': \'retrieval_relevance\'}')
Traceback (most recent call last):
  File "c:\Users\apaks\projects\YT-RAG\.venv\Lib\site-packages\langsmith\evaluation\_runner.py", line 1689, in _run_evaluators
    evaluator_response = evaluator.evaluate_run(  # type: ignore[call-arg]
        run=run,
        example=example,
        evaluator_run_id=evaluator_run_id,
    )
  File "c:\Users\apaks\projects\YT-RAG\.venv\Lib\site-packages\langsmith\evaluation\evaluator.py", line 375, in evaluate_run
    return self._format_result(result, evaluator_run_id)
           ~~~~~~~~~~~~~~~~~~~^^^^^^^^^^^^^^^^^^^^^^^^^^
  File "c:\Users\apaks\projects\YT-RAG\.venv\Lib\site-packages\langsmith\evaluation\evaluator.py", line 322, in _format_result
    return self._coerce_evaluation_results(result, source_run_id)
           ~~~~~~~~~~~~~~~~~~~~~~~~~~~~~~~^^^^^^^^^^^^^^^^^^^^^^^
  File "c:\Users\apaks\projects\YT-RAG\.venv\Lib\site-packages\langsmith\evaluation\evaluator.py", line 306, in _coerce_evaluation_results
    return self._coerce_evaluation_result(
           ~~~~~~~~~~~~~~~~~~~~~~~~~~~~~~^
        cast(dict, results), source_run_id=source_run_id, allow_no_key=True
        ^^^^^^^^^^^^^^^^^^^^^^^^^^^^^^^^^^^^^^^^^^^^^^^^^^^^^^^^^^^^^^^^^^^
    )
    ^
  File "c:\Users\apaks\projects\YT-RAG\.venv\Lib\site-packages\langsmith\evaluation\evaluator.py", line 282, in _coerce_evaluation_result
    raise ValueError(
    ...<2 lines>...
    )
ValueError: Expected an EvaluationResult object, or dict with a metric 'key' and optional 'score' or categorical 'value'; got {'grade': 9, 'correct': True, 'explanation': "The provided FACTS contain a detailed explanation of V-JEPA, which is described as an extension of I-JEPA applied to video. It explains how V-JEPA works by masking a segment of video frames (a temporal tube) and training the system to predict the representation of the full video from the partially masked version. This directly addresses the QUESTION about what V-JEPA is and how it functions with video. The mention of the system's effectiveness in learning representations of video and its application in classifying actions in videos further supports its relevance. Overall, the content is highly relevant and provides substantial information related to the QUESTION.", 'key': 'retrieval_relevance'}
[ 2026-08-05 23:53:08,261] 1735 langsmith.evaluation._runner - ERROR - Error running evaluator <DynamicRunEvaluator timestamp_error> on run 019fd421-365c-7603-b4d9-eafbe5743be4: TypeError("unsupported operand type(s) for -: 'RunTree' and 'Example'")
Traceback (most recent call last):
  File "c:\Users\apaks\projects\YT-RAG\.venv\Lib\site-packages\langsmith\evaluation\_runner.py", line 1689, in _run_evaluators
    evaluator_response = evaluator.evaluate_run(  # type: ignore[call-arg]
        run=run,
        example=example,
        evaluator_run_id=evaluator_run_id,
    )
  File "c:\Users\apaks\projects\YT-RAG\.venv\Lib\site-packages\langsmith\evaluation\evaluator.py", line 370, in evaluate_run
    result = self.func(
        run,
        example,
        langsmith_extra={"run_id": evaluator_run_id, "metadata": metadata},
    )
  File "c:\Users\apaks\projects\YT-RAG\.venv\Lib\site-packages\langsmith\run_helpers.py", line 777, in wrapper
    function_result = run_container["context"].run(
        func, *args, **kwargs
    )
  File "C:\Users\apaks\AppData\Local\Temp\ipykernel_11624\4279707790.py", line 2, in timestamp_error
    return abs(correct_ts - doc_ts)
               ~~~~~~~~~~~^~~~~~~~
TypeError: unsupported operand type(s) for -: 'RunTree' and 'Example'
[ 2026-08-05 23:53:08,278] 26 root - INFO - [INFO] Pickle file faiss_store\metadata.pkl loaded
[ 2026-08-05 23:53:08,278] 80 root - INFO - [INFO] Faiss index and Metadata loaded
[ 2026-08-05 23:53:08,278] 40 root - INFO - [INFO] Existing vetorstore loaded
[ 2026-08-05 23:53:08,280] 49 root - INFO - [INFO] OpenAI chat model initialised: gpt-4o-mini
[ 2026-08-05 23:53:08,281] 26 root - INFO - [INFO] Loading Embedding Model: text-embedding-3-large
[ 2026-08-05 23:53:11,465] 1025 httpx - INFO - HTTP Request: POST https://api.openai.com/v1/embeddings "HTTP/1.1 200 OK"
[ 2026-08-05 23:53:11,468] 64 root - INFO - [INFO] Query embedding generated for query: What is the fundamental difference between LLMs and JEPA?. Query embedding dimension: (1, 3072)
[ 2026-08-05 23:53:11,471] 26 root - INFO - [INFO] Pickle file faiss_store\metadata.pkl loaded
[ 2026-08-05 23:53:11,471] 80 root - INFO - [INFO] Faiss index and Metadata loaded
[ 2026-08-05 23:53:11,471] 104 root - INFO - [INFO] Vectorestore search for nearest vectors completed for query embedding of dimension (1, 3072)
[ 2026-08-05 23:53:11,471] 84 root - INFO - [INFO] Query search completed. Relevant context extracted for query: What is the fundamental difference between LLMs and JEPA?
[ 2026-08-05 23:53:11,472] 103 root - INFO - [INFO] Prompt with context and query loaded
[ 2026-08-05 23:53:12,854] 1025 httpx - INFO - HTTP Request: POST https://api.openai.com/v1/chat/completions "HTTP/1.1 200 OK"
[ 2026-08-05 23:53:12,872] 106 root - INFO - [INFO] Response generated by llm for the query: What is the fun..
[ 2026-08-05 23:53:12,872] 115 root - INFO - [INFO] Fetching timestamps for the reveant chunks
[ 2026-08-05 23:53:12,872] 120 root - INFO - [INFO] Timestamps succesfully fetched
[ 2026-08-05 23:53:15,353] 1025 httpx - INFO - HTTP Request: POST https://api.openai.com/v1/chat/completions "HTTP/1.1 200 OK"
[ 2026-08-05 23:53:15,417] 1735 langsmith.evaluation._runner - ERROR - Error running evaluator <DynamicRunEvaluator correctness> on run 019fd421-6d2e-7903-8c1b-f4028ad4ea8c: ValueError('Expected an EvaluationResult object, or dict with a metric \'key\' and optional \'score\' or categorical \'value\'; got {\'explanation\': "The student answer correctly identifies the fundamental difference between LLMs and JEPA, stating that LLMs generate the original input by predicting all the pixels, which aligns with the ground truth. The student also accurately describes JEPA\'s focus on predicting an abstract representation without reconstructing every detail. However, the phrase \'predicting all the pixels of the input\' could be misleading as LLMs typically deal with tokens rather than pixels, which is a minor inaccuracy. Overall, the answer is mostly correct and shows a good understanding of the concepts, but the slight mischaracterization of LLMs leads to a deduction in score.", \'correct\': True, \'grade\': 8, \'key\': \'correctness\'}')
Traceback (most recent call last):
  File "c:\Users\apaks\projects\YT-RAG\.venv\Lib\site-packages\langsmith\evaluation\_runner.py", line 1689, in _run_evaluators
    evaluator_response = evaluator.evaluate_run(  # type: ignore[call-arg]
        run=run,
        example=example,
        evaluator_run_id=evaluator_run_id,
    )
  File "c:\Users\apaks\projects\YT-RAG\.venv\Lib\site-packages\langsmith\evaluation\evaluator.py", line 375, in evaluate_run
    return self._format_result(result, evaluator_run_id)
           ~~~~~~~~~~~~~~~~~~~^^^^^^^^^^^^^^^^^^^^^^^^^^
  File "c:\Users\apaks\projects\YT-RAG\.venv\Lib\site-packages\langsmith\evaluation\evaluator.py", line 322, in _format_result
    return self._coerce_evaluation_results(result, source_run_id)
           ~~~~~~~~~~~~~~~~~~~~~~~~~~~~~~~^^^^^^^^^^^^^^^^^^^^^^^
  File "c:\Users\apaks\projects\YT-RAG\.venv\Lib\site-packages\langsmith\evaluation\evaluator.py", line 306, in _coerce_evaluation_results
    return self._coerce_evaluation_result(
           ~~~~~~~~~~~~~~~~~~~~~~~~~~~~~~^
        cast(dict, results), source_run_id=source_run_id, allow_no_key=True
        ^^^^^^^^^^^^^^^^^^^^^^^^^^^^^^^^^^^^^^^^^^^^^^^^^^^^^^^^^^^^^^^^^^^
    )
    ^
  File "c:\Users\apaks\projects\YT-RAG\.venv\Lib\site-packages\langsmith\evaluation\evaluator.py", line 282, in _coerce_evaluation_result
    raise ValueError(
    ...<2 lines>...
    )
ValueError: Expected an EvaluationResult object, or dict with a metric 'key' and optional 'score' or categorical 'value'; got {'explanation': "The student answer correctly identifies the fundamental difference between LLMs and JEPA, stating that LLMs generate the original input by predicting all the pixels, which aligns with the ground truth. The student also accurately describes JEPA's focus on predicting an abstract representation without reconstructing every detail. However, the phrase 'predicting all the pixels of the input' could be misleading as LLMs typically deal with tokens rather than pixels, which is a minor inaccuracy. Overall, the answer is mostly correct and shows a good understanding of the concepts, but the slight mischaracterization of LLMs leads to a deduction in score.", 'correct': True, 'grade': 8, 'key': 'correctness'}
[ 2026-08-05 23:53:17,551] 1025 httpx - INFO - HTTP Request: POST https://api.openai.com/v1/chat/completions "HTTP/1.1 200 OK"
[ 2026-08-05 23:53:17,574] 1735 langsmith.evaluation._runner - ERROR - Error running evaluator <DynamicRunEvaluator groundedness> on run 019fd421-6d2e-7903-8c1b-f4028ad4ea8c: ValueError("Expected an EvaluationResult object, or dict with a metric 'key' and optional 'score' or categorical 'value'; got {'grade': 9, 'correct': True, 'explanation': 'The student answer accurately captures the fundamental difference between LLMs and JEPA as described in the FACTS. It correctly states that LLMs generate the original input by predicting all the pixels, which aligns with the FACTS that LLMs are focused on reconstructing the original input. The answer also correctly highlights that JEPA focuses on predicting an abstract representation of the inputs, which is supported by the FACTS stating that JEPA aims to extract easily predictable information without reconstructing every detail. The answer is clear, concise, and does not introduce any unsupported claims, making it well-grounded.', 'key': 'groundedness'}")
Traceback (most recent call last):
  File "c:\Users\apaks\projects\YT-RAG\.venv\Lib\site-packages\langsmith\evaluation\_runner.py", line 1689, in _run_evaluators
    evaluator_response = evaluator.evaluate_run(  # type: ignore[call-arg]
        run=run,
        example=example,
        evaluator_run_id=evaluator_run_id,
    )
  File "c:\Users\apaks\projects\YT-RAG\.venv\Lib\site-packages\langsmith\evaluation\evaluator.py", line 375, in evaluate_run
    return self._format_result(result, evaluator_run_id)
           ~~~~~~~~~~~~~~~~~~~^^^^^^^^^^^^^^^^^^^^^^^^^^
  File "c:\Users\apaks\projects\YT-RAG\.venv\Lib\site-packages\langsmith\evaluation\evaluator.py", line 322, in _format_result
    return self._coerce_evaluation_results(result, source_run_id)
           ~~~~~~~~~~~~~~~~~~~~~~~~~~~~~~~^^^^^^^^^^^^^^^^^^^^^^^
  File "c:\Users\apaks\projects\YT-RAG\.venv\Lib\site-packages\langsmith\evaluation\evaluator.py", line 306, in _coerce_evaluation_results
    return self._coerce_evaluation_result(
           ~~~~~~~~~~~~~~~~~~~~~~~~~~~~~~^
        cast(dict, results), source_run_id=source_run_id, allow_no_key=True
        ^^^^^^^^^^^^^^^^^^^^^^^^^^^^^^^^^^^^^^^^^^^^^^^^^^^^^^^^^^^^^^^^^^^
    )
    ^
  File "c:\Users\apaks\projects\YT-RAG\.venv\Lib\site-packages\langsmith\evaluation\evaluator.py", line 282, in _coerce_evaluation_result
    raise ValueError(
    ...<2 lines>...
    )
ValueError: Expected an EvaluationResult object, or dict with a metric 'key' and optional 'score' or categorical 'value'; got {'grade': 9, 'correct': True, 'explanation': 'The student answer accurately captures the fundamental difference between LLMs and JEPA as described in the FACTS. It correctly states that LLMs generate the original input by predicting all the pixels, which aligns with the FACTS that LLMs are focused on reconstructing the original input. The answer also correctly highlights that JEPA focuses on predicting an abstract representation of the inputs, which is supported by the FACTS stating that JEPA aims to extract easily predictable information without reconstructing every detail. The answer is clear, concise, and does not introduce any unsupported claims, making it well-grounded.', 'key': 'groundedness'}
[ 2026-08-05 23:53:19,748] 1025 httpx - INFO - HTTP Request: POST https://api.openai.com/v1/chat/completions "HTTP/1.1 200 OK"
[ 2026-08-05 23:53:19,772] 1735 langsmith.evaluation._runner - ERROR - Error running evaluator <DynamicRunEvaluator relevance> on run 019fd421-6d2e-7903-8c1b-f4028ad4ea8c: ValueError("Expected an EvaluationResult object, or dict with a metric 'key' and optional 'score' or categorical 'value'; got {'grade': 9, 'correct': True, 'explanation': 'The student answer directly addresses the question by clearly stating the fundamental difference between LLMs (Large Language Models) and JEPA (Joint Embedding Predictive Architecture). It explains that LLMs generate original input by predicting all pixels, while JEPA focuses on predicting an abstract representation. This distinction is relevant and informative, providing a clear contrast between the two concepts. The answer is concise and focused, without unnecessary digressions, making it highly relevant to the question.', 'key': 'relevance'}")
Traceback (most recent call last):
  File "c:\Users\apaks\projects\YT-RAG\.venv\Lib\site-packages\langsmith\evaluation\_runner.py", line 1689, in _run_evaluators
    evaluator_response = evaluator.evaluate_run(  # type: ignore[call-arg]
        run=run,
        example=example,
        evaluator_run_id=evaluator_run_id,
    )
  File "c:\Users\apaks\projects\YT-RAG\.venv\Lib\site-packages\langsmith\evaluation\evaluator.py", line 375, in evaluate_run
    return self._format_result(result, evaluator_run_id)
           ~~~~~~~~~~~~~~~~~~~^^^^^^^^^^^^^^^^^^^^^^^^^^
  File "c:\Users\apaks\projects\YT-RAG\.venv\Lib\site-packages\langsmith\evaluation\evaluator.py", line 322, in _format_result
    return self._coerce_evaluation_results(result, source_run_id)
           ~~~~~~~~~~~~~~~~~~~~~~~~~~~~~~~^^^^^^^^^^^^^^^^^^^^^^^
  File "c:\Users\apaks\projects\YT-RAG\.venv\Lib\site-packages\langsmith\evaluation\evaluator.py", line 306, in _coerce_evaluation_results
    return self._coerce_evaluation_result(
           ~~~~~~~~~~~~~~~~~~~~~~~~~~~~~~^
        cast(dict, results), source_run_id=source_run_id, allow_no_key=True
        ^^^^^^^^^^^^^^^^^^^^^^^^^^^^^^^^^^^^^^^^^^^^^^^^^^^^^^^^^^^^^^^^^^^
    )
    ^
  File "c:\Users\apaks\projects\YT-RAG\.venv\Lib\site-packages\langsmith\evaluation\evaluator.py", line 282, in _coerce_evaluation_result
    raise ValueError(
    ...<2 lines>...
    )
ValueError: Expected an EvaluationResult object, or dict with a metric 'key' and optional 'score' or categorical 'value'; got {'grade': 9, 'correct': True, 'explanation': 'The student answer directly addresses the question by clearly stating the fundamental difference between LLMs (Large Language Models) and JEPA (Joint Embedding Predictive Architecture). It explains that LLMs generate original input by predicting all pixels, while JEPA focuses on predicting an abstract representation. This distinction is relevant and informative, providing a clear contrast between the two concepts. The answer is concise and focused, without unnecessary digressions, making it highly relevant to the question.', 'key': 'relevance'}
[ 2026-08-05 23:53:22,661] 1025 httpx - INFO - HTTP Request: POST https://api.openai.com/v1/chat/completions "HTTP/1.1 200 OK"
[ 2026-08-05 23:53:22,712] 1735 langsmith.evaluation._runner - ERROR - Error running evaluator <DynamicRunEvaluator retrieval_relevance> on run 019fd421-6d2e-7903-8c1b-f4028ad4ea8c: ValueError("Expected an EvaluationResult object, or dict with a metric 'key' and optional 'score' or categorical 'value'; got {'grade': 9, 'correct': True, 'explanation': 'The provided FACTS discuss the differences between joint embedding architectures (JEPA) and large language models (LLMs) in detail. The text explains that LLMs generate original inputs and require significant resources to predict every detail, while JEPA focuses on predicting abstract representations without reconstructing every detail. This directly addresses the QUESTION about the fundamental differences between LLMs and JEPA. The mention of self-supervised learning and the abstraction levels in both systems further supports the relevance, making the content highly pertinent to the question asked.', 'key': 'retrieval_relevance'}")
Traceback (most recent call last):
  File "c:\Users\apaks\projects\YT-RAG\.venv\Lib\site-packages\langsmith\evaluation\_runner.py", line 1689, in _run_evaluators
    evaluator_response = evaluator.evaluate_run(  # type: ignore[call-arg]
        run=run,
        example=example,
        evaluator_run_id=evaluator_run_id,
    )
  File "c:\Users\apaks\projects\YT-RAG\.venv\Lib\site-packages\langsmith\evaluation\evaluator.py", line 375, in evaluate_run
    return self._format_result(result, evaluator_run_id)
           ~~~~~~~~~~~~~~~~~~~^^^^^^^^^^^^^^^^^^^^^^^^^^
  File "c:\Users\apaks\projects\YT-RAG\.venv\Lib\site-packages\langsmith\evaluation\evaluator.py", line 322, in _format_result
    return self._coerce_evaluation_results(result, source_run_id)
           ~~~~~~~~~~~~~~~~~~~~~~~~~~~~~~~^^^^^^^^^^^^^^^^^^^^^^^
  File "c:\Users\apaks\projects\YT-RAG\.venv\Lib\site-packages\langsmith\evaluation\evaluator.py", line 306, in _coerce_evaluation_results
    return self._coerce_evaluation_result(
           ~~~~~~~~~~~~~~~~~~~~~~~~~~~~~~^
        cast(dict, results), source_run_id=source_run_id, allow_no_key=True
        ^^^^^^^^^^^^^^^^^^^^^^^^^^^^^^^^^^^^^^^^^^^^^^^^^^^^^^^^^^^^^^^^^^^
    )
    ^
  File "c:\Users\apaks\projects\YT-RAG\.venv\Lib\site-packages\langsmith\evaluation\evaluator.py", line 282, in _coerce_evaluation_result
    raise ValueError(
    ...<2 lines>...
    )
ValueError: Expected an EvaluationResult object, or dict with a metric 'key' and optional 'score' or categorical 'value'; got {'grade': 9, 'correct': True, 'explanation': 'The provided FACTS discuss the differences between joint embedding architectures (JEPA) and large language models (LLMs) in detail. The text explains that LLMs generate original inputs and require significant resources to predict every detail, while JEPA focuses on predicting abstract representations without reconstructing every detail. This directly addresses the QUESTION about the fundamental differences between LLMs and JEPA. The mention of self-supervised learning and the abstraction levels in both systems further supports the relevance, making the content highly pertinent to the question asked.', 'key': 'retrieval_relevance'}
[ 2026-08-05 23:53:22,732] 1735 langsmith.evaluation._runner - ERROR - Error running evaluator <DynamicRunEvaluator timestamp_error> on run 019fd421-6d2e-7903-8c1b-f4028ad4ea8c: TypeError("unsupported operand type(s) for -: 'RunTree' and 'Example'")
Traceback (most recent call last):
  File "c:\Users\apaks\projects\YT-RAG\.venv\Lib\site-packages\langsmith\evaluation\_runner.py", line 1689, in _run_evaluators
    evaluator_response = evaluator.evaluate_run(  # type: ignore[call-arg]
        run=run,
        example=example,
        evaluator_run_id=evaluator_run_id,
    )
  File "c:\Users\apaks\projects\YT-RAG\.venv\Lib\site-packages\langsmith\evaluation\evaluator.py", line 370, in evaluate_run
    result = self.func(
        run,
        example,
        langsmith_extra={"run_id": evaluator_run_id, "metadata": metadata},
    )
  File "c:\Users\apaks\projects\YT-RAG\.venv\Lib\site-packages\langsmith\run_helpers.py", line 777, in wrapper
    function_result = run_container["context"].run(
        func, *args, **kwargs
    )
  File "C:\Users\apaks\AppData\Local\Temp\ipykernel_11624\4279707790.py", line 2, in timestamp_error
    return abs(correct_ts - doc_ts)
               ~~~~~~~~~~~^~~~~~~~
TypeError: unsupported operand type(s) for -: 'RunTree' and 'Example'
[ 2026-08-05 23:53:22,761] 26 root - INFO - [INFO] Pickle file faiss_store\metadata.pkl loaded
[ 2026-08-05 23:53:22,762] 80 root - INFO - [INFO] Faiss index and Metadata loaded
[ 2026-08-05 23:53:22,762] 40 root - INFO - [INFO] Existing vetorstore loaded
[ 2026-08-05 23:53:22,766] 49 root - INFO - [INFO] OpenAI chat model initialised: gpt-4o-mini
[ 2026-08-05 23:53:22,767] 26 root - INFO - [INFO] Loading Embedding Model: text-embedding-3-large
[ 2026-08-05 23:53:24,297] 1025 httpx - INFO - HTTP Request: POST https://api.openai.com/v1/embeddings "HTTP/1.1 200 OK"
[ 2026-08-05 23:53:24,303] 64 root - INFO - [INFO] Query embedding generated for query: What is a JEPA?. Query embedding dimension: (1, 3072)
[ 2026-08-05 23:53:24,306] 26 root - INFO - [INFO] Pickle file faiss_store\metadata.pkl loaded
[ 2026-08-05 23:53:24,306] 80 root - INFO - [INFO] Faiss index and Metadata loaded
[ 2026-08-05 23:53:24,307] 104 root - INFO - [INFO] Vectorestore search for nearest vectors completed for query embedding of dimension (1, 3072)
[ 2026-08-05 23:53:24,308] 84 root - INFO - [INFO] Query search completed. Relevant context extracted for query: What is a JEPA?
[ 2026-08-05 23:53:24,309] 103 root - INFO - [INFO] Prompt with context and query loaded
[ 2026-08-05 23:53:26,187] 1025 httpx - INFO - HTTP Request: POST https://api.openai.com/v1/chat/completions "HTTP/1.1 200 OK"
[ 2026-08-05 23:53:26,210] 106 root - INFO - [INFO] Response generated by llm for the query: What is a JEPA?..
[ 2026-08-05 23:53:26,210] 115 root - INFO - [INFO] Fetching timestamps for the reveant chunks
[ 2026-08-05 23:53:26,210] 120 root - INFO - [INFO] Timestamps succesfully fetched
[ 2026-08-05 23:53:28,568] 1025 httpx - INFO - HTTP Request: POST https://api.openai.com/v1/chat/completions "HTTP/1.1 200 OK"
[ 2026-08-05 23:53:28,605] 1735 langsmith.evaluation._runner - ERROR - Error running evaluator <DynamicRunEvaluator correctness> on run 019fd421-a5bc-7502-b616-732a13ccddce: ValueError("Expected an EvaluationResult object, or dict with a metric 'key' and optional 'score' or categorical 'value'; got {'explanation': 'The student answer correctly identifies JEPA as a Joint Embedding Predictive Architecture, which aligns with the ground truth. However, the student elaborates on the concept by stating that it extracts abstract representations rather than predicting every detail, which is a valid extension but slightly diverges from the core definition provided in the ground truth. The ground truth emphasizes predicting the representation of a full input from a corrupted version, while the student focuses on the abstraction and simplification aspect. The mention of applications in video and masking segments adds relevant context but does not directly address the core definition of JEPA as stated in the ground truth. Overall, the student answer is mostly correct but introduces some ambiguity regarding the primary function of JEPA, leading to a deduction in score for not fully aligning with the ground truth.', 'correct': False, 'grade': 8, 'key': 'correctness'}")
Traceback (most recent call last):
  File "c:\Users\apaks\projects\YT-RAG\.venv\Lib\site-packages\langsmith\evaluation\_runner.py", line 1689, in _run_evaluators
    evaluator_response = evaluator.evaluate_run(  # type: ignore[call-arg]
        run=run,
        example=example,
        evaluator_run_id=evaluator_run_id,
    )
  File "c:\Users\apaks\projects\YT-RAG\.venv\Lib\site-packages\langsmith\evaluation\evaluator.py", line 375, in evaluate_run
    return self._format_result(result, evaluator_run_id)
           ~~~~~~~~~~~~~~~~~~~^^^^^^^^^^^^^^^^^^^^^^^^^^
  File "c:\Users\apaks\projects\YT-RAG\.venv\Lib\site-packages\langsmith\evaluation\evaluator.py", line 322, in _format_result
    return self._coerce_evaluation_results(result, source_run_id)
           ~~~~~~~~~~~~~~~~~~~~~~~~~~~~~~~^^^^^^^^^^^^^^^^^^^^^^^
  File "c:\Users\apaks\projects\YT-RAG\.venv\Lib\site-packages\langsmith\evaluation\evaluator.py", line 306, in _coerce_evaluation_results
    return self._coerce_evaluation_result(
           ~~~~~~~~~~~~~~~~~~~~~~~~~~~~~~^
        cast(dict, results), source_run_id=source_run_id, allow_no_key=True
        ^^^^^^^^^^^^^^^^^^^^^^^^^^^^^^^^^^^^^^^^^^^^^^^^^^^^^^^^^^^^^^^^^^^
    )
    ^
  File "c:\Users\apaks\projects\YT-RAG\.venv\Lib\site-packages\langsmith\evaluation\evaluator.py", line 282, in _coerce_evaluation_result
    raise ValueError(
    ...<2 lines>...
    )
ValueError: Expected an EvaluationResult object, or dict with a metric 'key' and optional 'score' or categorical 'value'; got {'explanation': 'The student answer correctly identifies JEPA as a Joint Embedding Predictive Architecture, which aligns with the ground truth. However, the student elaborates on the concept by stating that it extracts abstract representations rather than predicting every detail, which is a valid extension but slightly diverges from the core definition provided in the ground truth. The ground truth emphasizes predicting the representation of a full input from a corrupted version, while the student focuses on the abstraction and simplification aspect. The mention of applications in video and masking segments adds relevant context but does not directly address the core definition of JEPA as stated in the ground truth. Overall, the student answer is mostly correct but introduces some ambiguity regarding the primary function of JEPA, leading to a deduction in score for not fully aligning with the ground truth.', 'correct': False, 'grade': 8, 'key': 'correctness'}
[ 2026-08-05 23:53:30,550] 1025 httpx - INFO - HTTP Request: POST https://api.openai.com/v1/chat/completions "HTTP/1.1 200 OK"
[ 2026-08-05 23:53:30,579] 1735 langsmith.evaluation._runner - ERROR - Error running evaluator <DynamicRunEvaluator groundedness> on run 019fd421-a5bc-7502-b616-732a13ccddce: ValueError("Expected an EvaluationResult object, or dict with a metric 'key' and optional 'score' or categorical 'value'; got {'grade': 9, 'correct': True, 'explanation': 'The student answer accurately describes the key aspects of JEPA as outlined in the FACTS. It correctly identifies that JEPA extracts abstract representations rather than predicting every detail, such as pixels in an image, which aligns with the explanation provided. The mention of simplifying the process by eliminating non-predictable details is also supported by the FACTS. Furthermore, the student correctly notes the application of JEPA in video contexts, where segments of frames are masked to predict representations from partially masked videos. Overall, the answer is well-grounded in the provided information, with no significant unsupported claims or hallucinations.', 'key': 'groundedness'}")
Traceback (most recent call last):
  File "c:\Users\apaks\projects\YT-RAG\.venv\Lib\site-packages\langsmith\evaluation\_runner.py", line 1689, in _run_evaluators
    evaluator_response = evaluator.evaluate_run(  # type: ignore[call-arg]
        run=run,
        example=example,
        evaluator_run_id=evaluator_run_id,
    )
  File "c:\Users\apaks\projects\YT-RAG\.venv\Lib\site-packages\langsmith\evaluation\evaluator.py", line 375, in evaluate_run
    return self._format_result(result, evaluator_run_id)
           ~~~~~~~~~~~~~~~~~~~^^^^^^^^^^^^^^^^^^^^^^^^^^
  File "c:\Users\apaks\projects\YT-RAG\.venv\Lib\site-packages\langsmith\evaluation\evaluator.py", line 322, in _format_result
    return self._coerce_evaluation_results(result, source_run_id)
           ~~~~~~~~~~~~~~~~~~~~~~~~~~~~~~~^^^^^^^^^^^^^^^^^^^^^^^
  File "c:\Users\apaks\projects\YT-RAG\.venv\Lib\site-packages\langsmith\evaluation\evaluator.py", line 306, in _coerce_evaluation_results
    return self._coerce_evaluation_result(
           ~~~~~~~~~~~~~~~~~~~~~~~~~~~~~~^
        cast(dict, results), source_run_id=source_run_id, allow_no_key=True
        ^^^^^^^^^^^^^^^^^^^^^^^^^^^^^^^^^^^^^^^^^^^^^^^^^^^^^^^^^^^^^^^^^^^
    )
    ^
  File "c:\Users\apaks\projects\YT-RAG\.venv\Lib\site-packages\langsmith\evaluation\evaluator.py", line 282, in _coerce_evaluation_result
    raise ValueError(
    ...<2 lines>...
    )
ValueError: Expected an EvaluationResult object, or dict with a metric 'key' and optional 'score' or categorical 'value'; got {'grade': 9, 'correct': True, 'explanation': 'The student answer accurately describes the key aspects of JEPA as outlined in the FACTS. It correctly identifies that JEPA extracts abstract representations rather than predicting every detail, such as pixels in an image, which aligns with the explanation provided. The mention of simplifying the process by eliminating non-predictable details is also supported by the FACTS. Furthermore, the student correctly notes the application of JEPA in video contexts, where segments of frames are masked to predict representations from partially masked videos. Overall, the answer is well-grounded in the provided information, with no significant unsupported claims or hallucinations.', 'key': 'groundedness'}
[ 2026-08-05 23:53:32,770] 1025 httpx - INFO - HTTP Request: POST https://api.openai.com/v1/chat/completions "HTTP/1.1 200 OK"
[ 2026-08-05 23:53:32,815] 1735 langsmith.evaluation._runner - ERROR - Error running evaluator <DynamicRunEvaluator relevance> on run 019fd421-a5bc-7502-b616-732a13ccddce: ValueError("Expected an EvaluationResult object, or dict with a metric 'key' and optional 'score' or categorical 'value'; got {'grade': 9, 'correct': True, 'explanation': 'The student answer provides a clear and detailed definition of a JEPA, explaining that it stands for Joint Embedding Predictive Architecture. It directly addresses the question by describing its function of extracting abstract representations from inputs instead of focusing on every detail. The mention of its application in video contexts further illustrates its relevance and practical use. The answer is concise and focused, without unnecessary digressions, making it highly relevant to the question.', 'key': 'relevance'}")
Traceback (most recent call last):
  File "c:\Users\apaks\projects\YT-RAG\.venv\Lib\site-packages\langsmith\evaluation\_runner.py", line 1689, in _run_evaluators
    evaluator_response = evaluator.evaluate_run(  # type: ignore[call-arg]
        run=run,
        example=example,
        evaluator_run_id=evaluator_run_id,
    )
  File "c:\Users\apaks\projects\YT-RAG\.venv\Lib\site-packages\langsmith\evaluation\evaluator.py", line 375, in evaluate_run
    return self._format_result(result, evaluator_run_id)
           ~~~~~~~~~~~~~~~~~~~^^^^^^^^^^^^^^^^^^^^^^^^^^
  File "c:\Users\apaks\projects\YT-RAG\.venv\Lib\site-packages\langsmith\evaluation\evaluator.py", line 322, in _format_result
    return self._coerce_evaluation_results(result, source_run_id)
           ~~~~~~~~~~~~~~~~~~~~~~~~~~~~~~~^^^^^^^^^^^^^^^^^^^^^^^
  File "c:\Users\apaks\projects\YT-RAG\.venv\Lib\site-packages\langsmith\evaluation\evaluator.py", line 306, in _coerce_evaluation_results
    return self._coerce_evaluation_result(
           ~~~~~~~~~~~~~~~~~~~~~~~~~~~~~~^
        cast(dict, results), source_run_id=source_run_id, allow_no_key=True
        ^^^^^^^^^^^^^^^^^^^^^^^^^^^^^^^^^^^^^^^^^^^^^^^^^^^^^^^^^^^^^^^^^^^
    )
    ^
  File "c:\Users\apaks\projects\YT-RAG\.venv\Lib\site-packages\langsmith\evaluation\evaluator.py", line 282, in _coerce_evaluation_result
    raise ValueError(
    ...<2 lines>...
    )
ValueError: Expected an EvaluationResult object, or dict with a metric 'key' and optional 'score' or categorical 'value'; got {'grade': 9, 'correct': True, 'explanation': 'The student answer provides a clear and detailed definition of a JEPA, explaining that it stands for Joint Embedding Predictive Architecture. It directly addresses the question by describing its function of extracting abstract representations from inputs instead of focusing on every detail. The mention of its application in video contexts further illustrates its relevance and practical use. The answer is concise and focused, without unnecessary digressions, making it highly relevant to the question.', 'key': 'relevance'}
[ 2026-08-05 23:53:35,254] 1025 httpx - INFO - HTTP Request: POST https://api.openai.com/v1/chat/completions "HTTP/1.1 200 OK"
[ 2026-08-05 23:53:35,276] 1735 langsmith.evaluation._runner - ERROR - Error running evaluator <DynamicRunEvaluator retrieval_relevance> on run 019fd421-a5bc-7502-b616-732a13ccddce: ValueError("Expected an EvaluationResult object, or dict with a metric 'key' and optional 'score' or categorical 'value'; got {'grade': 10, 'correct': True, 'explanation': 'The provided FACTS contain a detailed explanation of JEPA, including its purpose, how it functions, and its differences from other architectures like LLMs. The text describes JEPA as a system that extracts abstract representations from inputs rather than predicting every detail, which is a core aspect of what JEPA is. Additionally, it discusses the training process and the significance of learning abstract representations, which directly answers the QUESTION about what JEPA is. The content is highly relevant and provides substantial information about JEPA, justifying a score of 10.', 'key': 'retrieval_relevance'}")
Traceback (most recent call last):
  File "c:\Users\apaks\projects\YT-RAG\.venv\Lib\site-packages\langsmith\evaluation\_runner.py", line 1689, in _run_evaluators
    evaluator_response = evaluator.evaluate_run(  # type: ignore[call-arg]
        run=run,
        example=example,
        evaluator_run_id=evaluator_run_id,
    )
  File "c:\Users\apaks\projects\YT-RAG\.venv\Lib\site-packages\langsmith\evaluation\evaluator.py", line 375, in evaluate_run
    return self._format_result(result, evaluator_run_id)
           ~~~~~~~~~~~~~~~~~~~^^^^^^^^^^^^^^^^^^^^^^^^^^
  File "c:\Users\apaks\projects\YT-RAG\.venv\Lib\site-packages\langsmith\evaluation\evaluator.py", line 322, in _format_result
    return self._coerce_evaluation_results(result, source_run_id)
           ~~~~~~~~~~~~~~~~~~~~~~~~~~~~~~~^^^^^^^^^^^^^^^^^^^^^^^
  File "c:\Users\apaks\projects\YT-RAG\.venv\Lib\site-packages\langsmith\evaluation\evaluator.py", line 306, in _coerce_evaluation_results
    return self._coerce_evaluation_result(
           ~~~~~~~~~~~~~~~~~~~~~~~~~~~~~~^
        cast(dict, results), source_run_id=source_run_id, allow_no_key=True
        ^^^^^^^^^^^^^^^^^^^^^^^^^^^^^^^^^^^^^^^^^^^^^^^^^^^^^^^^^^^^^^^^^^^
    )
    ^
  File "c:\Users\apaks\projects\YT-RAG\.venv\Lib\site-packages\langsmith\evaluation\evaluator.py", line 282, in _coerce_evaluation_result
    raise ValueError(
    ...<2 lines>...
    )
ValueError: Expected an EvaluationResult object, or dict with a metric 'key' and optional 'score' or categorical 'value'; got {'grade': 10, 'correct': True, 'explanation': 'The provided FACTS contain a detailed explanation of JEPA, including its purpose, how it functions, and its differences from other architectures like LLMs. The text describes JEPA as a system that extracts abstract representations from inputs rather than predicting every detail, which is a core aspect of what JEPA is. Additionally, it discusses the training process and the significance of learning abstract representations, which directly answers the QUESTION about what JEPA is. The content is highly relevant and provides substantial information about JEPA, justifying a score of 10.', 'key': 'retrieval_relevance'}
[ 2026-08-05 23:53:35,303] 1735 langsmith.evaluation._runner - ERROR - Error running evaluator <DynamicRunEvaluator timestamp_error> on run 019fd421-a5bc-7502-b616-732a13ccddce: TypeError("unsupported operand type(s) for -: 'RunTree' and 'Example'")
Traceback (most recent call last):
  File "c:\Users\apaks\projects\YT-RAG\.venv\Lib\site-packages\langsmith\evaluation\_runner.py", line 1689, in _run_evaluators
    evaluator_response = evaluator.evaluate_run(  # type: ignore[call-arg]
        run=run,
        example=example,
        evaluator_run_id=evaluator_run_id,
    )
  File "c:\Users\apaks\projects\YT-RAG\.venv\Lib\site-packages\langsmith\evaluation\evaluator.py", line 370, in evaluate_run
    result = self.func(
        run,
        example,
        langsmith_extra={"run_id": evaluator_run_id, "metadata": metadata},
    )
  File "c:\Users\apaks\projects\YT-RAG\.venv\Lib\site-packages\langsmith\run_helpers.py", line 777, in wrapper
    function_result = run_container["context"].run(
        func, *args, **kwargs
    )
  File "C:\Users\apaks\AppData\Local\Temp\ipykernel_11624\4279707790.py", line 2, in timestamp_error
    return abs(correct_ts - doc_ts)
               ~~~~~~~~~~~^~~~~~~~
TypeError: unsupported operand type(s) for -: 'RunTree' and 'Example'
[ 2026-08-05 23:53:35,337] 26 root - INFO - [INFO] Pickle file faiss_store\metadata.pkl loaded
[ 2026-08-05 23:53:35,338] 80 root - INFO - [INFO] Faiss index and Metadata loaded
[ 2026-08-05 23:53:35,339] 40 root - INFO - [INFO] Existing vetorstore loaded
[ 2026-08-05 23:53:35,345] 49 root - INFO - [INFO] OpenAI chat model initialised: gpt-4o-mini
[ 2026-08-05 23:53:35,345] 26 root - INFO - [INFO] Loading Embedding Model: text-embedding-3-large
[ 2026-08-05 23:53:37,433] 1025 httpx - INFO - HTTP Request: POST https://api.openai.com/v1/embeddings "HTTP/1.1 200 OK"
[ 2026-08-05 23:53:37,443] 64 root - INFO - [INFO] Query embedding generated for query: Why LLMs are not the way to AGI?. Query embedding dimension: (1, 3072)
[ 2026-08-05 23:53:37,445] 26 root - INFO - [INFO] Pickle file faiss_store\metadata.pkl loaded
[ 2026-08-05 23:53:37,446] 80 root - INFO - [INFO] Faiss index and Metadata loaded
[ 2026-08-05 23:53:37,447] 104 root - INFO - [INFO] Vectorestore search for nearest vectors completed for query embedding of dimension (1, 3072)
[ 2026-08-05 23:53:37,447] 84 root - INFO - [INFO] Query search completed. Relevant context extracted for query: Why LLMs are not the way to AGI?
[ 2026-08-05 23:53:37,449] 103 root - INFO - [INFO] Prompt with context and query loaded
[ 2026-08-05 23:53:39,274] 1025 httpx - INFO - HTTP Request: POST https://api.openai.com/v1/chat/completions "HTTP/1.1 200 OK"
[ 2026-08-05 23:53:39,449] 106 root - INFO - [INFO] Response generated by llm for the query: Why LLMs are no..
[ 2026-08-05 23:53:39,449] 115 root - INFO - [INFO] Fetching timestamps for the reveant chunks
[ 2026-08-05 23:53:39,449] 120 root - INFO - [INFO] Timestamps succesfully fetched
[ 2026-08-05 23:53:41,521] 1025 httpx - INFO - HTTP Request: POST https://api.openai.com/v1/chat/completions "HTTP/1.1 200 OK"
[ 2026-08-05 23:53:41,530] 1735 langsmith.evaluation._runner - ERROR - Error running evaluator <DynamicRunEvaluator correctness> on run 019fd421-d6d9-7781-bcfc-7a01a9514eba: ValueError("Expected an EvaluationResult object, or dict with a metric 'key' and optional 'score' or categorical 'value'; got {'explanation': 'The student answer accurately reflects the ground truth by stating that LLMs lack essential characteristics of intelligent behavior, such as understanding the physical world, reasoning, and planning. The mention of persistent memory and intuitive physics adds depth to the answer without contradicting the ground truth. The student also correctly notes that LLMs perform tasks in a primitive way and do not possess a deep understanding of the world, which aligns with the idea that they cannot truly reason or plan. Overall, the student answer is comprehensive and closely matches the ground truth, with no conflicting statements.', 'correct': True, 'grade': 10, 'key': 'correctness'}")
Traceback (most recent call last):
  File "c:\Users\apaks\projects\YT-RAG\.venv\Lib\site-packages\langsmith\evaluation\_runner.py", line 1689, in _run_evaluators
    evaluator_response = evaluator.evaluate_run(  # type: ignore[call-arg]
        run=run,
        example=example,
        evaluator_run_id=evaluator_run_id,
    )
  File "c:\Users\apaks\projects\YT-RAG\.venv\Lib\site-packages\langsmith\evaluation\evaluator.py", line 375, in evaluate_run
    return self._format_result(result, evaluator_run_id)
           ~~~~~~~~~~~~~~~~~~~^^^^^^^^^^^^^^^^^^^^^^^^^^
  File "c:\Users\apaks\projects\YT-RAG\.venv\Lib\site-packages\langsmith\evaluation\evaluator.py", line 322, in _format_result
    return self._coerce_evaluation_results(result, source_run_id)
           ~~~~~~~~~~~~~~~~~~~~~~~~~~~~~~~^^^^^^^^^^^^^^^^^^^^^^^
  File "c:\Users\apaks\projects\YT-RAG\.venv\Lib\site-packages\langsmith\evaluation\evaluator.py", line 306, in _coerce_evaluation_results
    return self._coerce_evaluation_result(
           ~~~~~~~~~~~~~~~~~~~~~~~~~~~~~~^
        cast(dict, results), source_run_id=source_run_id, allow_no_key=True
        ^^^^^^^^^^^^^^^^^^^^^^^^^^^^^^^^^^^^^^^^^^^^^^^^^^^^^^^^^^^^^^^^^^^
    )
    ^
  File "c:\Users\apaks\projects\YT-RAG\.venv\Lib\site-packages\langsmith\evaluation\evaluator.py", line 282, in _coerce_evaluation_result
    raise ValueError(
    ...<2 lines>...
    )
ValueError: Expected an EvaluationResult object, or dict with a metric 'key' and optional 'score' or categorical 'value'; got {'explanation': 'The student answer accurately reflects the ground truth by stating that LLMs lack essential characteristics of intelligent behavior, such as understanding the physical world, reasoning, and planning. The mention of persistent memory and intuitive physics adds depth to the answer without contradicting the ground truth. The student also correctly notes that LLMs perform tasks in a primitive way and do not possess a deep understanding of the world, which aligns with the idea that they cannot truly reason or plan. Overall, the student answer is comprehensive and closely matches the ground truth, with no conflicting statements.', 'correct': True, 'grade': 10, 'key': 'correctness'}
[ 2026-08-05 23:53:43,930] 1025 httpx - INFO - HTTP Request: POST https://api.openai.com/v1/chat/completions "HTTP/1.1 200 OK"
[ 2026-08-05 23:53:44,046] 1735 langsmith.evaluation._runner - ERROR - Error running evaluator <DynamicRunEvaluator groundedness> on run 019fd421-d6d9-7781-bcfc-7a01a9514eba: ValueError("Expected an EvaluationResult object, or dict with a metric 'key' and optional 'score' or categorical 'value'; got {'grade': 9, 'correct': True, 'explanation': 'The student answer accurately reflects the key points made in the FACTS. It correctly states that LLMs lack essential characteristics of intelligent behavior, such as understanding the physical world, persistent memory, reasoning, and planning. This aligns with the FACTS where it is mentioned that LLMs can only perform these tasks in a primitive way. The student also notes that while LLMs are useful, they do not possess a deep understanding of the world, which is supported by the FACTS discussing the limitations of LLMs in handling intuitive physics and common sense reasoning. Overall, the answer is well-grounded in the provided information, with no significant unsupported claims or hallucinations, justifying a high score.', 'key': 'groundedness'}")
Traceback (most recent call last):
  File "c:\Users\apaks\projects\YT-RAG\.venv\Lib\site-packages\langsmith\evaluation\_runner.py", line 1689, in _run_evaluators
    evaluator_response = evaluator.evaluate_run(  # type: ignore[call-arg]
        run=run,
        example=example,
        evaluator_run_id=evaluator_run_id,
    )
  File "c:\Users\apaks\projects\YT-RAG\.venv\Lib\site-packages\langsmith\evaluation\evaluator.py", line 375, in evaluate_run
    return self._format_result(result, evaluator_run_id)
           ~~~~~~~~~~~~~~~~~~~^^^^^^^^^^^^^^^^^^^^^^^^^^
  File "c:\Users\apaks\projects\YT-RAG\.venv\Lib\site-packages\langsmith\evaluation\evaluator.py", line 322, in _format_result
    return self._coerce_evaluation_results(result, source_run_id)
           ~~~~~~~~~~~~~~~~~~~~~~~~~~~~~~~^^^^^^^^^^^^^^^^^^^^^^^
  File "c:\Users\apaks\projects\YT-RAG\.venv\Lib\site-packages\langsmith\evaluation\evaluator.py", line 306, in _coerce_evaluation_results
    return self._coerce_evaluation_result(
           ~~~~~~~~~~~~~~~~~~~~~~~~~~~~~~^
        cast(dict, results), source_run_id=source_run_id, allow_no_key=True
        ^^^^^^^^^^^^^^^^^^^^^^^^^^^^^^^^^^^^^^^^^^^^^^^^^^^^^^^^^^^^^^^^^^^
    )
    ^
  File "c:\Users\apaks\projects\YT-RAG\.venv\Lib\site-packages\langsmith\evaluation\evaluator.py", line 282, in _coerce_evaluation_result
    raise ValueError(
    ...<2 lines>...
    )
ValueError: Expected an EvaluationResult object, or dict with a metric 'key' and optional 'score' or categorical 'value'; got {'grade': 9, 'correct': True, 'explanation': 'The student answer accurately reflects the key points made in the FACTS. It correctly states that LLMs lack essential characteristics of intelligent behavior, such as understanding the physical world, persistent memory, reasoning, and planning. This aligns with the FACTS where it is mentioned that LLMs can only perform these tasks in a primitive way. The student also notes that while LLMs are useful, they do not possess a deep understanding of the world, which is supported by the FACTS discussing the limitations of LLMs in handling intuitive physics and common sense reasoning. Overall, the answer is well-grounded in the provided information, with no significant unsupported claims or hallucinations, justifying a high score.', 'key': 'groundedness'}
[ 2026-08-05 23:53:46,153] 1025 httpx - INFO - HTTP Request: POST https://api.openai.com/v1/chat/completions "HTTP/1.1 200 OK"
[ 2026-08-05 23:53:46,184] 1735 langsmith.evaluation._runner - ERROR - Error running evaluator <DynamicRunEvaluator relevance> on run 019fd421-d6d9-7781-bcfc-7a01a9514eba: ValueError('Expected an EvaluationResult object, or dict with a metric \'key\' and optional \'score\' or categorical \'value\'; got {\'grade\': 9, \'correct\': True, \'explanation\': "The student answer directly addresses the question by explaining why LLMs (Large Language Models) are not a pathway to achieving AGI (Artificial General Intelligence). It identifies specific limitations of LLMs, such as their lack of understanding of the physical world, persistent memory, reasoning, and planning abilities. These points are relevant to the question and provide a clear rationale for the student\'s conclusion. The answer is concise and focused, avoiding unnecessary digressions, which enhances its relevance. Overall, the response is highly relevant and effectively helps to answer the question.", \'key\': \'relevance\'}')
Traceback (most recent call last):
  File "c:\Users\apaks\projects\YT-RAG\.venv\Lib\site-packages\langsmith\evaluation\_runner.py", line 1689, in _run_evaluators
    evaluator_response = evaluator.evaluate_run(  # type: ignore[call-arg]
        run=run,
        example=example,
        evaluator_run_id=evaluator_run_id,
    )
  File "c:\Users\apaks\projects\YT-RAG\.venv\Lib\site-packages\langsmith\evaluation\evaluator.py", line 375, in evaluate_run
    return self._format_result(result, evaluator_run_id)
           ~~~~~~~~~~~~~~~~~~~^^^^^^^^^^^^^^^^^^^^^^^^^^
  File "c:\Users\apaks\projects\YT-RAG\.venv\Lib\site-packages\langsmith\evaluation\evaluator.py", line 322, in _format_result
    return self._coerce_evaluation_results(result, source_run_id)
           ~~~~~~~~~~~~~~~~~~~~~~~~~~~~~~~^^^^^^^^^^^^^^^^^^^^^^^
  File "c:\Users\apaks\projects\YT-RAG\.venv\Lib\site-packages\langsmith\evaluation\evaluator.py", line 306, in _coerce_evaluation_results
    return self._coerce_evaluation_result(
           ~~~~~~~~~~~~~~~~~~~~~~~~~~~~~~^
        cast(dict, results), source_run_id=source_run_id, allow_no_key=True
        ^^^^^^^^^^^^^^^^^^^^^^^^^^^^^^^^^^^^^^^^^^^^^^^^^^^^^^^^^^^^^^^^^^^
    )
    ^
  File "c:\Users\apaks\projects\YT-RAG\.venv\Lib\site-packages\langsmith\evaluation\evaluator.py", line 282, in _coerce_evaluation_result
    raise ValueError(
    ...<2 lines>...
    )
ValueError: Expected an EvaluationResult object, or dict with a metric 'key' and optional 'score' or categorical 'value'; got {'grade': 9, 'correct': True, 'explanation': "The student answer directly addresses the question by explaining why LLMs (Large Language Models) are not a pathway to achieving AGI (Artificial General Intelligence). It identifies specific limitations of LLMs, such as their lack of understanding of the physical world, persistent memory, reasoning, and planning abilities. These points are relevant to the question and provide a clear rationale for the student's conclusion. The answer is concise and focused, avoiding unnecessary digressions, which enhances its relevance. Overall, the response is highly relevant and effectively helps to answer the question.", 'key': 'relevance'}
[ 2026-08-05 23:53:48,617] 1025 httpx - INFO - HTTP Request: POST https://api.openai.com/v1/chat/completions "HTTP/1.1 200 OK"
[ 2026-08-05 23:53:48,641] 1735 langsmith.evaluation._runner - ERROR - Error running evaluator <DynamicRunEvaluator retrieval_relevance> on run 019fd421-d6d9-7781-bcfc-7a01a9514eba: ValueError("Expected an EvaluationResult object, or dict with a metric 'key' and optional 'score' or categorical 'value'; got {'grade': 9, 'correct': True, 'explanation': 'The provided FACTS are highly relevant to the QUESTION about why LLMs (Large Language Models) are not the way to achieve AGI (Artificial General Intelligence). The speaker discusses several key points that directly address the limitations of LLMs in the context of intelligent behavior. For instance, they mention that LLMs lack essential characteristics of intelligent systems, such as understanding the physical world, persistent memory, reasoning, and planning. These points are crucial in explaining why LLMs, despite their usefulness, do not lead to AGI. Additionally, the discussion about the autoregressive nature of LLMs and their inability to truly understand or represent the world further supports the argument against their sufficiency for achieving AGI. Overall, the content is rich in relevant information that directly answers the QUESTION, justifying a high score.', 'key': 'retrieval_relevance'}")
Traceback (most recent call last):
  File "c:\Users\apaks\projects\YT-RAG\.venv\Lib\site-packages\langsmith\evaluation\_runner.py", line 1689, in _run_evaluators
    evaluator_response = evaluator.evaluate_run(  # type: ignore[call-arg]
        run=run,
        example=example,
        evaluator_run_id=evaluator_run_id,
    )
  File "c:\Users\apaks\projects\YT-RAG\.venv\Lib\site-packages\langsmith\evaluation\evaluator.py", line 375, in evaluate_run
    return self._format_result(result, evaluator_run_id)
           ~~~~~~~~~~~~~~~~~~~^^^^^^^^^^^^^^^^^^^^^^^^^^
  File "c:\Users\apaks\projects\YT-RAG\.venv\Lib\site-packages\langsmith\evaluation\evaluator.py", line 322, in _format_result
    return self._coerce_evaluation_results(result, source_run_id)
           ~~~~~~~~~~~~~~~~~~~~~~~~~~~~~~~^^^^^^^^^^^^^^^^^^^^^^^
  File "c:\Users\apaks\projects\YT-RAG\.venv\Lib\site-packages\langsmith\evaluation\evaluator.py", line 306, in _coerce_evaluation_results
    return self._coerce_evaluation_result(
           ~~~~~~~~~~~~~~~~~~~~~~~~~~~~~~^
        cast(dict, results), source_run_id=source_run_id, allow_no_key=True
        ^^^^^^^^^^^^^^^^^^^^^^^^^^^^^^^^^^^^^^^^^^^^^^^^^^^^^^^^^^^^^^^^^^^
    )
    ^
  File "c:\Users\apaks\projects\YT-RAG\.venv\Lib\site-packages\langsmith\evaluation\evaluator.py", line 282, in _coerce_evaluation_result
    raise ValueError(
    ...<2 lines>...
    )
ValueError: Expected an EvaluationResult object, or dict with a metric 'key' and optional 'score' or categorical 'value'; got {'grade': 9, 'correct': True, 'explanation': 'The provided FACTS are highly relevant to the QUESTION about why LLMs (Large Language Models) are not the way to achieve AGI (Artificial General Intelligence). The speaker discusses several key points that directly address the limitations of LLMs in the context of intelligent behavior. For instance, they mention that LLMs lack essential characteristics of intelligent systems, such as understanding the physical world, persistent memory, reasoning, and planning. These points are crucial in explaining why LLMs, despite their usefulness, do not lead to AGI. Additionally, the discussion about the autoregressive nature of LLMs and their inability to truly understand or represent the world further supports the argument against their sufficiency for achieving AGI. Overall, the content is rich in relevant information that directly answers the QUESTION, justifying a high score.', 'key': 'retrieval_relevance'}
[ 2026-08-05 23:53:48,648] 1735 langsmith.evaluation._runner - ERROR - Error running evaluator <DynamicRunEvaluator timestamp_error> on run 019fd421-d6d9-7781-bcfc-7a01a9514eba: TypeError("unsupported operand type(s) for -: 'RunTree' and 'Example'")
Traceback (most recent call last):
  File "c:\Users\apaks\projects\YT-RAG\.venv\Lib\site-packages\langsmith\evaluation\_runner.py", line 1689, in _run_evaluators
    evaluator_response = evaluator.evaluate_run(  # type: ignore[call-arg]
        run=run,
        example=example,
        evaluator_run_id=evaluator_run_id,
    )
  File "c:\Users\apaks\projects\YT-RAG\.venv\Lib\site-packages\langsmith\evaluation\evaluator.py", line 370, in evaluate_run
    result = self.func(
        run,
        example,
        langsmith_extra={"run_id": evaluator_run_id, "metadata": metadata},
    )
  File "c:\Users\apaks\projects\YT-RAG\.venv\Lib\site-packages\langsmith\run_helpers.py", line 777, in wrapper
    function_result = run_container["context"].run(
        func, *args, **kwargs
    )
  File "C:\Users\apaks\AppData\Local\Temp\ipykernel_11624\4279707790.py", line 2, in timestamp_error
    return abs(correct_ts - doc_ts)
               ~~~~~~~~~~~^~~~~~~~
TypeError: unsupported operand type(s) for -: 'RunTree' and 'Example'
[ 2026-08-05 23:53:48,658] 26 root - INFO - [INFO] Pickle file faiss_store\metadata.pkl loaded
[ 2026-08-05 23:53:48,658] 80 root - INFO - [INFO] Faiss index and Metadata loaded
[ 2026-08-05 23:53:48,658] 40 root - INFO - [INFO] Existing vetorstore loaded
[ 2026-08-05 23:53:48,659] 49 root - INFO - [INFO] OpenAI chat model initialised: gpt-4o-mini
[ 2026-08-05 23:53:48,659] 26 root - INFO - [INFO] Loading Embedding Model: text-embedding-3-large
[ 2026-08-05 23:53:50,225] 1025 httpx - INFO - HTTP Request: POST https://api.openai.com/v1/embeddings "HTTP/1.1 200 OK"
[ 2026-08-05 23:53:50,234] 64 root - INFO - [INFO] Query embedding generated for query: What are the four essential characteristics of intelligent systems according to Yann LeCun?. Query embedding dimension: (1, 3072)
[ 2026-08-05 23:53:50,245] 26 root - INFO - [INFO] Pickle file faiss_store\metadata.pkl loaded
[ 2026-08-05 23:53:50,245] 80 root - INFO - [INFO] Faiss index and Metadata loaded
[ 2026-08-05 23:53:50,246] 104 root - INFO - [INFO] Vectorestore search for nearest vectors completed for query embedding of dimension (1, 3072)
[ 2026-08-05 23:53:50,247] 84 root - INFO - [INFO] Query search completed. Relevant context extracted for query: What are the four essential characteristics of intelligent systems according to Yann LeCun?
[ 2026-08-05 23:53:50,252] 103 root - INFO - [INFO] Prompt with context and query loaded
[ 2026-08-05 23:53:51,494] 1025 httpx - INFO - HTTP Request: POST https://api.openai.com/v1/chat/completions "HTTP/1.1 200 OK"
[ 2026-08-05 23:53:51,503] 106 root - INFO - [INFO] Response generated by llm for the query: What are the fo..
[ 2026-08-05 23:53:51,503] 115 root - INFO - [INFO] Fetching timestamps for the reveant chunks
[ 2026-08-05 23:53:51,503] 120 root - INFO - [INFO] Timestamps succesfully fetched
[ 2026-08-05 23:53:52,914] 1025 httpx - INFO - HTTP Request: POST https://api.openai.com/v1/chat/completions "HTTP/1.1 200 OK"
[ 2026-08-05 23:53:52,937] 1735 langsmith.evaluation._runner - ERROR - Error running evaluator <DynamicRunEvaluator correctness> on run 019fd422-0aed-78b3-9ca9-e5d99f168f0e: ValueError("Expected an EvaluationResult object, or dict with a metric 'key' and optional 'score' or categorical 'value'; got {'explanation': 'The student answer closely aligns with the ground truth answer. It accurately lists the four essential characteristics of intelligent systems as stated by Yann LeCun: the capacity to understand the world (which is similar to understanding the physical world), persistent memory (described as the ability to remember and retrieve things), the ability to reason, and the ability to plan. There are no conflicting statements, and the student has provided a clear and complete response. Therefore, the score is high.', 'correct': True, 'grade': 10, 'key': 'correctness'}")
Traceback (most recent call last):
  File "c:\Users\apaks\projects\YT-RAG\.venv\Lib\site-packages\langsmith\evaluation\_runner.py", line 1689, in _run_evaluators
    evaluator_response = evaluator.evaluate_run(  # type: ignore[call-arg]
        run=run,
        example=example,
        evaluator_run_id=evaluator_run_id,
    )
  File "c:\Users\apaks\projects\YT-RAG\.venv\Lib\site-packages\langsmith\evaluation\evaluator.py", line 375, in evaluate_run
    return self._format_result(result, evaluator_run_id)
           ~~~~~~~~~~~~~~~~~~~^^^^^^^^^^^^^^^^^^^^^^^^^^
  File "c:\Users\apaks\projects\YT-RAG\.venv\Lib\site-packages\langsmith\evaluation\evaluator.py", line 322, in _format_result
    return self._coerce_evaluation_results(result, source_run_id)
           ~~~~~~~~~~~~~~~~~~~~~~~~~~~~~~~^^^^^^^^^^^^^^^^^^^^^^^
  File "c:\Users\apaks\projects\YT-RAG\.venv\Lib\site-packages\langsmith\evaluation\evaluator.py", line 306, in _coerce_evaluation_results
    return self._coerce_evaluation_result(
           ~~~~~~~~~~~~~~~~~~~~~~~~~~~~~~^
        cast(dict, results), source_run_id=source_run_id, allow_no_key=True
        ^^^^^^^^^^^^^^^^^^^^^^^^^^^^^^^^^^^^^^^^^^^^^^^^^^^^^^^^^^^^^^^^^^^
    )
    ^
  File "c:\Users\apaks\projects\YT-RAG\.venv\Lib\site-packages\langsmith\evaluation\evaluator.py", line 282, in _coerce_evaluation_result
    raise ValueError(
    ...<2 lines>...
    )
ValueError: Expected an EvaluationResult object, or dict with a metric 'key' and optional 'score' or categorical 'value'; got {'explanation': 'The student answer closely aligns with the ground truth answer. It accurately lists the four essential characteristics of intelligent systems as stated by Yann LeCun: the capacity to understand the world (which is similar to understanding the physical world), persistent memory (described as the ability to remember and retrieve things), the ability to reason, and the ability to plan. There are no conflicting statements, and the student has provided a clear and complete response. Therefore, the score is high.', 'correct': True, 'grade': 10, 'key': 'correctness'}
[ 2026-08-05 23:53:54,273] 1025 httpx - INFO - HTTP Request: POST https://api.openai.com/v1/chat/completions "HTTP/1.1 200 OK"
[ 2026-08-05 23:53:54,295] 1735 langsmith.evaluation._runner - ERROR - Error running evaluator <DynamicRunEvaluator groundedness> on run 019fd422-0aed-78b3-9ca9-e5d99f168f0e: ValueError("Expected an EvaluationResult object, or dict with a metric 'key' and optional 'score' or categorical 'value'; got {'grade': 10, 'correct': True, 'explanation': 'The student answer accurately identifies the four essential characteristics of intelligent systems as stated by Yann LeCun in the provided facts. These characteristics are: the capacity to understand the world, the ability to remember and retrieve things (persistent memory), the ability to reason, and the ability to plan. The answer is concise and directly reflects the information given in the facts without introducing any unsupported claims or hallucinations. Therefore, it is fully grounded in the provided facts.', 'key': 'groundedness'}")
Traceback (most recent call last):
  File "c:\Users\apaks\projects\YT-RAG\.venv\Lib\site-packages\langsmith\evaluation\_runner.py", line 1689, in _run_evaluators
    evaluator_response = evaluator.evaluate_run(  # type: ignore[call-arg]
        run=run,
        example=example,
        evaluator_run_id=evaluator_run_id,
    )
  File "c:\Users\apaks\projects\YT-RAG\.venv\Lib\site-packages\langsmith\evaluation\evaluator.py", line 375, in evaluate_run
    return self._format_result(result, evaluator_run_id)
           ~~~~~~~~~~~~~~~~~~~^^^^^^^^^^^^^^^^^^^^^^^^^^
  File "c:\Users\apaks\projects\YT-RAG\.venv\Lib\site-packages\langsmith\evaluation\evaluator.py", line 322, in _format_result
    return self._coerce_evaluation_results(result, source_run_id)
           ~~~~~~~~~~~~~~~~~~~~~~~~~~~~~~~^^^^^^^^^^^^^^^^^^^^^^^
  File "c:\Users\apaks\projects\YT-RAG\.venv\Lib\site-packages\langsmith\evaluation\evaluator.py", line 306, in _coerce_evaluation_results
    return self._coerce_evaluation_result(
           ~~~~~~~~~~~~~~~~~~~~~~~~~~~~~~^
        cast(dict, results), source_run_id=source_run_id, allow_no_key=True
        ^^^^^^^^^^^^^^^^^^^^^^^^^^^^^^^^^^^^^^^^^^^^^^^^^^^^^^^^^^^^^^^^^^^
    )
    ^
  File "c:\Users\apaks\projects\YT-RAG\.venv\Lib\site-packages\langsmith\evaluation\evaluator.py", line 282, in _coerce_evaluation_result
    raise ValueError(
    ...<2 lines>...
    )
ValueError: Expected an EvaluationResult object, or dict with a metric 'key' and optional 'score' or categorical 'value'; got {'grade': 10, 'correct': True, 'explanation': 'The student answer accurately identifies the four essential characteristics of intelligent systems as stated by Yann LeCun in the provided facts. These characteristics are: the capacity to understand the world, the ability to remember and retrieve things (persistent memory), the ability to reason, and the ability to plan. The answer is concise and directly reflects the information given in the facts without introducing any unsupported claims or hallucinations. Therefore, it is fully grounded in the provided facts.', 'key': 'groundedness'}
[ 2026-08-05 23:53:55,600] 1025 httpx - INFO - HTTP Request: POST https://api.openai.com/v1/chat/completions "HTTP/1.1 200 OK"
[ 2026-08-05 23:53:55,624] 1735 langsmith.evaluation._runner - ERROR - Error running evaluator <DynamicRunEvaluator relevance> on run 019fd422-0aed-78b3-9ca9-e5d99f168f0e: ValueError("Expected an EvaluationResult object, or dict with a metric 'key' and optional 'score' or categorical 'value'; got {'grade': 10, 'correct': True, 'explanation': 'The student answer directly addresses the question by clearly listing the four essential characteristics of intelligent systems as identified by Yann LeCun. Each characteristic is succinctly stated without unnecessary elaboration or digression, making the response focused and relevant. The answer is clear and provides the specific information requested in the question, thus earning a high score.', 'key': 'relevance'}")
Traceback (most recent call last):
  File "c:\Users\apaks\projects\YT-RAG\.venv\Lib\site-packages\langsmith\evaluation\_runner.py", line 1689, in _run_evaluators
    evaluator_response = evaluator.evaluate_run(  # type: ignore[call-arg]
        run=run,
        example=example,
        evaluator_run_id=evaluator_run_id,
    )
  File "c:\Users\apaks\projects\YT-RAG\.venv\Lib\site-packages\langsmith\evaluation\evaluator.py", line 375, in evaluate_run
    return self._format_result(result, evaluator_run_id)
           ~~~~~~~~~~~~~~~~~~~^^^^^^^^^^^^^^^^^^^^^^^^^^
  File "c:\Users\apaks\projects\YT-RAG\.venv\Lib\site-packages\langsmith\evaluation\evaluator.py", line 322, in _format_result
    return self._coerce_evaluation_results(result, source_run_id)
           ~~~~~~~~~~~~~~~~~~~~~~~~~~~~~~~^^^^^^^^^^^^^^^^^^^^^^^
  File "c:\Users\apaks\projects\YT-RAG\.venv\Lib\site-packages\langsmith\evaluation\evaluator.py", line 306, in _coerce_evaluation_results
    return self._coerce_evaluation_result(
           ~~~~~~~~~~~~~~~~~~~~~~~~~~~~~~^
        cast(dict, results), source_run_id=source_run_id, allow_no_key=True
        ^^^^^^^^^^^^^^^^^^^^^^^^^^^^^^^^^^^^^^^^^^^^^^^^^^^^^^^^^^^^^^^^^^^
    )
    ^
  File "c:\Users\apaks\projects\YT-RAG\.venv\Lib\site-packages\langsmith\evaluation\evaluator.py", line 282, in _coerce_evaluation_result
    raise ValueError(
    ...<2 lines>...
    )
ValueError: Expected an EvaluationResult object, or dict with a metric 'key' and optional 'score' or categorical 'value'; got {'grade': 10, 'correct': True, 'explanation': 'The student answer directly addresses the question by clearly listing the four essential characteristics of intelligent systems as identified by Yann LeCun. Each characteristic is succinctly stated without unnecessary elaboration or digression, making the response focused and relevant. The answer is clear and provides the specific information requested in the question, thus earning a high score.', 'key': 'relevance'}
[ 2026-08-05 23:53:57,139] 1025 httpx - INFO - HTTP Request: POST https://api.openai.com/v1/chat/completions "HTTP/1.1 200 OK"
[ 2026-08-05 23:53:57,156] 1735 langsmith.evaluation._runner - ERROR - Error running evaluator <DynamicRunEvaluator retrieval_relevance> on run 019fd422-0aed-78b3-9ca9-e5d99f168f0e: ValueError('Expected an EvaluationResult object, or dict with a metric \'key\' and optional \'score\' or categorical \'value\'; got {\'grade\': 10, \'correct\': True, \'explanation\': "The FACTS provided contain a direct mention of the four essential characteristics of intelligent systems as stated by Yann LeCun. Specifically, it lists \'the capacity to understand the world, understand the physical world, the ability to remember and retrieve things, persistent memory, the ability to reason and the ability to plan.\' This directly answers the QUESTION about what those four characteristics are. The content is highly relevant and clearly addresses the inquiry, thus justifying a score of 10 and confirming the relevance as True.", \'key\': \'retrieval_relevance\'}')
Traceback (most recent call last):
  File "c:\Users\apaks\projects\YT-RAG\.venv\Lib\site-packages\langsmith\evaluation\_runner.py", line 1689, in _run_evaluators
    evaluator_response = evaluator.evaluate_run(  # type: ignore[call-arg]
        run=run,
        example=example,
        evaluator_run_id=evaluator_run_id,
    )
  File "c:\Users\apaks\projects\YT-RAG\.venv\Lib\site-packages\langsmith\evaluation\evaluator.py", line 375, in evaluate_run
    return self._format_result(result, evaluator_run_id)
           ~~~~~~~~~~~~~~~~~~~^^^^^^^^^^^^^^^^^^^^^^^^^^
  File "c:\Users\apaks\projects\YT-RAG\.venv\Lib\site-packages\langsmith\evaluation\evaluator.py", line 322, in _format_result
    return self._coerce_evaluation_results(result, source_run_id)
           ~~~~~~~~~~~~~~~~~~~~~~~~~~~~~~~^^^^^^^^^^^^^^^^^^^^^^^
  File "c:\Users\apaks\projects\YT-RAG\.venv\Lib\site-packages\langsmith\evaluation\evaluator.py", line 306, in _coerce_evaluation_results
    return self._coerce_evaluation_result(
           ~~~~~~~~~~~~~~~~~~~~~~~~~~~~~~^
        cast(dict, results), source_run_id=source_run_id, allow_no_key=True
        ^^^^^^^^^^^^^^^^^^^^^^^^^^^^^^^^^^^^^^^^^^^^^^^^^^^^^^^^^^^^^^^^^^^
    )
    ^
  File "c:\Users\apaks\projects\YT-RAG\.venv\Lib\site-packages\langsmith\evaluation\evaluator.py", line 282, in _coerce_evaluation_result
    raise ValueError(
    ...<2 lines>...
    )
ValueError: Expected an EvaluationResult object, or dict with a metric 'key' and optional 'score' or categorical 'value'; got {'grade': 10, 'correct': True, 'explanation': "The FACTS provided contain a direct mention of the four essential characteristics of intelligent systems as stated by Yann LeCun. Specifically, it lists 'the capacity to understand the world, understand the physical world, the ability to remember and retrieve things, persistent memory, the ability to reason and the ability to plan.' This directly answers the QUESTION about what those four characteristics are. The content is highly relevant and clearly addresses the inquiry, thus justifying a score of 10 and confirming the relevance as True.", 'key': 'retrieval_relevance'}
[ 2026-08-05 23:53:57,161] 1735 langsmith.evaluation._runner - ERROR - Error running evaluator <DynamicRunEvaluator timestamp_error> on run 019fd422-0aed-78b3-9ca9-e5d99f168f0e: TypeError("unsupported operand type(s) for -: 'RunTree' and 'Example'")
Traceback (most recent call last):
  File "c:\Users\apaks\projects\YT-RAG\.venv\Lib\site-packages\langsmith\evaluation\_runner.py", line 1689, in _run_evaluators
    evaluator_response = evaluator.evaluate_run(  # type: ignore[call-arg]
        run=run,
        example=example,
        evaluator_run_id=evaluator_run_id,
    )
  File "c:\Users\apaks\projects\YT-RAG\.venv\Lib\site-packages\langsmith\evaluation\evaluator.py", line 370, in evaluate_run
    result = self.func(
        run,
        example,
        langsmith_extra={"run_id": evaluator_run_id, "metadata": metadata},
    )
  File "c:\Users\apaks\projects\YT-RAG\.venv\Lib\site-packages\langsmith\run_helpers.py", line 777, in wrapper
    function_result = run_container["context"].run(
        func, *args, **kwargs
    )
  File "C:\Users\apaks\AppData\Local\Temp\ipykernel_11624\4279707790.py", line 2, in timestamp_error
    return abs(correct_ts - doc_ts)
               ~~~~~~~~~~~^~~~~~~~
TypeError: unsupported operand type(s) for -: 'RunTree' and 'Example'
[ 2026-08-05 23:57:35,454] 26 root - INFO - [INFO] Pickle file faiss_store\metadata.pkl loaded
[ 2026-08-05 23:57:35,454] 80 root - INFO - [INFO] Faiss index and Metadata loaded
[ 2026-08-05 23:57:35,455] 40 root - INFO - [INFO] Existing vetorstore loaded
[ 2026-08-05 23:57:35,458] 49 root - INFO - [INFO] OpenAI chat model initialised: gpt-4o-mini
[ 2026-08-05 23:57:35,458] 26 root - INFO - [INFO] Loading Embedding Model: text-embedding-3-large
[ 2026-08-05 23:57:37,247] 1025 httpx - INFO - HTTP Request: POST https://api.openai.com/v1/embeddings "HTTP/1.1 200 OK"
[ 2026-08-05 23:57:37,253] 64 root - INFO - [INFO] Query embedding generated for query: Why does LeCun argue that AGI will not be an 'event' but a gradual progress?. Query embedding dimension: (1, 3072)
[ 2026-08-05 23:57:37,255] 26 root - INFO - [INFO] Pickle file faiss_store\metadata.pkl loaded
[ 2026-08-05 23:57:37,255] 80 root - INFO - [INFO] Faiss index and Metadata loaded
[ 2026-08-05 23:57:37,256] 104 root - INFO - [INFO] Vectorestore search for nearest vectors completed for query embedding of dimension (1, 3072)
[ 2026-08-05 23:57:37,256] 84 root - INFO - [INFO] Query search completed. Relevant context extracted for query: Why does LeCun argue that AGI will not be an 'event' but a gradual progress?
[ 2026-08-05 23:57:37,257] 103 root - INFO - [INFO] Prompt with context and query loaded
[ 2026-08-05 23:57:39,169] 1025 httpx - INFO - HTTP Request: POST https://api.openai.com/v1/chat/completions "HTTP/1.1 200 OK"
[ 2026-08-05 23:57:39,174] 106 root - INFO - [INFO] Response generated by llm for the query: Why does LeCun ..
[ 2026-08-05 23:57:39,174] 115 root - INFO - [INFO] Fetching timestamps for the reveant chunks
[ 2026-08-05 23:57:39,175] 120 root - INFO - [INFO] Timestamps succesfully fetched
[ 2026-08-05 23:57:40,906] 1025 httpx - INFO - HTTP Request: POST https://api.openai.com/v1/chat/completions "HTTP/1.1 200 OK"
[ 2026-08-05 23:57:40,931] 1735 langsmith.evaluation._runner - ERROR - Error running evaluator <DynamicRunEvaluator correctness> on run 019fd425-80d5-7b92-9447-da223915493b: KeyError('score')
Traceback (most recent call last):
  File "c:\Users\apaks\projects\YT-RAG\.venv\Lib\site-packages\langsmith\evaluation\_runner.py", line 1689, in _run_evaluators
    evaluator_response = evaluator.evaluate_run(  # type: ignore[call-arg]
        run=run,
        example=example,
        evaluator_run_id=evaluator_run_id,
    )
  File "c:\Users\apaks\projects\YT-RAG\.venv\Lib\site-packages\langsmith\evaluation\evaluator.py", line 370, in evaluate_run
    result = self.func(
        run,
        example,
        langsmith_extra={"run_id": evaluator_run_id, "metadata": metadata},
    )
  File "c:\Users\apaks\projects\YT-RAG\.venv\Lib\site-packages\langsmith\run_helpers.py", line 777, in wrapper
    function_result = run_container["context"].run(
        func, *args, **kwargs
    )
  File "c:\Users\apaks\projects\YT-RAG\.venv\Lib\site-packages\langsmith\evaluation\evaluator.py", line 791, in wrapper
    return func(*args, **kwargs)
  File "C:\Users\apaks\AppData\Local\Temp\ipykernel_11624\2218830078.py", line 21, in correctness
    "score": grade["score"],
             ~~~~~^^^^^^^^^
KeyError: 'score'
[ 2026-08-05 23:57:42,718] 1025 httpx - INFO - HTTP Request: POST https://api.openai.com/v1/chat/completions "HTTP/1.1 200 OK"
[ 2026-08-05 23:57:42,751] 1735 langsmith.evaluation._runner - ERROR - Error running evaluator <DynamicRunEvaluator groundedness> on run 019fd425-80d5-7b92-9447-da223915493b: KeyError('score')
Traceback (most recent call last):
  File "c:\Users\apaks\projects\YT-RAG\.venv\Lib\site-packages\langsmith\evaluation\_runner.py", line 1689, in _run_evaluators
    evaluator_response = evaluator.evaluate_run(  # type: ignore[call-arg]
        run=run,
        example=example,
        evaluator_run_id=evaluator_run_id,
    )
  File "c:\Users\apaks\projects\YT-RAG\.venv\Lib\site-packages\langsmith\evaluation\evaluator.py", line 370, in evaluate_run
    result = self.func(
        run,
        example,
        langsmith_extra={"run_id": evaluator_run_id, "metadata": metadata},
    )
  File "c:\Users\apaks\projects\YT-RAG\.venv\Lib\site-packages\langsmith\run_helpers.py", line 777, in wrapper
    function_result = run_container["context"].run(
        func, *args, **kwargs
    )
  File "c:\Users\apaks\projects\YT-RAG\.venv\Lib\site-packages\langsmith\evaluation\evaluator.py", line 791, in wrapper
    return func(*args, **kwargs)
  File "C:\Users\apaks\AppData\Local\Temp\ipykernel_11624\2577169244.py", line 16, in groundedness
    "score": grade["score"],
             ~~~~~^^^^^^^^^
KeyError: 'score'
[ 2026-08-05 23:57:44,705] 1025 httpx - INFO - HTTP Request: POST https://api.openai.com/v1/chat/completions "HTTP/1.1 200 OK"
[ 2026-08-05 23:57:44,767] 1735 langsmith.evaluation._runner - ERROR - Error running evaluator <DynamicRunEvaluator relevance> on run 019fd425-80d5-7b92-9447-da223915493b: KeyError('score')
Traceback (most recent call last):
  File "c:\Users\apaks\projects\YT-RAG\.venv\Lib\site-packages\langsmith\evaluation\_runner.py", line 1689, in _run_evaluators
    evaluator_response = evaluator.evaluate_run(  # type: ignore[call-arg]
        run=run,
        example=example,
        evaluator_run_id=evaluator_run_id,
    )
  File "c:\Users\apaks\projects\YT-RAG\.venv\Lib\site-packages\langsmith\evaluation\evaluator.py", line 370, in evaluate_run
    result = self.func(
        run,
        example,
        langsmith_extra={"run_id": evaluator_run_id, "metadata": metadata},
    )
  File "c:\Users\apaks\projects\YT-RAG\.venv\Lib\site-packages\langsmith\run_helpers.py", line 777, in wrapper
    function_result = run_container["context"].run(
        func, *args, **kwargs
    )
  File "c:\Users\apaks\projects\YT-RAG\.venv\Lib\site-packages\langsmith\evaluation\evaluator.py", line 791, in wrapper
    return func(*args, **kwargs)
  File "C:\Users\apaks\AppData\Local\Temp\ipykernel_11624\1838866583.py", line 19, in relevance
    "score": grade["score"],
             ~~~~~^^^^^^^^^
KeyError: 'score'
[ 2026-08-05 23:57:46,774] 1025 httpx - INFO - HTTP Request: POST https://api.openai.com/v1/chat/completions "HTTP/1.1 200 OK"
[ 2026-08-05 23:57:46,796] 1735 langsmith.evaluation._runner - ERROR - Error running evaluator <DynamicRunEvaluator retrieval_relevance> on run 019fd425-80d5-7b92-9447-da223915493b: KeyError('score')
Traceback (most recent call last):
  File "c:\Users\apaks\projects\YT-RAG\.venv\Lib\site-packages\langsmith\evaluation\_runner.py", line 1689, in _run_evaluators
    evaluator_response = evaluator.evaluate_run(  # type: ignore[call-arg]
        run=run,
        example=example,
        evaluator_run_id=evaluator_run_id,
    )
  File "c:\Users\apaks\projects\YT-RAG\.venv\Lib\site-packages\langsmith\evaluation\evaluator.py", line 370, in evaluate_run
    result = self.func(
        run,
        example,
        langsmith_extra={"run_id": evaluator_run_id, "metadata": metadata},
    )
  File "c:\Users\apaks\projects\YT-RAG\.venv\Lib\site-packages\langsmith\run_helpers.py", line 777, in wrapper
    function_result = run_container["context"].run(
        func, *args, **kwargs
    )
  File "c:\Users\apaks\projects\YT-RAG\.venv\Lib\site-packages\langsmith\evaluation\evaluator.py", line 791, in wrapper
    return func(*args, **kwargs)
  File "C:\Users\apaks\AppData\Local\Temp\ipykernel_11624\1665307396.py", line 15, in retrieval_relevance
    "score": grade["score"],
             ~~~~~^^^^^^^^^
KeyError: 'score'
[ 2026-08-05 23:57:46,811] 1735 langsmith.evaluation._runner - ERROR - Error running evaluator <DynamicRunEvaluator timestamp_error> on run 019fd425-80d5-7b92-9447-da223915493b: KeyError('timestamp')
Traceback (most recent call last):
  File "c:\Users\apaks\projects\YT-RAG\.venv\Lib\site-packages\langsmith\evaluation\_runner.py", line 1689, in _run_evaluators
    evaluator_response = evaluator.evaluate_run(  # type: ignore[call-arg]
        run=run,
        example=example,
        evaluator_run_id=evaluator_run_id,
    )
  File "c:\Users\apaks\projects\YT-RAG\.venv\Lib\site-packages\langsmith\evaluation\evaluator.py", line 370, in evaluate_run
    result = self.func(
        run,
        example,
        langsmith_extra={"run_id": evaluator_run_id, "metadata": metadata},
    )
  File "c:\Users\apaks\projects\YT-RAG\.venv\Lib\site-packages\langsmith\run_helpers.py", line 777, in wrapper
    function_result = run_container["context"].run(
        func, *args, **kwargs
    )
  File "c:\Users\apaks\projects\YT-RAG\.venv\Lib\site-packages\langsmith\evaluation\evaluator.py", line 791, in wrapper
    return func(*args, **kwargs)
  File "C:\Users\apaks\AppData\Local\Temp\ipykernel_11624\2392817594.py", line 2, in timestamp_error
    correct_ts = reference_outputs['timestamp']
                 ~~~~~~~~~~~~~~~~~^^^^^^^^^^^^^
KeyError: 'timestamp'
[ 2026-08-05 23:57:47,384] 26 root - INFO - [INFO] Pickle file faiss_store\metadata.pkl loaded
[ 2026-08-05 23:57:47,387] 80 root - INFO - [INFO] Faiss index and Metadata loaded
[ 2026-08-05 23:57:47,388] 40 root - INFO - [INFO] Existing vetorstore loaded
[ 2026-08-05 23:57:47,391] 49 root - INFO - [INFO] OpenAI chat model initialised: gpt-4o-mini
[ 2026-08-05 23:57:47,392] 26 root - INFO - [INFO] Loading Embedding Model: text-embedding-3-large
[ 2026-08-05 23:57:49,133] 1025 httpx - INFO - HTTP Request: POST https://api.openai.com/v1/embeddings "HTTP/1.1 200 OK"
[ 2026-08-05 23:57:49,146] 64 root - INFO - [INFO] Query embedding generated for query: What is the future outlook for Llama development at Meta?. Query embedding dimension: (1, 3072)
[ 2026-08-05 23:57:49,154] 26 root - INFO - [INFO] Pickle file faiss_store\metadata.pkl loaded
[ 2026-08-05 23:57:49,155] 80 root - INFO - [INFO] Faiss index and Metadata loaded
[ 2026-08-05 23:57:49,157] 104 root - INFO - [INFO] Vectorestore search for nearest vectors completed for query embedding of dimension (1, 3072)
[ 2026-08-05 23:57:49,158] 84 root - INFO - [INFO] Query search completed. Relevant context extracted for query: What is the future outlook for Llama development at Meta?
[ 2026-08-05 23:57:49,161] 103 root - INFO - [INFO] Prompt with context and query loaded
[ 2026-08-05 23:57:50,983] 1025 httpx - INFO - HTTP Request: POST https://api.openai.com/v1/chat/completions "HTTP/1.1 200 OK"
[ 2026-08-05 23:57:50,995] 106 root - INFO - [INFO] Response generated by llm for the query: What is the fut..
[ 2026-08-05 23:57:50,996] 115 root - INFO - [INFO] Fetching timestamps for the reveant chunks
[ 2026-08-05 23:57:50,996] 120 root - INFO - [INFO] Timestamps succesfully fetched
[ 2026-08-05 23:57:53,941] 1025 httpx - INFO - HTTP Request: POST https://api.openai.com/v1/chat/completions "HTTP/1.1 200 OK"
[ 2026-08-05 23:57:53,968] 1735 langsmith.evaluation._runner - ERROR - Error running evaluator <DynamicRunEvaluator correctness> on run 019fd425-ad45-7e23-a938-4662c900b083: KeyError('score')
Traceback (most recent call last):
  File "c:\Users\apaks\projects\YT-RAG\.venv\Lib\site-packages\langsmith\evaluation\_runner.py", line 1689, in _run_evaluators
    evaluator_response = evaluator.evaluate_run(  # type: ignore[call-arg]
        run=run,
        example=example,
        evaluator_run_id=evaluator_run_id,
    )
  File "c:\Users\apaks\projects\YT-RAG\.venv\Lib\site-packages\langsmith\evaluation\evaluator.py", line 370, in evaluate_run
    result = self.func(
        run,
        example,
        langsmith_extra={"run_id": evaluator_run_id, "metadata": metadata},
    )
  File "c:\Users\apaks\projects\YT-RAG\.venv\Lib\site-packages\langsmith\run_helpers.py", line 777, in wrapper
    function_result = run_container["context"].run(
        func, *args, **kwargs
    )
  File "c:\Users\apaks\projects\YT-RAG\.venv\Lib\site-packages\langsmith\evaluation\evaluator.py", line 791, in wrapper
    return func(*args, **kwargs)
  File "C:\Users\apaks\AppData\Local\Temp\ipykernel_11624\2218830078.py", line 21, in correctness
    "score": grade["score"],
             ~~~~~^^^^^^^^^
KeyError: 'score'
[ 2026-08-05 23:57:56,648] 1025 httpx - INFO - HTTP Request: POST https://api.openai.com/v1/chat/completions "HTTP/1.1 200 OK"
[ 2026-08-05 23:57:56,819] 1735 langsmith.evaluation._runner - ERROR - Error running evaluator <DynamicRunEvaluator groundedness> on run 019fd425-ad45-7e23-a938-4662c900b083: KeyError('score')
Traceback (most recent call last):
  File "c:\Users\apaks\projects\YT-RAG\.venv\Lib\site-packages\langsmith\evaluation\_runner.py", line 1689, in _run_evaluators
    evaluator_response = evaluator.evaluate_run(  # type: ignore[call-arg]
        run=run,
        example=example,
        evaluator_run_id=evaluator_run_id,
    )
  File "c:\Users\apaks\projects\YT-RAG\.venv\Lib\site-packages\langsmith\evaluation\evaluator.py", line 370, in evaluate_run
    result = self.func(
        run,
        example,
        langsmith_extra={"run_id": evaluator_run_id, "metadata": metadata},
    )
  File "c:\Users\apaks\projects\YT-RAG\.venv\Lib\site-packages\langsmith\run_helpers.py", line 777, in wrapper
    function_result = run_container["context"].run(
        func, *args, **kwargs
    )
  File "c:\Users\apaks\projects\YT-RAG\.venv\Lib\site-packages\langsmith\evaluation\evaluator.py", line 791, in wrapper
    return func(*args, **kwargs)
  File "C:\Users\apaks\AppData\Local\Temp\ipykernel_11624\2577169244.py", line 16, in groundedness
    "score": grade["score"],
             ~~~~~^^^^^^^^^
KeyError: 'score'
[ 2026-08-05 23:57:59,042] 1025 httpx - INFO - HTTP Request: POST https://api.openai.com/v1/chat/completions "HTTP/1.1 200 OK"
[ 2026-08-05 23:57:59,071] 1735 langsmith.evaluation._runner - ERROR - Error running evaluator <DynamicRunEvaluator relevance> on run 019fd425-ad45-7e23-a938-4662c900b083: KeyError('score')
Traceback (most recent call last):
  File "c:\Users\apaks\projects\YT-RAG\.venv\Lib\site-packages\langsmith\evaluation\_runner.py", line 1689, in _run_evaluators
    evaluator_response = evaluator.evaluate_run(  # type: ignore[call-arg]
        run=run,
        example=example,
        evaluator_run_id=evaluator_run_id,
    )
  File "c:\Users\apaks\projects\YT-RAG\.venv\Lib\site-packages\langsmith\evaluation\evaluator.py", line 370, in evaluate_run
    result = self.func(
        run,
        example,
        langsmith_extra={"run_id": evaluator_run_id, "metadata": metadata},
    )
  File "c:\Users\apaks\projects\YT-RAG\.venv\Lib\site-packages\langsmith\run_helpers.py", line 777, in wrapper
    function_result = run_container["context"].run(
        func, *args, **kwargs
    )
  File "c:\Users\apaks\projects\YT-RAG\.venv\Lib\site-packages\langsmith\evaluation\evaluator.py", line 791, in wrapper
    return func(*args, **kwargs)
  File "C:\Users\apaks\AppData\Local\Temp\ipykernel_11624\1838866583.py", line 19, in relevance
    "score": grade["score"],
             ~~~~~^^^^^^^^^
KeyError: 'score'
[ 2026-08-05 23:58:00,958] 1025 httpx - INFO - HTTP Request: POST https://api.openai.com/v1/chat/completions "HTTP/1.1 200 OK"
[ 2026-08-05 23:58:00,993] 1735 langsmith.evaluation._runner - ERROR - Error running evaluator <DynamicRunEvaluator retrieval_relevance> on run 019fd425-ad45-7e23-a938-4662c900b083: KeyError('score')
Traceback (most recent call last):
  File "c:\Users\apaks\projects\YT-RAG\.venv\Lib\site-packages\langsmith\evaluation\_runner.py", line 1689, in _run_evaluators
    evaluator_response = evaluator.evaluate_run(  # type: ignore[call-arg]
        run=run,
        example=example,
        evaluator_run_id=evaluator_run_id,
    )
  File "c:\Users\apaks\projects\YT-RAG\.venv\Lib\site-packages\langsmith\evaluation\evaluator.py", line 370, in evaluate_run
    result = self.func(
        run,
        example,
        langsmith_extra={"run_id": evaluator_run_id, "metadata": metadata},
    )
  File "c:\Users\apaks\projects\YT-RAG\.venv\Lib\site-packages\langsmith\run_helpers.py", line 777, in wrapper
    function_result = run_container["context"].run(
        func, *args, **kwargs
    )
  File "c:\Users\apaks\projects\YT-RAG\.venv\Lib\site-packages\langsmith\evaluation\evaluator.py", line 791, in wrapper
    return func(*args, **kwargs)
  File "C:\Users\apaks\AppData\Local\Temp\ipykernel_11624\1665307396.py", line 15, in retrieval_relevance
    "score": grade["score"],
             ~~~~~^^^^^^^^^
KeyError: 'score'
[ 2026-08-05 23:58:01,000] 1735 langsmith.evaluation._runner - ERROR - Error running evaluator <DynamicRunEvaluator timestamp_error> on run 019fd425-ad45-7e23-a938-4662c900b083: KeyError('timestamp')
Traceback (most recent call last):
  File "c:\Users\apaks\projects\YT-RAG\.venv\Lib\site-packages\langsmith\evaluation\_runner.py", line 1689, in _run_evaluators
    evaluator_response = evaluator.evaluate_run(  # type: ignore[call-arg]
        run=run,
        example=example,
        evaluator_run_id=evaluator_run_id,
    )
  File "c:\Users\apaks\projects\YT-RAG\.venv\Lib\site-packages\langsmith\evaluation\evaluator.py", line 370, in evaluate_run
    result = self.func(
        run,
        example,
        langsmith_extra={"run_id": evaluator_run_id, "metadata": metadata},
    )
  File "c:\Users\apaks\projects\YT-RAG\.venv\Lib\site-packages\langsmith\run_helpers.py", line 777, in wrapper
    function_result = run_container["context"].run(
        func, *args, **kwargs
    )
  File "c:\Users\apaks\projects\YT-RAG\.venv\Lib\site-packages\langsmith\evaluation\evaluator.py", line 791, in wrapper
    return func(*args, **kwargs)
  File "C:\Users\apaks\AppData\Local\Temp\ipykernel_11624\2392817594.py", line 2, in timestamp_error
    correct_ts = reference_outputs['timestamp']
                 ~~~~~~~~~~~~~~~~~^^^^^^^^^^^^^
KeyError: 'timestamp'
[ 2026-08-05 23:58:01,011] 26 root - INFO - [INFO] Pickle file faiss_store\metadata.pkl loaded
[ 2026-08-05 23:58:01,011] 80 root - INFO - [INFO] Faiss index and Metadata loaded
[ 2026-08-05 23:58:01,011] 40 root - INFO - [INFO] Existing vetorstore loaded
[ 2026-08-05 23:58:01,013] 49 root - INFO - [INFO] OpenAI chat model initialised: gpt-4o-mini
[ 2026-08-05 23:58:01,013] 26 root - INFO - [INFO] Loading Embedding Model: text-embedding-3-large
[ 2026-08-05 23:58:05,577] 1025 httpx - INFO - HTTP Request: POST https://api.openai.com/v1/embeddings "HTTP/1.1 200 OK"
[ 2026-08-05 23:58:05,598] 64 root - INFO - [INFO] Query embedding generated for query: Why does LeCun compare the potential of AI to physical systems like rockets?. Query embedding dimension: (1, 3072)
[ 2026-08-05 23:58:05,601] 26 root - INFO - [INFO] Pickle file faiss_store\metadata.pkl loaded
[ 2026-08-05 23:58:05,601] 80 root - INFO - [INFO] Faiss index and Metadata loaded
[ 2026-08-05 23:58:05,602] 104 root - INFO - [INFO] Vectorestore search for nearest vectors completed for query embedding of dimension (1, 3072)
[ 2026-08-05 23:58:05,602] 84 root - INFO - [INFO] Query search completed. Relevant context extracted for query: Why does LeCun compare the potential of AI to physical systems like rockets?
[ 2026-08-05 23:58:05,605] 103 root - INFO - [INFO] Prompt with context and query loaded
[ 2026-08-05 23:58:06,485] 1025 httpx - INFO - HTTP Request: POST https://api.openai.com/v1/chat/completions "HTTP/1.1 200 OK"
[ 2026-08-05 23:58:06,507] 106 root - INFO - [INFO] Response generated by llm for the query: Why does LeCun ..
[ 2026-08-05 23:58:06,507] 115 root - INFO - [INFO] Fetching timestamps for the reveant chunks
[ 2026-08-05 23:58:06,508] 120 root - INFO - [INFO] Timestamps succesfully fetched
[ 2026-08-05 23:58:08,327] 1025 httpx - INFO - HTTP Request: POST https://api.openai.com/v1/chat/completions "HTTP/1.1 200 OK"
[ 2026-08-05 23:58:08,358] 1735 langsmith.evaluation._runner - ERROR - Error running evaluator <DynamicRunEvaluator correctness> on run 019fd425-e4ae-7242-bcca-a561a345b9a1: KeyError('score')
Traceback (most recent call last):
  File "c:\Users\apaks\projects\YT-RAG\.venv\Lib\site-packages\langsmith\evaluation\_runner.py", line 1689, in _run_evaluators
    evaluator_response = evaluator.evaluate_run(  # type: ignore[call-arg]
        run=run,
        example=example,
        evaluator_run_id=evaluator_run_id,
    )
  File "c:\Users\apaks\projects\YT-RAG\.venv\Lib\site-packages\langsmith\evaluation\evaluator.py", line 370, in evaluate_run
    result = self.func(
        run,
        example,
        langsmith_extra={"run_id": evaluator_run_id, "metadata": metadata},
    )
  File "c:\Users\apaks\projects\YT-RAG\.venv\Lib\site-packages\langsmith\run_helpers.py", line 777, in wrapper
    function_result = run_container["context"].run(
        func, *args, **kwargs
    )
  File "c:\Users\apaks\projects\YT-RAG\.venv\Lib\site-packages\langsmith\evaluation\evaluator.py", line 791, in wrapper
    return func(*args, **kwargs)
  File "C:\Users\apaks\AppData\Local\Temp\ipykernel_11624\2218830078.py", line 21, in correctness
    "score": grade["score"],
             ~~~~~^^^^^^^^^
KeyError: 'score'
[ 2026-08-05 23:58:12,308] 1025 httpx - INFO - HTTP Request: POST https://api.openai.com/v1/chat/completions "HTTP/1.1 200 OK"
[ 2026-08-05 23:58:12,355] 1735 langsmith.evaluation._runner - ERROR - Error running evaluator <DynamicRunEvaluator groundedness> on run 019fd425-e4ae-7242-bcca-a561a345b9a1: KeyError('score')
Traceback (most recent call last):
  File "c:\Users\apaks\projects\YT-RAG\.venv\Lib\site-packages\langsmith\evaluation\_runner.py", line 1689, in _run_evaluators
    evaluator_response = evaluator.evaluate_run(  # type: ignore[call-arg]
        run=run,
        example=example,
        evaluator_run_id=evaluator_run_id,
    )
  File "c:\Users\apaks\projects\YT-RAG\.venv\Lib\site-packages\langsmith\evaluation\evaluator.py", line 370, in evaluate_run
    result = self.func(
        run,
        example,
        langsmith_extra={"run_id": evaluator_run_id, "metadata": metadata},
    )
  File "c:\Users\apaks\projects\YT-RAG\.venv\Lib\site-packages\langsmith\run_helpers.py", line 777, in wrapper
    function_result = run_container["context"].run(
        func, *args, **kwargs
    )
  File "c:\Users\apaks\projects\YT-RAG\.venv\Lib\site-packages\langsmith\evaluation\evaluator.py", line 791, in wrapper
    return func(*args, **kwargs)
  File "C:\Users\apaks\AppData\Local\Temp\ipykernel_11624\2577169244.py", line 16, in groundedness
    "score": grade["score"],
             ~~~~~^^^^^^^^^
KeyError: 'score'
[ 2026-08-05 23:58:14,552] 1025 httpx - INFO - HTTP Request: POST https://api.openai.com/v1/chat/completions "HTTP/1.1 200 OK"
[ 2026-08-05 23:58:14,568] 1735 langsmith.evaluation._runner - ERROR - Error running evaluator <DynamicRunEvaluator relevance> on run 019fd425-e4ae-7242-bcca-a561a345b9a1: KeyError('score')
Traceback (most recent call last):
  File "c:\Users\apaks\projects\YT-RAG\.venv\Lib\site-packages\langsmith\evaluation\_runner.py", line 1689, in _run_evaluators
    evaluator_response = evaluator.evaluate_run(  # type: ignore[call-arg]
        run=run,
        example=example,
        evaluator_run_id=evaluator_run_id,
    )
  File "c:\Users\apaks\projects\YT-RAG\.venv\Lib\site-packages\langsmith\evaluation\evaluator.py", line 370, in evaluate_run
    result = self.func(
        run,
        example,
        langsmith_extra={"run_id": evaluator_run_id, "metadata": metadata},
    )
  File "c:\Users\apaks\projects\YT-RAG\.venv\Lib\site-packages\langsmith\run_helpers.py", line 777, in wrapper
    function_result = run_container["context"].run(
        func, *args, **kwargs
    )
  File "c:\Users\apaks\projects\YT-RAG\.venv\Lib\site-packages\langsmith\evaluation\evaluator.py", line 791, in wrapper
    return func(*args, **kwargs)
  File "C:\Users\apaks\AppData\Local\Temp\ipykernel_11624\1838866583.py", line 19, in relevance
    "score": grade["score"],
             ~~~~~^^^^^^^^^
KeyError: 'score'
[ 2026-08-05 23:58:16,373] 1025 httpx - INFO - HTTP Request: POST https://api.openai.com/v1/chat/completions "HTTP/1.1 200 OK"
[ 2026-08-05 23:58:16,410] 1735 langsmith.evaluation._runner - ERROR - Error running evaluator <DynamicRunEvaluator retrieval_relevance> on run 019fd425-e4ae-7242-bcca-a561a345b9a1: KeyError('score')
Traceback (most recent call last):
  File "c:\Users\apaks\projects\YT-RAG\.venv\Lib\site-packages\langsmith\evaluation\_runner.py", line 1689, in _run_evaluators
    evaluator_response = evaluator.evaluate_run(  # type: ignore[call-arg]
        run=run,
        example=example,
        evaluator_run_id=evaluator_run_id,
    )
  File "c:\Users\apaks\projects\YT-RAG\.venv\Lib\site-packages\langsmith\evaluation\evaluator.py", line 370, in evaluate_run
    result = self.func(
        run,
        example,
        langsmith_extra={"run_id": evaluator_run_id, "metadata": metadata},
    )
  File "c:\Users\apaks\projects\YT-RAG\.venv\Lib\site-packages\langsmith\run_helpers.py", line 777, in wrapper
    function_result = run_container["context"].run(
        func, *args, **kwargs
    )
  File "c:\Users\apaks\projects\YT-RAG\.venv\Lib\site-packages\langsmith\evaluation\evaluator.py", line 791, in wrapper
    return func(*args, **kwargs)
  File "C:\Users\apaks\AppData\Local\Temp\ipykernel_11624\1665307396.py", line 15, in retrieval_relevance
    "score": grade["score"],
             ~~~~~^^^^^^^^^
KeyError: 'score'
[ 2026-08-05 23:58:16,419] 1735 langsmith.evaluation._runner - ERROR - Error running evaluator <DynamicRunEvaluator timestamp_error> on run 019fd425-e4ae-7242-bcca-a561a345b9a1: KeyError('timestamp')
Traceback (most recent call last):
  File "c:\Users\apaks\projects\YT-RAG\.venv\Lib\site-packages\langsmith\evaluation\_runner.py", line 1689, in _run_evaluators
    evaluator_response = evaluator.evaluate_run(  # type: ignore[call-arg]
        run=run,
        example=example,
        evaluator_run_id=evaluator_run_id,
    )
  File "c:\Users\apaks\projects\YT-RAG\.venv\Lib\site-packages\langsmith\evaluation\evaluator.py", line 370, in evaluate_run
    result = self.func(
        run,
        example,
        langsmith_extra={"run_id": evaluator_run_id, "metadata": metadata},
    )
  File "c:\Users\apaks\projects\YT-RAG\.venv\Lib\site-packages\langsmith\run_helpers.py", line 777, in wrapper
    function_result = run_container["context"].run(
        func, *args, **kwargs
    )
  File "c:\Users\apaks\projects\YT-RAG\.venv\Lib\site-packages\langsmith\evaluation\evaluator.py", line 791, in wrapper
    return func(*args, **kwargs)
  File "C:\Users\apaks\AppData\Local\Temp\ipykernel_11624\2392817594.py", line 2, in timestamp_error
    correct_ts = reference_outputs['timestamp']
                 ~~~~~~~~~~~~~~~~~^^^^^^^^^^^^^
KeyError: 'timestamp'
[ 2026-08-05 23:58:16,432] 26 root - INFO - [INFO] Pickle file faiss_store\metadata.pkl loaded
[ 2026-08-05 23:58:16,433] 80 root - INFO - [INFO] Faiss index and Metadata loaded
[ 2026-08-05 23:58:16,433] 40 root - INFO - [INFO] Existing vetorstore loaded
[ 2026-08-05 23:58:16,435] 49 root - INFO - [INFO] OpenAI chat model initialised: gpt-4o-mini
[ 2026-08-05 23:58:16,435] 26 root - INFO - [INFO] Loading Embedding Model: text-embedding-3-large
[ 2026-08-05 23:58:18,705] 1025 httpx - INFO - HTTP Request: POST https://api.openai.com/v1/embeddings "HTTP/1.1 200 OK"
[ 2026-08-05 23:58:18,710] 64 root - INFO - [INFO] Query embedding generated for query: What is the limitation of relying on language as a 'crutch' for vision systems?. Query embedding dimension: (1, 3072)
[ 2026-08-05 23:58:18,712] 26 root - INFO - [INFO] Pickle file faiss_store\metadata.pkl loaded
[ 2026-08-05 23:58:18,712] 80 root - INFO - [INFO] Faiss index and Metadata loaded
[ 2026-08-05 23:58:18,713] 104 root - INFO - [INFO] Vectorestore search for nearest vectors completed for query embedding of dimension (1, 3072)
[ 2026-08-05 23:58:18,713] 84 root - INFO - [INFO] Query search completed. Relevant context extracted for query: What is the limitation of relying on language as a 'crutch' for vision systems?
[ 2026-08-05 23:58:18,714] 103 root - INFO - [INFO] Prompt with context and query loaded
[ 2026-08-05 23:58:20,776] 1025 httpx - INFO - HTTP Request: POST https://api.openai.com/v1/chat/completions "HTTP/1.1 200 OK"
[ 2026-08-05 23:58:20,780] 106 root - INFO - [INFO] Response generated by llm for the query: What is the lim..
[ 2026-08-05 23:58:20,780] 115 root - INFO - [INFO] Fetching timestamps for the reveant chunks
[ 2026-08-05 23:58:20,780] 120 root - INFO - [INFO] Timestamps succesfully fetched
[ 2026-08-05 23:58:23,694] 1025 httpx - INFO - HTTP Request: POST https://api.openai.com/v1/chat/completions "HTTP/1.1 200 OK"
[ 2026-08-05 23:58:23,707] 1735 langsmith.evaluation._runner - ERROR - Error running evaluator <DynamicRunEvaluator correctness> on run 019fd426-20e9-7db0-9d6d-5373d4a4b4b3: KeyError('score')
Traceback (most recent call last):
  File "c:\Users\apaks\projects\YT-RAG\.venv\Lib\site-packages\langsmith\evaluation\_runner.py", line 1689, in _run_evaluators
    evaluator_response = evaluator.evaluate_run(  # type: ignore[call-arg]
        run=run,
        example=example,
        evaluator_run_id=evaluator_run_id,
    )
  File "c:\Users\apaks\projects\YT-RAG\.venv\Lib\site-packages\langsmith\evaluation\evaluator.py", line 370, in evaluate_run
    result = self.func(
        run,
        example,
        langsmith_extra={"run_id": evaluator_run_id, "metadata": metadata},
    )
  File "c:\Users\apaks\projects\YT-RAG\.venv\Lib\site-packages\langsmith\run_helpers.py", line 777, in wrapper
    function_result = run_container["context"].run(
        func, *args, **kwargs
    )
  File "c:\Users\apaks\projects\YT-RAG\.venv\Lib\site-packages\langsmith\evaluation\evaluator.py", line 791, in wrapper
    return func(*args, **kwargs)
  File "C:\Users\apaks\AppData\Local\Temp\ipykernel_11624\2218830078.py", line 21, in correctness
    "score": grade["score"],
             ~~~~~^^^^^^^^^
KeyError: 'score'
[ 2026-08-05 23:58:25,746] 1025 httpx - INFO - HTTP Request: POST https://api.openai.com/v1/chat/completions "HTTP/1.1 200 OK"
[ 2026-08-05 23:58:25,754] 1735 langsmith.evaluation._runner - ERROR - Error running evaluator <DynamicRunEvaluator groundedness> on run 019fd426-20e9-7db0-9d6d-5373d4a4b4b3: KeyError('score')
Traceback (most recent call last):
  File "c:\Users\apaks\projects\YT-RAG\.venv\Lib\site-packages\langsmith\evaluation\_runner.py", line 1689, in _run_evaluators
    evaluator_response = evaluator.evaluate_run(  # type: ignore[call-arg]
        run=run,
        example=example,
        evaluator_run_id=evaluator_run_id,
    )
  File "c:\Users\apaks\projects\YT-RAG\.venv\Lib\site-packages\langsmith\evaluation\evaluator.py", line 370, in evaluate_run
    result = self.func(
        run,
        example,
        langsmith_extra={"run_id": evaluator_run_id, "metadata": metadata},
    )
  File "c:\Users\apaks\projects\YT-RAG\.venv\Lib\site-packages\langsmith\run_helpers.py", line 777, in wrapper
    function_result = run_container["context"].run(
        func, *args, **kwargs
    )
  File "c:\Users\apaks\projects\YT-RAG\.venv\Lib\site-packages\langsmith\evaluation\evaluator.py", line 791, in wrapper
    return func(*args, **kwargs)
  File "C:\Users\apaks\AppData\Local\Temp\ipykernel_11624\2577169244.py", line 16, in groundedness
    "score": grade["score"],
             ~~~~~^^^^^^^^^
KeyError: 'score'
[ 2026-08-05 23:58:27,245] 1025 httpx - INFO - HTTP Request: POST https://api.openai.com/v1/chat/completions "HTTP/1.1 200 OK"
[ 2026-08-05 23:58:27,256] 1735 langsmith.evaluation._runner - ERROR - Error running evaluator <DynamicRunEvaluator relevance> on run 019fd426-20e9-7db0-9d6d-5373d4a4b4b3: KeyError('score')
Traceback (most recent call last):
  File "c:\Users\apaks\projects\YT-RAG\.venv\Lib\site-packages\langsmith\evaluation\_runner.py", line 1689, in _run_evaluators
    evaluator_response = evaluator.evaluate_run(  # type: ignore[call-arg]
        run=run,
        example=example,
        evaluator_run_id=evaluator_run_id,
    )
  File "c:\Users\apaks\projects\YT-RAG\.venv\Lib\site-packages\langsmith\evaluation\evaluator.py", line 370, in evaluate_run
    result = self.func(
        run,
        example,
        langsmith_extra={"run_id": evaluator_run_id, "metadata": metadata},
    )
  File "c:\Users\apaks\projects\YT-RAG\.venv\Lib\site-packages\langsmith\run_helpers.py", line 777, in wrapper
    function_result = run_container["context"].run(
        func, *args, **kwargs
    )
  File "c:\Users\apaks\projects\YT-RAG\.venv\Lib\site-packages\langsmith\evaluation\evaluator.py", line 791, in wrapper
    return func(*args, **kwargs)
  File "C:\Users\apaks\AppData\Local\Temp\ipykernel_11624\1838866583.py", line 19, in relevance
    "score": grade["score"],
             ~~~~~^^^^^^^^^
KeyError: 'score'
[ 2026-08-05 23:58:29,152] 1025 httpx - INFO - HTTP Request: POST https://api.openai.com/v1/chat/completions "HTTP/1.1 200 OK"
[ 2026-08-05 23:58:29,170] 1735 langsmith.evaluation._runner - ERROR - Error running evaluator <DynamicRunEvaluator retrieval_relevance> on run 019fd426-20e9-7db0-9d6d-5373d4a4b4b3: KeyError('score')
Traceback (most recent call last):
  File "c:\Users\apaks\projects\YT-RAG\.venv\Lib\site-packages\langsmith\evaluation\_runner.py", line 1689, in _run_evaluators
    evaluator_response = evaluator.evaluate_run(  # type: ignore[call-arg]
        run=run,
        example=example,
        evaluator_run_id=evaluator_run_id,
    )
  File "c:\Users\apaks\projects\YT-RAG\.venv\Lib\site-packages\langsmith\evaluation\evaluator.py", line 370, in evaluate_run
    result = self.func(
        run,
        example,
        langsmith_extra={"run_id": evaluator_run_id, "metadata": metadata},
    )
  File "c:\Users\apaks\projects\YT-RAG\.venv\Lib\site-packages\langsmith\run_helpers.py", line 777, in wrapper
    function_result = run_container["context"].run(
        func, *args, **kwargs
    )
  File "c:\Users\apaks\projects\YT-RAG\.venv\Lib\site-packages\langsmith\evaluation\evaluator.py", line 791, in wrapper
    return func(*args, **kwargs)
  File "C:\Users\apaks\AppData\Local\Temp\ipykernel_11624\1665307396.py", line 15, in retrieval_relevance
    "score": grade["score"],
             ~~~~~^^^^^^^^^
KeyError: 'score'
[ 2026-08-05 23:58:29,178] 1735 langsmith.evaluation._runner - ERROR - Error running evaluator <DynamicRunEvaluator timestamp_error> on run 019fd426-20e9-7db0-9d6d-5373d4a4b4b3: KeyError('timestamp')
Traceback (most recent call last):
  File "c:\Users\apaks\projects\YT-RAG\.venv\Lib\site-packages\langsmith\evaluation\_runner.py", line 1689, in _run_evaluators
    evaluator_response = evaluator.evaluate_run(  # type: ignore[call-arg]
        run=run,
        example=example,
        evaluator_run_id=evaluator_run_id,
    )
  File "c:\Users\apaks\projects\YT-RAG\.venv\Lib\site-packages\langsmith\evaluation\evaluator.py", line 370, in evaluate_run
    result = self.func(
        run,
        example,
        langsmith_extra={"run_id": evaluator_run_id, "metadata": metadata},
    )
  File "c:\Users\apaks\projects\YT-RAG\.venv\Lib\site-packages\langsmith\run_helpers.py", line 777, in wrapper
    function_result = run_container["context"].run(
        func, *args, **kwargs
    )
  File "c:\Users\apaks\projects\YT-RAG\.venv\Lib\site-packages\langsmith\evaluation\evaluator.py", line 791, in wrapper
    return func(*args, **kwargs)
  File "C:\Users\apaks\AppData\Local\Temp\ipykernel_11624\2392817594.py", line 2, in timestamp_error
    correct_ts = reference_outputs['timestamp']
                 ~~~~~~~~~~~~~~~~~^^^^^^^^^^^^^
KeyError: 'timestamp'
[ 2026-08-05 23:58:29,191] 26 root - INFO - [INFO] Pickle file faiss_store\metadata.pkl loaded
[ 2026-08-05 23:58:29,192] 80 root - INFO - [INFO] Faiss index and Metadata loaded
[ 2026-08-05 23:58:29,192] 40 root - INFO - [INFO] Existing vetorstore loaded
[ 2026-08-05 23:58:29,198] 49 root - INFO - [INFO] OpenAI chat model initialised: gpt-4o-mini
[ 2026-08-05 23:58:29,199] 26 root - INFO - [INFO] Loading Embedding Model: text-embedding-3-large
[ 2026-08-05 23:58:32,051] 1025 httpx - INFO - HTTP Request: POST https://api.openai.com/v1/embeddings "HTTP/1.1 200 OK"
[ 2026-08-05 23:58:32,054] 64 root - INFO - [INFO] Query embedding generated for query: What is the concern regarding AI models becoming 'woke'?. Query embedding dimension: (1, 3072)
[ 2026-08-05 23:58:32,056] 26 root - INFO - [INFO] Pickle file faiss_store\metadata.pkl loaded
[ 2026-08-05 23:58:32,056] 80 root - INFO - [INFO] Faiss index and Metadata loaded
[ 2026-08-05 23:58:32,056] 104 root - INFO - [INFO] Vectorestore search for nearest vectors completed for query embedding of dimension (1, 3072)
[ 2026-08-05 23:58:32,057] 84 root - INFO - [INFO] Query search completed. Relevant context extracted for query: What is the concern regarding AI models becoming 'woke'?
[ 2026-08-05 23:58:32,057] 103 root - INFO - [INFO] Prompt with context and query loaded
[ 2026-08-05 23:58:33,956] 1025 httpx - INFO - HTTP Request: POST https://api.openai.com/v1/chat/completions "HTTP/1.1 200 OK"
[ 2026-08-05 23:58:33,961] 106 root - INFO - [INFO] Response generated by llm for the query: What is the con..
[ 2026-08-05 23:58:33,962] 115 root - INFO - [INFO] Fetching timestamps for the reveant chunks
[ 2026-08-05 23:58:33,962] 120 root - INFO - [INFO] Timestamps succesfully fetched
[ 2026-08-05 23:58:35,991] 1025 httpx - INFO - HTTP Request: POST https://api.openai.com/v1/chat/completions "HTTP/1.1 200 OK"
[ 2026-08-05 23:58:36,010] 1735 langsmith.evaluation._runner - ERROR - Error running evaluator <DynamicRunEvaluator correctness> on run 019fd426-52c2-7492-a8a7-25596e0ee239: KeyError('score')
Traceback (most recent call last):
  File "c:\Users\apaks\projects\YT-RAG\.venv\Lib\site-packages\langsmith\evaluation\_runner.py", line 1689, in _run_evaluators
    evaluator_response = evaluator.evaluate_run(  # type: ignore[call-arg]
        run=run,
        example=example,
        evaluator_run_id=evaluator_run_id,
    )
  File "c:\Users\apaks\projects\YT-RAG\.venv\Lib\site-packages\langsmith\evaluation\evaluator.py", line 370, in evaluate_run
    result = self.func(
        run,
        example,
        langsmith_extra={"run_id": evaluator_run_id, "metadata": metadata},
    )
  File "c:\Users\apaks\projects\YT-RAG\.venv\Lib\site-packages\langsmith\run_helpers.py", line 777, in wrapper
    function_result = run_container["context"].run(
        func, *args, **kwargs
    )
  File "c:\Users\apaks\projects\YT-RAG\.venv\Lib\site-packages\langsmith\evaluation\evaluator.py", line 791, in wrapper
    return func(*args, **kwargs)
  File "C:\Users\apaks\AppData\Local\Temp\ipykernel_11624\2218830078.py", line 21, in correctness
    "score": grade["score"],
             ~~~~~^^^^^^^^^
KeyError: 'score'
[ 2026-08-05 23:58:38,924] 1025 httpx - INFO - HTTP Request: POST https://api.openai.com/v1/chat/completions "HTTP/1.1 200 OK"
[ 2026-08-05 23:58:38,934] 1735 langsmith.evaluation._runner - ERROR - Error running evaluator <DynamicRunEvaluator groundedness> on run 019fd426-52c2-7492-a8a7-25596e0ee239: KeyError('score')
Traceback (most recent call last):
  File "c:\Users\apaks\projects\YT-RAG\.venv\Lib\site-packages\langsmith\evaluation\_runner.py", line 1689, in _run_evaluators
    evaluator_response = evaluator.evaluate_run(  # type: ignore[call-arg]
        run=run,
        example=example,
        evaluator_run_id=evaluator_run_id,
    )
  File "c:\Users\apaks\projects\YT-RAG\.venv\Lib\site-packages\langsmith\evaluation\evaluator.py", line 370, in evaluate_run
    result = self.func(
        run,
        example,
        langsmith_extra={"run_id": evaluator_run_id, "metadata": metadata},
    )
  File "c:\Users\apaks\projects\YT-RAG\.venv\Lib\site-packages\langsmith\run_helpers.py", line 777, in wrapper
    function_result = run_container["context"].run(
        func, *args, **kwargs
    )
  File "c:\Users\apaks\projects\YT-RAG\.venv\Lib\site-packages\langsmith\evaluation\evaluator.py", line 791, in wrapper
    return func(*args, **kwargs)
  File "C:\Users\apaks\AppData\Local\Temp\ipykernel_11624\2577169244.py", line 16, in groundedness
    "score": grade["score"],
             ~~~~~^^^^^^^^^
KeyError: 'score'
[ 2026-08-05 23:58:40,450] 1025 httpx - INFO - HTTP Request: POST https://api.openai.com/v1/chat/completions "HTTP/1.1 200 OK"
[ 2026-08-05 23:58:40,465] 1735 langsmith.evaluation._runner - ERROR - Error running evaluator <DynamicRunEvaluator relevance> on run 019fd426-52c2-7492-a8a7-25596e0ee239: KeyError('score')
Traceback (most recent call last):
  File "c:\Users\apaks\projects\YT-RAG\.venv\Lib\site-packages\langsmith\evaluation\_runner.py", line 1689, in _run_evaluators
    evaluator_response = evaluator.evaluate_run(  # type: ignore[call-arg]
        run=run,
        example=example,
        evaluator_run_id=evaluator_run_id,
    )
  File "c:\Users\apaks\projects\YT-RAG\.venv\Lib\site-packages\langsmith\evaluation\evaluator.py", line 370, in evaluate_run
    result = self.func(
        run,
        example,
        langsmith_extra={"run_id": evaluator_run_id, "metadata": metadata},
    )
  File "c:\Users\apaks\projects\YT-RAG\.venv\Lib\site-packages\langsmith\run_helpers.py", line 777, in wrapper
    function_result = run_container["context"].run(
        func, *args, **kwargs
    )
  File "c:\Users\apaks\projects\YT-RAG\.venv\Lib\site-packages\langsmith\evaluation\evaluator.py", line 791, in wrapper
    return func(*args, **kwargs)
  File "C:\Users\apaks\AppData\Local\Temp\ipykernel_11624\1838866583.py", line 19, in relevance
    "score": grade["score"],
             ~~~~~^^^^^^^^^
KeyError: 'score'
[ 2026-08-05 23:58:43,015] 1025 httpx - INFO - HTTP Request: POST https://api.openai.com/v1/chat/completions "HTTP/1.1 200 OK"
[ 2026-08-05 23:58:43,063] 1735 langsmith.evaluation._runner - ERROR - Error running evaluator <DynamicRunEvaluator retrieval_relevance> on run 019fd426-52c2-7492-a8a7-25596e0ee239: KeyError('score')
Traceback (most recent call last):
  File "c:\Users\apaks\projects\YT-RAG\.venv\Lib\site-packages\langsmith\evaluation\_runner.py", line 1689, in _run_evaluators
    evaluator_response = evaluator.evaluate_run(  # type: ignore[call-arg]
        run=run,
        example=example,
        evaluator_run_id=evaluator_run_id,
    )
  File "c:\Users\apaks\projects\YT-RAG\.venv\Lib\site-packages\langsmith\evaluation\evaluator.py", line 370, in evaluate_run
    result = self.func(
        run,
        example,
        langsmith_extra={"run_id": evaluator_run_id, "metadata": metadata},
    )
  File "c:\Users\apaks\projects\YT-RAG\.venv\Lib\site-packages\langsmith\run_helpers.py", line 777, in wrapper
    function_result = run_container["context"].run(
        func, *args, **kwargs
    )
  File "c:\Users\apaks\projects\YT-RAG\.venv\Lib\site-packages\langsmith\evaluation\evaluator.py", line 791, in wrapper
    return func(*args, **kwargs)
  File "C:\Users\apaks\AppData\Local\Temp\ipykernel_11624\1665307396.py", line 15, in retrieval_relevance
    "score": grade["score"],
             ~~~~~^^^^^^^^^
KeyError: 'score'
[ 2026-08-05 23:58:43,070] 1735 langsmith.evaluation._runner - ERROR - Error running evaluator <DynamicRunEvaluator timestamp_error> on run 019fd426-52c2-7492-a8a7-25596e0ee239: KeyError('timestamp')
Traceback (most recent call last):
  File "c:\Users\apaks\projects\YT-RAG\.venv\Lib\site-packages\langsmith\evaluation\_runner.py", line 1689, in _run_evaluators
    evaluator_response = evaluator.evaluate_run(  # type: ignore[call-arg]
        run=run,
        example=example,
        evaluator_run_id=evaluator_run_id,
    )
  File "c:\Users\apaks\projects\YT-RAG\.venv\Lib\site-packages\langsmith\evaluation\evaluator.py", line 370, in evaluate_run
    result = self.func(
        run,
        example,
        langsmith_extra={"run_id": evaluator_run_id, "metadata": metadata},
    )
  File "c:\Users\apaks\projects\YT-RAG\.venv\Lib\site-packages\langsmith\run_helpers.py", line 777, in wrapper
    function_result = run_container["context"].run(
        func, *args, **kwargs
    )
  File "c:\Users\apaks\projects\YT-RAG\.venv\Lib\site-packages\langsmith\evaluation\evaluator.py", line 791, in wrapper
    return func(*args, **kwargs)
  File "C:\Users\apaks\AppData\Local\Temp\ipykernel_11624\2392817594.py", line 2, in timestamp_error
    correct_ts = reference_outputs['timestamp']
                 ~~~~~~~~~~~~~~~~~^^^^^^^^^^^^^
KeyError: 'timestamp'
[ 2026-08-05 23:58:43,084] 26 root - INFO - [INFO] Pickle file faiss_store\metadata.pkl loaded
[ 2026-08-05 23:58:43,084] 80 root - INFO - [INFO] Faiss index and Metadata loaded
[ 2026-08-05 23:58:43,084] 40 root - INFO - [INFO] Existing vetorstore loaded
[ 2026-08-05 23:58:43,086] 49 root - INFO - [INFO] OpenAI chat model initialised: gpt-4o-mini
[ 2026-08-05 23:58:43,086] 26 root - INFO - [INFO] Loading Embedding Model: text-embedding-3-large
[ 2026-08-05 23:58:46,808] 1025 httpx - INFO - HTTP Request: POST https://api.openai.com/v1/embeddings "HTTP/1.1 200 OK"
[ 2026-08-05 23:58:46,814] 64 root - INFO - [INFO] Query embedding generated for query: How does LeCun view the role of reinforcement learning (RL) in his proposed architecture?. Query embedding dimension: (1, 3072)
[ 2026-08-05 23:58:46,818] 26 root - INFO - [INFO] Pickle file faiss_store\metadata.pkl loaded
[ 2026-08-05 23:58:46,818] 80 root - INFO - [INFO] Faiss index and Metadata loaded
[ 2026-08-05 23:58:46,819] 104 root - INFO - [INFO] Vectorestore search for nearest vectors completed for query embedding of dimension (1, 3072)
[ 2026-08-05 23:58:46,819] 84 root - INFO - [INFO] Query search completed. Relevant context extracted for query: How does LeCun view the role of reinforcement learning (RL) in his proposed architecture?
[ 2026-08-05 23:58:46,820] 103 root - INFO - [INFO] Prompt with context and query loaded
[ 2026-08-05 23:58:48,620] 1025 httpx - INFO - HTTP Request: POST https://api.openai.com/v1/chat/completions "HTTP/1.1 200 OK"
[ 2026-08-05 23:58:48,628] 106 root - INFO - [INFO] Response generated by llm for the query: How does LeCun ..
[ 2026-08-05 23:58:48,630] 115 root - INFO - [INFO] Fetching timestamps for the reveant chunks
[ 2026-08-05 23:58:48,630] 120 root - INFO - [INFO] Timestamps succesfully fetched
[ 2026-08-05 23:58:50,704] 1025 httpx - INFO - HTTP Request: POST https://api.openai.com/v1/chat/completions "HTTP/1.1 200 OK"
[ 2026-08-05 23:58:50,721] 1735 langsmith.evaluation._runner - ERROR - Error running evaluator <DynamicRunEvaluator correctness> on run 019fd426-8906-72b3-af04-fb7d182db8b9: KeyError('score')
Traceback (most recent call last):
  File "c:\Users\apaks\projects\YT-RAG\.venv\Lib\site-packages\langsmith\evaluation\_runner.py", line 1689, in _run_evaluators
    evaluator_response = evaluator.evaluate_run(  # type: ignore[call-arg]
        run=run,
        example=example,
        evaluator_run_id=evaluator_run_id,
    )
  File "c:\Users\apaks\projects\YT-RAG\.venv\Lib\site-packages\langsmith\evaluation\evaluator.py", line 370, in evaluate_run
    result = self.func(
        run,
        example,
        langsmith_extra={"run_id": evaluator_run_id, "metadata": metadata},
    )
  File "c:\Users\apaks\projects\YT-RAG\.venv\Lib\site-packages\langsmith\run_helpers.py", line 777, in wrapper
    function_result = run_container["context"].run(
        func, *args, **kwargs
    )
  File "c:\Users\apaks\projects\YT-RAG\.venv\Lib\site-packages\langsmith\evaluation\evaluator.py", line 791, in wrapper
    return func(*args, **kwargs)
  File "C:\Users\apaks\AppData\Local\Temp\ipykernel_11624\2218830078.py", line 21, in correctness
    "score": grade["score"],
             ~~~~~^^^^^^^^^
KeyError: 'score'
[ 2026-08-05 23:58:52,862] 1025 httpx - INFO - HTTP Request: POST https://api.openai.com/v1/chat/completions "HTTP/1.1 200 OK"
[ 2026-08-05 23:58:52,880] 1735 langsmith.evaluation._runner - ERROR - Error running evaluator <DynamicRunEvaluator groundedness> on run 019fd426-8906-72b3-af04-fb7d182db8b9: KeyError('score')
Traceback (most recent call last):
  File "c:\Users\apaks\projects\YT-RAG\.venv\Lib\site-packages\langsmith\evaluation\_runner.py", line 1689, in _run_evaluators
    evaluator_response = evaluator.evaluate_run(  # type: ignore[call-arg]
        run=run,
        example=example,
        evaluator_run_id=evaluator_run_id,
    )
  File "c:\Users\apaks\projects\YT-RAG\.venv\Lib\site-packages\langsmith\evaluation\evaluator.py", line 370, in evaluate_run
    result = self.func(
        run,
        example,
        langsmith_extra={"run_id": evaluator_run_id, "metadata": metadata},
    )
  File "c:\Users\apaks\projects\YT-RAG\.venv\Lib\site-packages\langsmith\run_helpers.py", line 777, in wrapper
    function_result = run_container["context"].run(
        func, *args, **kwargs
    )
  File "c:\Users\apaks\projects\YT-RAG\.venv\Lib\site-packages\langsmith\evaluation\evaluator.py", line 791, in wrapper
    return func(*args, **kwargs)
  File "C:\Users\apaks\AppData\Local\Temp\ipykernel_11624\2577169244.py", line 16, in groundedness
    "score": grade["score"],
             ~~~~~^^^^^^^^^
KeyError: 'score'
[ 2026-08-05 23:58:54,607] 1025 httpx - INFO - HTTP Request: POST https://api.openai.com/v1/chat/completions "HTTP/1.1 200 OK"
[ 2026-08-05 23:58:54,617] 1735 langsmith.evaluation._runner - ERROR - Error running evaluator <DynamicRunEvaluator relevance> on run 019fd426-8906-72b3-af04-fb7d182db8b9: KeyError('score')
Traceback (most recent call last):
  File "c:\Users\apaks\projects\YT-RAG\.venv\Lib\site-packages\langsmith\evaluation\_runner.py", line 1689, in _run_evaluators
    evaluator_response = evaluator.evaluate_run(  # type: ignore[call-arg]
        run=run,
        example=example,
        evaluator_run_id=evaluator_run_id,
    )
  File "c:\Users\apaks\projects\YT-RAG\.venv\Lib\site-packages\langsmith\evaluation\evaluator.py", line 370, in evaluate_run
    result = self.func(
        run,
        example,
        langsmith_extra={"run_id": evaluator_run_id, "metadata": metadata},
    )
  File "c:\Users\apaks\projects\YT-RAG\.venv\Lib\site-packages\langsmith\run_helpers.py", line 777, in wrapper
    function_result = run_container["context"].run(
        func, *args, **kwargs
    )
  File "c:\Users\apaks\projects\YT-RAG\.venv\Lib\site-packages\langsmith\evaluation\evaluator.py", line 791, in wrapper
    return func(*args, **kwargs)
  File "C:\Users\apaks\AppData\Local\Temp\ipykernel_11624\1838866583.py", line 19, in relevance
    "score": grade["score"],
             ~~~~~^^^^^^^^^
KeyError: 'score'
[ 2026-08-05 23:58:57,148] 1025 httpx - INFO - HTTP Request: POST https://api.openai.com/v1/chat/completions "HTTP/1.1 200 OK"
[ 2026-08-05 23:58:57,266] 1735 langsmith.evaluation._runner - ERROR - Error running evaluator <DynamicRunEvaluator retrieval_relevance> on run 019fd426-8906-72b3-af04-fb7d182db8b9: KeyError('score')
Traceback (most recent call last):
  File "c:\Users\apaks\projects\YT-RAG\.venv\Lib\site-packages\langsmith\evaluation\_runner.py", line 1689, in _run_evaluators
    evaluator_response = evaluator.evaluate_run(  # type: ignore[call-arg]
        run=run,
        example=example,
        evaluator_run_id=evaluator_run_id,
    )
  File "c:\Users\apaks\projects\YT-RAG\.venv\Lib\site-packages\langsmith\evaluation\evaluator.py", line 370, in evaluate_run
    result = self.func(
        run,
        example,
        langsmith_extra={"run_id": evaluator_run_id, "metadata": metadata},
    )
  File "c:\Users\apaks\projects\YT-RAG\.venv\Lib\site-packages\langsmith\run_helpers.py", line 777, in wrapper
    function_result = run_container["context"].run(
        func, *args, **kwargs
    )
  File "c:\Users\apaks\projects\YT-RAG\.venv\Lib\site-packages\langsmith\evaluation\evaluator.py", line 791, in wrapper
    return func(*args, **kwargs)
  File "C:\Users\apaks\AppData\Local\Temp\ipykernel_11624\1665307396.py", line 15, in retrieval_relevance
    "score": grade["score"],
             ~~~~~^^^^^^^^^
KeyError: 'score'
[ 2026-08-05 23:58:57,275] 1735 langsmith.evaluation._runner - ERROR - Error running evaluator <DynamicRunEvaluator timestamp_error> on run 019fd426-8906-72b3-af04-fb7d182db8b9: KeyError('timestamp')
Traceback (most recent call last):
  File "c:\Users\apaks\projects\YT-RAG\.venv\Lib\site-packages\langsmith\evaluation\_runner.py", line 1689, in _run_evaluators
    evaluator_response = evaluator.evaluate_run(  # type: ignore[call-arg]
        run=run,
        example=example,
        evaluator_run_id=evaluator_run_id,
    )
  File "c:\Users\apaks\projects\YT-RAG\.venv\Lib\site-packages\langsmith\evaluation\evaluator.py", line 370, in evaluate_run
    result = self.func(
        run,
        example,
        langsmith_extra={"run_id": evaluator_run_id, "metadata": metadata},
    )
  File "c:\Users\apaks\projects\YT-RAG\.venv\Lib\site-packages\langsmith\run_helpers.py", line 777, in wrapper
    function_result = run_container["context"].run(
        func, *args, **kwargs
    )
  File "c:\Users\apaks\projects\YT-RAG\.venv\Lib\site-packages\langsmith\evaluation\evaluator.py", line 791, in wrapper
    return func(*args, **kwargs)
  File "C:\Users\apaks\AppData\Local\Temp\ipykernel_11624\2392817594.py", line 2, in timestamp_error
    correct_ts = reference_outputs['timestamp']
                 ~~~~~~~~~~~~~~~~~^^^^^^^^^^^^^
KeyError: 'timestamp'
[ 2026-08-05 23:58:57,326] 26 root - INFO - [INFO] Pickle file faiss_store\metadata.pkl loaded
[ 2026-08-05 23:58:57,326] 80 root - INFO - [INFO] Faiss index and Metadata loaded
[ 2026-08-05 23:58:57,327] 40 root - INFO - [INFO] Existing vetorstore loaded
[ 2026-08-05 23:58:57,331] 49 root - INFO - [INFO] OpenAI chat model initialised: gpt-4o-mini
[ 2026-08-05 23:58:57,331] 26 root - INFO - [INFO] Loading Embedding Model: text-embedding-3-large
[ 2026-08-05 23:59:00,139] 1025 httpx - INFO - HTTP Request: POST https://api.openai.com/v1/embeddings "HTTP/1.1 200 OK"
[ 2026-08-05 23:59:00,143] 64 root - INFO - [INFO] Query embedding generated for query: What is the significance of the Marvack Paradox in the context of AI?. Query embedding dimension: (1, 3072)
[ 2026-08-05 23:59:00,147] 26 root - INFO - [INFO] Pickle file faiss_store\metadata.pkl loaded
[ 2026-08-05 23:59:00,147] 80 root - INFO - [INFO] Faiss index and Metadata loaded
[ 2026-08-05 23:59:00,148] 104 root - INFO - [INFO] Vectorestore search for nearest vectors completed for query embedding of dimension (1, 3072)
[ 2026-08-05 23:59:00,148] 84 root - INFO - [INFO] Query search completed. Relevant context extracted for query: What is the significance of the Marvack Paradox in the context of AI?
[ 2026-08-05 23:59:00,149] 103 root - INFO - [INFO] Prompt with context and query loaded
[ 2026-08-05 23:59:02,321] 1025 httpx - INFO - HTTP Request: POST https://api.openai.com/v1/chat/completions "HTTP/1.1 200 OK"
[ 2026-08-05 23:59:02,333] 106 root - INFO - [INFO] Response generated by llm for the query: What is the sig..
[ 2026-08-05 23:59:02,333] 115 root - INFO - [INFO] Fetching timestamps for the reveant chunks
[ 2026-08-05 23:59:02,333] 120 root - INFO - [INFO] Timestamps succesfully fetched
[ 2026-08-05 23:59:04,735] 1025 httpx - INFO - HTTP Request: POST https://api.openai.com/v1/chat/completions "HTTP/1.1 200 OK"
[ 2026-08-05 23:59:04,742] 1735 langsmith.evaluation._runner - ERROR - Error running evaluator <DynamicRunEvaluator correctness> on run 019fd426-c081-7583-b2e4-3ceff310462d: KeyError('score')
Traceback (most recent call last):
  File "c:\Users\apaks\projects\YT-RAG\.venv\Lib\site-packages\langsmith\evaluation\_runner.py", line 1689, in _run_evaluators
    evaluator_response = evaluator.evaluate_run(  # type: ignore[call-arg]
        run=run,
        example=example,
        evaluator_run_id=evaluator_run_id,
    )
  File "c:\Users\apaks\projects\YT-RAG\.venv\Lib\site-packages\langsmith\evaluation\evaluator.py", line 370, in evaluate_run
    result = self.func(
        run,
        example,
        langsmith_extra={"run_id": evaluator_run_id, "metadata": metadata},
    )
  File "c:\Users\apaks\projects\YT-RAG\.venv\Lib\site-packages\langsmith\run_helpers.py", line 777, in wrapper
    function_result = run_container["context"].run(
        func, *args, **kwargs
    )
  File "c:\Users\apaks\projects\YT-RAG\.venv\Lib\site-packages\langsmith\evaluation\evaluator.py", line 791, in wrapper
    return func(*args, **kwargs)
  File "C:\Users\apaks\AppData\Local\Temp\ipykernel_11624\2218830078.py", line 21, in correctness
    "score": grade["score"],
             ~~~~~^^^^^^^^^
KeyError: 'score'
[ 2026-08-05 23:59:09,330] 1025 httpx - INFO - HTTP Request: POST https://api.openai.com/v1/chat/completions "HTTP/1.1 200 OK"
[ 2026-08-05 23:59:09,340] 1735 langsmith.evaluation._runner - ERROR - Error running evaluator <DynamicRunEvaluator groundedness> on run 019fd426-c081-7583-b2e4-3ceff310462d: KeyError('score')
Traceback (most recent call last):
  File "c:\Users\apaks\projects\YT-RAG\.venv\Lib\site-packages\langsmith\evaluation\_runner.py", line 1689, in _run_evaluators
    evaluator_response = evaluator.evaluate_run(  # type: ignore[call-arg]
        run=run,
        example=example,
        evaluator_run_id=evaluator_run_id,
    )
  File "c:\Users\apaks\projects\YT-RAG\.venv\Lib\site-packages\langsmith\evaluation\evaluator.py", line 370, in evaluate_run
    result = self.func(
        run,
        example,
        langsmith_extra={"run_id": evaluator_run_id, "metadata": metadata},
    )
  File "c:\Users\apaks\projects\YT-RAG\.venv\Lib\site-packages\langsmith\run_helpers.py", line 777, in wrapper
    function_result = run_container["context"].run(
        func, *args, **kwargs
    )
  File "c:\Users\apaks\projects\YT-RAG\.venv\Lib\site-packages\langsmith\evaluation\evaluator.py", line 791, in wrapper
    return func(*args, **kwargs)
  File "C:\Users\apaks\AppData\Local\Temp\ipykernel_11624\2577169244.py", line 16, in groundedness
    "score": grade["score"],
             ~~~~~^^^^^^^^^
KeyError: 'score'
